=== Multirun plan ===
  all3_original          loop_subtypes=['AB-loop', 'C-loop']  steps=['data', 'prepare', 'shap', 'train', 'visualize']
  abloop_only            loop_subtypes=['AB-loop']  steps=['data', 'prepare', 'shap', 'train', 'visualize']
  cloop_only             loop_subtypes=['C-loop']  steps=['data', 'prepare', 'shap', 'train', 'visualize']
  mmp9_other             loop_subtypes=['C-loop']  steps=['data', 'prepare', 'shap', 'train', 'visualize']
  everything_combined    loop_subtypes=['AB-loop', 'C-loop']  steps=['data', 'prepare', 'shap', 'train', 'visualize']
[skip] derived_data/*.csv already present (--force to regenerate)

======================================================================
Variant: all3_original  ->  /home/ryangustafson/Documents/GitHubProj/PhD-Research/Local/esmc_multirun_small/all3_original
======================================================================

$ /home/ryangustafson/miniconda3/envs/esmc/bin/python data_prep.py --config multirun/configs_small/all3_original.yaml
  (cwd=/home/ryangustafson/Documents/GitHubProj/PhD-Research/ESM-C Classification, log=/home/ryangustafson/Documents/GitHubProj/PhD-Research/Local/esmc_multirun_small/all3_original/logs/data_prep.log)
--- Loading /home/ryangustafson/Documents/GitHubProj/PhD-Research/Data/TIMP3_Binding_Results/TIMP_binder_all.csv ---
  raw rows: 47958
  unique sequences after pivot: 47478 (resolved 1 conflicts, dropped 0 ties)

--- Split summary ---
train: 33234 seqs
        ADAM17  assayed=1570   pos=408    pos_rate=0.2599
        MMP3    assayed=26249  pos=24252  pos_rate=0.9239
        MMP9    assayed=5749   pos=3771   pos_rate=0.6559
  val: 7122 seqs
        ADAM17  assayed=378    pos=98     pos_rate=0.2593
        MMP3    assayed=5611   pos=5196   pos_rate=0.926
        MMP9    assayed=1204   pos=789    pos_rate=0.6553
 test: 7122 seqs
        ADAM17  assayed=347    pos=109    pos_rate=0.3141
        MMP3    assayed=5618   pos=5217   pos_rate=0.9286
        MMP9    assayed=1231   pos=814    pos_rate=0.6613

pos_weight (train n_neg/n_pos): {'ADAM17': 2.848, 'MMP3': 0.0823, 'MMP9': 0.5245}
Hamming-1 exposure (val/test loops within 1 edit of a train loop): {'val': 0.6349, 'test': 0.6432}

Saved splits + manifest to /home/ryangustafson/Documents/GitHubProj/PhD-Research/Local/esmc_multirun_small/all3_original/data
  [ok] 1.2 min

$ /home/ryangustafson/miniconda3/envs/esmc/bin/python train.py --config multirun/configs_small/all3_original.yaml --log-every 100
  (cwd=/home/ryangustafson/Documents/GitHubProj/PhD-Research/ESM-C Classification, log=/home/ryangustafson/Documents/GitHubProj/PhD-Research/Local/esmc_multirun_small/all3_original/logs/train.log)
Warning: You are sending unauthenticated requests to the HF Hub. Please set a HF_TOKEN to enable higher rate limits and faster downloads.
[transformers] A new version of the following files was downloaded from https://huggingface.co/Synthyra/ESMplusplus_small:
- fastplms_bundle.py
. Make sure to double-check they do not contain any added malicious code. To avoid downloading new versions of the code file, you can pin a revision.
[transformers] A new version of the following files was downloaded from https://huggingface.co/Synthyra/ESMplusplus_small:
- modeling_fastplms.py
- fastplms_bundle.py
. Make sure to double-check they do not contain any added malicious code. To avoid downloading new versions of the code file, you can pin a revision.
Device: cuda | model: Synthyra/ESMplusplus_small | pooling: loop
pos_weight: {'ADAM17': 2.848, 'MMP3': 0.082, 'MMP9': 0.525}
{'train': 33234, 'val': 7122, 'test': 7122}

Loading weights:   0%|          | 0/308 [00:00<?, ?it/s]
Loading weights:  41%|████      | 127/308 [00:00<00:00, 1266.65it/s]
Loading weights:  85%|████████▍ | 261/308 [00:00<00:00, 1305.74it/s]
Loading weights: 100%|██████████| 308/308 [00:00<00:00, 1306.86it/s]
precision: bfloat16 | loss-scaler: False

[Phase 1] heads only - trainable 462,723/333,459,907 params
[transformers] `use_return_dict` is deprecated! Use `return_dict` instead!
  P1 epoch 1/3: step 100/2078  loss=0.2460  3.1 it/s
  P1 epoch 1/3: step 200/2078  loss=0.1164  3.4 it/s
  P1 epoch 1/3: step 300/2078  loss=0.1675  3.5 it/s
  P1 epoch 1/3: step 400/2078  loss=0.1319  3.4 it/s
  P1 epoch 1/3: step 500/2078  loss=0.1703  3.4 it/s
  P1 epoch 1/3: step 600/2078  loss=0.3451  3.4 it/s
  P1 epoch 1/3: step 700/2078  loss=0.1490  3.4 it/s
  P1 epoch 1/3: step 800/2078  loss=0.2103  3.4 it/s
  P1 epoch 1/3: step 900/2078  loss=0.1910  3.4 it/s
  P1 epoch 1/3: step 1000/2078  loss=0.1902  3.4 it/s
  P1 epoch 1/3: step 1100/2078  loss=0.1318  3.5 it/s
  P1 epoch 1/3: step 1200/2078  loss=0.1286  3.4 it/s
  P1 epoch 1/3: step 1300/2078  loss=0.0790  3.4 it/s
  P1 epoch 1/3: step 1400/2078  loss=0.1901  3.4 it/s
  P1 epoch 1/3: step 1500/2078  loss=0.1093  3.4 it/s
  P1 epoch 1/3: step 1600/2078  loss=0.1175  3.4 it/s
  P1 epoch 1/3: step 1700/2078  loss=0.1783  3.4 it/s
  P1 epoch 1/3: step 1800/2078  loss=0.2567  3.4 it/s
  P1 epoch 1/3: step 1900/2078  loss=0.1523  3.5 it/s
  P1 epoch 1/3: step 2000/2078  loss=0.1867  3.4 it/s
  P1 epoch 1/3: step 2078/2078  loss=0.0379  3.4 it/s
  P1 ep1: train_loss=0.2034 val_pr_auc=0.7440
  P1 epoch 2/3: step 100/2078  loss=0.0841  3.4 it/s
  P1 epoch 2/3: step 200/2078  loss=0.2173  3.4 it/s
  P1 epoch 2/3: step 300/2078  loss=0.1370  3.4 it/s
  P1 epoch 2/3: step 400/2078  loss=0.1950  3.4 it/s
  P1 epoch 2/3: step 500/2078  loss=0.0792  3.4 it/s
  P1 epoch 2/3: step 600/2078  loss=0.0631  3.5 it/s
  P1 epoch 2/3: step 700/2078  loss=0.1712  3.4 it/s
  P1 epoch 2/3: step 800/2078  loss=0.2300  3.4 it/s
  P1 epoch 2/3: step 900/2078  loss=0.1059  3.4 it/s
  P1 epoch 2/3: step 1000/2078  loss=0.2586  3.4 it/s
  P1 epoch 2/3: step 1100/2078  loss=0.1699  3.4 it/s
  P1 epoch 2/3: step 1200/2078  loss=0.2016  3.4 it/s
  P1 epoch 2/3: step 1300/2078  loss=0.0833  3.4 it/s
  P1 epoch 2/3: step 1400/2078  loss=0.1134  3.4 it/s
  P1 epoch 2/3: step 1500/2078  loss=0.2340  3.5 it/s
  P1 epoch 2/3: step 1600/2078  loss=0.0868  3.4 it/s
  P1 epoch 2/3: step 1700/2078  loss=0.1090  3.4 it/s
  P1 epoch 2/3: step 1800/2078  loss=0.1647  3.4 it/s
  P1 epoch 2/3: step 1900/2078  loss=0.1611  3.4 it/s
  P1 epoch 2/3: step 2000/2078  loss=0.2076  3.4 it/s
  P1 epoch 2/3: step 2078/2078  loss=0.0545  3.4 it/s
  P1 ep2: train_loss=0.1920 val_pr_auc=0.7440
  P1 epoch 3/3: step 100/2078  loss=0.3403  3.4 it/s
  P1 epoch 3/3: step 200/2078  loss=0.2495  3.4 it/s
  P1 epoch 3/3: step 300/2078  loss=0.1327  3.4 it/s
  P1 epoch 3/3: step 400/2078  loss=0.1606  3.4 it/s
  P1 epoch 3/3: step 500/2078  loss=0.1042  3.4 it/s
  P1 epoch 3/3: step 600/2078  loss=0.1047  3.4 it/s
  P1 epoch 3/3: step 700/2078  loss=0.2491  3.4 it/s
  P1 epoch 3/3: step 800/2078  loss=0.1958  3.4 it/s
  P1 epoch 3/3: step 900/2078  loss=0.6315  3.5 it/s
  P1 epoch 3/3: step 1000/2078  loss=0.2836  3.4 it/s
  P1 epoch 3/3: step 1100/2078  loss=0.1370  3.4 it/s
  P1 epoch 3/3: step 1200/2078  loss=0.0814  3.4 it/s
  P1 epoch 3/3: step 1300/2078  loss=0.3314  3.4 it/s
  P1 epoch 3/3: step 1400/2078  loss=0.2649  3.4 it/s
  P1 epoch 3/3: step 1500/2078  loss=0.1482  3.4 it/s
  P1 epoch 3/3: step 1600/2078  loss=0.1994  3.4 it/s
  P1 epoch 3/3: step 1700/2078  loss=0.1513  3.4 it/s
  P1 epoch 3/3: step 1800/2078  loss=0.1737  3.5 it/s
  P1 epoch 3/3: step 1900/2078  loss=0.1601  3.4 it/s
  P1 epoch 3/3: step 2000/2078  loss=0.1250  3.4 it/s
  P1 epoch 3/3: step 2078/2078  loss=0.1141  3.4 it/s
  P1 ep3: train_loss=0.1903 val_pr_auc=0.7448

[Phase 2] unfreeze=6 - trainable 66,853,443/333,459,907 params
  P2 epoch 1/15: step 100/2078  loss=0.0519  2.9 it/s
  P2 epoch 1/15: step 200/2078  loss=0.2695  2.9 it/s
  P2 epoch 1/15: step 300/2078  loss=0.1780  2.9 it/s
  P2 epoch 1/15: step 400/2078  loss=0.1639  2.9 it/s
  P2 epoch 1/15: step 500/2078  loss=0.2271  2.8 it/s
  P2 epoch 1/15: step 600/2078  loss=0.2684  2.9 it/s
  P2 epoch 1/15: step 700/2078  loss=0.2250  2.8 it/s
  P2 epoch 1/15: step 800/2078  loss=0.2867  2.8 it/s
  P2 epoch 1/15: step 900/2078  loss=0.1589  2.9 it/s
  P2 epoch 1/15: step 1000/2078  loss=0.1064  2.9 it/s
  P2 epoch 1/15: step 1100/2078  loss=0.1449  2.9 it/s
  P2 epoch 1/15: step 1200/2078  loss=0.1981  2.9 it/s
  P2 epoch 1/15: step 1300/2078  loss=0.1081  2.9 it/s
  P2 epoch 1/15: step 1400/2078  loss=0.2175  2.9 it/s
  P2 epoch 1/15: step 1500/2078  loss=0.1082  2.9 it/s
  P2 epoch 1/15: step 1600/2078  loss=0.1573  2.9 it/s
  P2 epoch 1/15: step 1700/2078  loss=0.1930  2.9 it/s
  P2 epoch 1/15: step 1800/2078  loss=0.1156  2.9 it/s
  P2 epoch 1/15: step 1900/2078  loss=0.1009  2.9 it/s
  P2 epoch 1/15: step 2000/2078  loss=0.3184  2.9 it/s
  P2 epoch 1/15: step 2078/2078  loss=0.1826  3.0 it/s
  P2 ep1: train_loss=0.1954 val_pr_auc=0.7473
  P2 epoch 2/15: step 100/2078  loss=0.2299  2.9 it/s
  P2 epoch 2/15: step 200/2078  loss=0.1938  2.9 it/s
  P2 epoch 2/15: step 300/2078  loss=0.1446  2.9 it/s
  P2 epoch 2/15: step 400/2078  loss=0.1297  2.9 it/s
  P2 epoch 2/15: step 500/2078  loss=0.1810  2.9 it/s
  P2 epoch 2/15: step 600/2078  loss=0.1500  2.9 it/s
  P2 epoch 2/15: step 700/2078  loss=0.1747  2.9 it/s
  P2 epoch 2/15: step 800/2078  loss=0.1397  2.9 it/s
  P2 epoch 2/15: step 900/2078  loss=0.2507  2.9 it/s
  P2 epoch 2/15: step 1000/2078  loss=0.0935  2.9 it/s
  P2 epoch 2/15: step 1100/2078  loss=0.3108  2.9 it/s
  P2 epoch 2/15: step 1200/2078  loss=0.2496  3.0 it/s
  P2 epoch 2/15: step 1300/2078  loss=0.2599  2.9 it/s
  P2 epoch 2/15: step 1400/2078  loss=0.2043  2.9 it/s
  P2 epoch 2/15: step 1500/2078  loss=0.1076  2.9 it/s
  P2 epoch 2/15: step 1600/2078  loss=0.1314  2.9 it/s
  P2 epoch 2/15: step 1700/2078  loss=0.0864  2.9 it/s
  P2 epoch 2/15: step 1800/2078  loss=0.2007  2.9 it/s
  P2 epoch 2/15: step 1900/2078  loss=0.1875  2.9 it/s
  P2 epoch 2/15: step 2000/2078  loss=0.1543  2.9 it/s
  P2 epoch 2/15: step 2078/2078  loss=0.1238  2.9 it/s
  P2 ep2: train_loss=0.1858 val_pr_auc=0.7603
  P2 epoch 3/15: step 100/2078  loss=0.4803  2.9 it/s
  P2 epoch 3/15: step 200/2078  loss=0.0551  3.0 it/s
  P2 epoch 3/15: step 300/2078  loss=0.0981  2.9 it/s
  P2 epoch 3/15: step 400/2078  loss=0.1044  2.9 it/s
  P2 epoch 3/15: step 500/2078  loss=0.3353  3.0 it/s
  P2 epoch 3/15: step 600/2078  loss=0.1518  3.0 it/s
  P2 epoch 3/15: step 700/2078  loss=0.0494  2.9 it/s
  P2 epoch 3/15: step 800/2078  loss=0.0657  2.9 it/s
  P2 epoch 3/15: step 900/2078  loss=0.1177  2.9 it/s
  P2 epoch 3/15: step 1000/2078  loss=0.2275  2.9 it/s
  P2 epoch 3/15: step 1100/2078  loss=0.4279  3.0 it/s
  P2 epoch 3/15: step 1200/2078  loss=0.0719  2.9 it/s
  P2 epoch 3/15: step 1300/2078  loss=0.1185  2.9 it/s
  P2 epoch 3/15: step 1400/2078  loss=0.1589  2.9 it/s
  P2 epoch 3/15: step 1500/2078  loss=0.0670  2.9 it/s
  P2 epoch 3/15: step 1600/2078  loss=0.1368  2.9 it/s
  P2 epoch 3/15: step 1700/2078  loss=0.5413  2.9 it/s
  P2 epoch 3/15: step 1800/2078  loss=0.1845  2.9 it/s
  P2 epoch 3/15: step 1900/2078  loss=0.1640  2.9 it/s
  P2 epoch 3/15: step 2000/2078  loss=0.0728  2.9 it/s
  P2 epoch 3/15: step 2078/2078  loss=0.0622  2.9 it/s
  P2 ep3: train_loss=0.1782 val_pr_auc=0.7705
  P2 epoch 4/15: step 100/2078  loss=0.1261  2.9 it/s
  P2 epoch 4/15: step 200/2078  loss=0.0656  2.9 it/s
  P2 epoch 4/15: step 300/2078  loss=0.2292  2.9 it/s
  P2 epoch 4/15: step 400/2078  loss=0.1606  2.9 it/s
  P2 epoch 4/15: step 500/2078  loss=0.0606  2.9 it/s
  P2 epoch 4/15: step 600/2078  loss=0.3996  2.9 it/s
  P2 epoch 4/15: step 700/2078  loss=0.0743  2.9 it/s
  P2 epoch 4/15: step 800/2078  loss=0.0622  2.9 it/s
  P2 epoch 4/15: step 900/2078  loss=0.0883  2.9 it/s
  P2 epoch 4/15: step 1000/2078  loss=0.2700  2.9 it/s
  P2 epoch 4/15: step 1100/2078  loss=0.6091  2.9 it/s
  P2 epoch 4/15: step 1200/2078  loss=0.1345  2.9 it/s
  P2 epoch 4/15: step 1300/2078  loss=0.1386  2.9 it/s
  P2 epoch 4/15: step 1400/2078  loss=0.1193  2.9 it/s
  P2 epoch 4/15: step 1500/2078  loss=0.1589  2.9 it/s
  P2 epoch 4/15: step 1600/2078  loss=0.0533  2.9 it/s
  P2 epoch 4/15: step 1700/2078  loss=0.0913  2.9 it/s
  P2 epoch 4/15: step 1800/2078  loss=0.1198  2.9 it/s
  P2 epoch 4/15: step 1900/2078  loss=0.1204  2.9 it/s
  P2 epoch 4/15: step 2000/2078  loss=0.0510  2.9 it/s
  P2 epoch 4/15: step 2078/2078  loss=0.0204  3.0 it/s
  P2 ep4: train_loss=0.1694 val_pr_auc=0.7692
  P2 epoch 5/15: step 100/2078  loss=0.1507  2.9 it/s
  P2 epoch 5/15: step 200/2078  loss=0.0623  2.9 it/s
  P2 epoch 5/15: step 300/2078  loss=0.1772  2.9 it/s
  P2 epoch 5/15: step 400/2078  loss=0.9215  2.9 it/s
  P2 epoch 5/15: step 500/2078  loss=0.0961  2.9 it/s
  P2 epoch 5/15: step 600/2078  loss=0.1855  2.9 it/s
  P2 epoch 5/15: step 700/2078  loss=0.1420  2.9 it/s
  P2 epoch 5/15: step 800/2078  loss=0.2167  2.9 it/s
  P2 epoch 5/15: step 900/2078  loss=0.1111  2.9 it/s
  P2 epoch 5/15: step 1000/2078  loss=0.1049  2.9 it/s
  P2 epoch 5/15: step 1100/2078  loss=0.1133  2.9 it/s
  P2 epoch 5/15: step 1200/2078  loss=0.2818  2.9 it/s
  P2 epoch 5/15: step 1300/2078  loss=0.0900  2.9 it/s
  P2 epoch 5/15: step 1400/2078  loss=0.0628  2.9 it/s
  P2 epoch 5/15: step 1500/2078  loss=0.0842  2.9 it/s
  P2 epoch 5/15: step 1600/2078  loss=0.1426  2.9 it/s
  P2 epoch 5/15: step 1700/2078  loss=0.1182  2.9 it/s
  P2 epoch 5/15: step 1800/2078  loss=0.0963  2.9 it/s
  P2 epoch 5/15: step 1900/2078  loss=0.0341  2.9 it/s
  P2 epoch 5/15: step 2000/2078  loss=0.2944  2.9 it/s
  P2 epoch 5/15: step 2078/2078  loss=0.0250  3.0 it/s
  P2 ep5: train_loss=0.1589 val_pr_auc=0.7750
  P2 epoch 6/15: step 100/2078  loss=0.0330  2.9 it/s
  P2 epoch 6/15: step 200/2078  loss=0.2213  2.9 it/s
  P2 epoch 6/15: step 300/2078  loss=0.1747  2.9 it/s
  P2 epoch 6/15: step 400/2078  loss=0.0685  2.9 it/s
  P2 epoch 6/15: step 500/2078  loss=0.1510  2.9 it/s
  P2 epoch 6/15: step 600/2078  loss=0.4506  3.0 it/s
  P2 epoch 6/15: step 700/2078  loss=0.1463  2.9 it/s
  P2 epoch 6/15: step 800/2078  loss=0.0771  2.9 it/s
  P2 epoch 6/15: step 900/2078  loss=0.0494  3.0 it/s
  P2 epoch 6/15: step 1000/2078  loss=0.1785  2.9 it/s
  P2 epoch 6/15: step 1100/2078  loss=0.1601  2.9 it/s
  P2 epoch 6/15: step 1200/2078  loss=0.1711  3.0 it/s
  P2 epoch 6/15: step 1300/2078  loss=0.1472  3.0 it/s
  P2 epoch 6/15: step 1400/2078  loss=0.1027  3.0 it/s
  P2 epoch 6/15: step 1500/2078  loss=0.1597  3.0 it/s
  P2 epoch 6/15: step 1600/2078  loss=0.1165  3.0 it/s
  P2 epoch 6/15: step 1700/2078  loss=0.0919  2.9 it/s
  P2 epoch 6/15: step 1800/2078  loss=0.0201  2.9 it/s
  P2 epoch 6/15: step 1900/2078  loss=0.0313  3.0 it/s
  P2 epoch 6/15: step 2000/2078  loss=0.3159  2.9 it/s
  P2 epoch 6/15: step 2078/2078  loss=0.0068  3.0 it/s
  P2 ep6: train_loss=0.1448 val_pr_auc=0.7693
  P2 epoch 7/15: step 100/2078  loss=0.0229  2.9 it/s
  P2 epoch 7/15: step 200/2078  loss=0.0996  2.9 it/s
  P2 epoch 7/15: step 300/2078  loss=0.0495  2.9 it/s
  P2 epoch 7/15: step 400/2078  loss=0.0552  3.0 it/s
  P2 epoch 7/15: step 500/2078  loss=0.0300  2.9 it/s
  P2 epoch 7/15: step 600/2078  loss=0.1143  3.0 it/s
  P2 epoch 7/15: step 700/2078  loss=0.0881  3.0 it/s
  P2 epoch 7/15: step 800/2078  loss=0.0187  3.0 it/s
  P2 epoch 7/15: step 900/2078  loss=0.0670  2.9 it/s
  P2 epoch 7/15: step 1000/2078  loss=0.0731  3.0 it/s
  P2 epoch 7/15: step 1100/2078  loss=0.0376  3.0 it/s
  P2 epoch 7/15: step 1200/2078  loss=0.0528  3.0 it/s
  P2 epoch 7/15: step 1300/2078  loss=0.0491  3.0 it/s
  P2 epoch 7/15: step 1400/2078  loss=0.0952  2.9 it/s
  P2 epoch 7/15: step 1500/2078  loss=0.0629  2.9 it/s
  P2 epoch 7/15: step 1600/2078  loss=0.4854  2.9 it/s
  P2 epoch 7/15: step 1700/2078  loss=0.1614  2.9 it/s
  P2 epoch 7/15: step 1800/2078  loss=0.0544  2.9 it/s
  P2 epoch 7/15: step 1900/2078  loss=0.0474  2.9 it/s
  P2 epoch 7/15: step 2000/2078  loss=0.0524  2.9 it/s
  P2 epoch 7/15: step 2078/2078  loss=0.0027  2.9 it/s
  P2 ep7: train_loss=0.1273 val_pr_auc=0.7716
  P2 epoch 8/15: step 100/2078  loss=0.1926  2.9 it/s
  P2 epoch 8/15: step 200/2078  loss=0.1373  2.9 it/s
  P2 epoch 8/15: step 300/2078  loss=0.1910  3.0 it/s
  P2 epoch 8/15: step 400/2078  loss=0.0971  2.9 it/s
  P2 epoch 8/15: step 500/2078  loss=0.0878  2.9 it/s
  P2 epoch 8/15: step 600/2078  loss=0.0913  2.9 it/s
  P2 epoch 8/15: step 700/2078  loss=0.0349  3.0 it/s
  P2 epoch 8/15: step 800/2078  loss=0.1163  2.9 it/s
  P2 epoch 8/15: step 900/2078  loss=0.0375  3.0 it/s
  P2 epoch 8/15: step 1000/2078  loss=0.0715  2.9 it/s
  P2 epoch 8/15: step 1100/2078  loss=0.0536  2.9 it/s
  P2 epoch 8/15: step 1200/2078  loss=0.1494  2.9 it/s
  P2 epoch 8/15: step 1300/2078  loss=0.0816  2.9 it/s
  P2 epoch 8/15: step 1400/2078  loss=0.1176  2.9 it/s
  P2 epoch 8/15: step 1500/2078  loss=0.6688  2.9 it/s
  P2 epoch 8/15: step 1600/2078  loss=0.2422  2.9 it/s
  P2 epoch 8/15: step 1700/2078  loss=0.0228  3.0 it/s
  P2 epoch 8/15: step 1800/2078  loss=0.0377  2.9 it/s
  P2 epoch 8/15: step 1900/2078  loss=0.0148  3.0 it/s
  P2 epoch 8/15: step 2000/2078  loss=0.0728  3.0 it/s
  P2 epoch 8/15: step 2078/2078  loss=0.1121  3.0 it/s
  P2 ep8: train_loss=0.1067 val_pr_auc=0.7586
  early stop (no val improvement for 3 epochs)

Best val pr_auc: 0.7750
threshold_metric: fbeta (beta=0.5)

=== HELD-OUT TEST REPORT ===
target        n    pos pos_rate  pr_auc roc_auc     mcc      f1    f0.5
ADAM17      347    109    0.314   0.508   0.706   0.222   0.476   0.465
MMP3       5618   5217    0.929   0.981   0.810   0.249   0.943   0.946
MMP9       1231    814    0.661   0.865   0.790   0.420   0.775   0.808
thresholds: {'ADAM17': 0.476, 'MMP3': 0.257, 'MMP9': 0.64}

Saved model + meta + test report to /home/ryangustafson/Documents/GitHubProj/PhD-Research/Local/esmc_multirun_small/all3_original/model
  [ok] 155.0 min

$ /home/ryangustafson/miniconda3/envs/esmc/bin/python visualize.py --config multirun/configs_small/all3_original.yaml --split test --color-by target --out /home/ryangustafson/Documents/GitHubProj/PhD-Research/Local/esmc_multirun_small/all3_original/visualizations/target.png --model-dir /home/ryangustafson/Documents/GitHubProj/PhD-Research/Local/esmc_multirun_small/all3_original/model
  (cwd=/home/ryangustafson/Documents/GitHubProj/PhD-Research/ESM-C Classification, log=/home/ryangustafson/Documents/GitHubProj/PhD-Research/Local/esmc_multirun_small/all3_original/logs/visualize_target.log)
Warning: You are sending unauthenticated requests to the HF Hub. Please set a HF_TOKEN to enable higher rate limits and faster downloads.

Loading weights:   0%|          | 0/308 [00:00<?, ?it/s]
Loading weights:  38%|███▊      | 116/308 [00:00<00:00, 1148.90it/s]
Loading weights:  80%|███████▉  | 246/308 [00:00<00:00, 1234.32it/s]
Loading weights: 100%|██████████| 308/308 [00:00<00:00, 1238.47it/s]
[transformers] `use_return_dict` is deprecated! Use `return_dict` instead!
/home/ryangustafson/miniconda3/envs/esmc/lib/python3.11/site-packages/umap/umap_.py:1952: UserWarning: n_jobs value 1 overridden to 1 by setting random_state. Use no seed for parallelism.
  warn(
[info] subsampled to 5000 points
--- Embedding 5000 sequences (pooling=loop) ---
--- Reducing to 2D with UMAP ---

Saved plot to /home/ryangustafson/Documents/GitHubProj/PhD-Research/Local/esmc_multirun_small/all3_original/visualizations/target.png
Saved coordinates to /home/ryangustafson/Documents/GitHubProj/PhD-Research/Local/esmc_multirun_small/all3_original/visualizations/target.csv
  [ok] 2.8 min

$ /home/ryangustafson/miniconda3/envs/esmc/bin/python visualize.py --config multirun/configs_small/all3_original.yaml --split test --color-by binding --out /home/ryangustafson/Documents/GitHubProj/PhD-Research/Local/esmc_multirun_small/all3_original/visualizations/binding.png --model-dir /home/ryangustafson/Documents/GitHubProj/PhD-Research/Local/esmc_multirun_small/all3_original/model
  (cwd=/home/ryangustafson/Documents/GitHubProj/PhD-Research/ESM-C Classification, log=/home/ryangustafson/Documents/GitHubProj/PhD-Research/Local/esmc_multirun_small/all3_original/logs/visualize_binding.log)
Warning: You are sending unauthenticated requests to the HF Hub. Please set a HF_TOKEN to enable higher rate limits and faster downloads.

Loading weights:   0%|          | 0/308 [00:00<?, ?it/s]
Loading weights:  56%|█████▋    | 174/308 [00:00<00:00, 1734.89it/s]
Loading weights: 100%|██████████| 308/308 [00:00<00:00, 1966.86it/s]
[transformers] `use_return_dict` is deprecated! Use `return_dict` instead!
/home/ryangustafson/miniconda3/envs/esmc/lib/python3.11/site-packages/umap/umap_.py:1952: UserWarning: n_jobs value 1 overridden to 1 by setting random_state. Use no seed for parallelism.
  warn(
[info] subsampled to 5000 points
--- Embedding 5000 sequences (pooling=loop) ---
--- Reducing to 2D with UMAP ---

Saved plot to /home/ryangustafson/Documents/GitHubProj/PhD-Research/Local/esmc_multirun_small/all3_original/visualizations/binding.png
Saved coordinates to /home/ryangustafson/Documents/GitHubProj/PhD-Research/Local/esmc_multirun_small/all3_original/visualizations/binding.csv
  [ok] 2.6 min

$ /home/ryangustafson/miniconda3/envs/esmc/bin/python shap_hotspots.py --config multirun/configs_small/all3_original.yaml --loop-subtype AB-loop --n-explain 300 --background-size 50 --shap-chunk-size 10 --model-dir /home/ryangustafson/Documents/GitHubProj/PhD-Research/Local/esmc_multirun_small/all3_original/model
  (cwd=/home/ryangustafson/Documents/GitHubProj/PhD-Research/ESM-C Classification, log=/home/ryangustafson/Documents/GitHubProj/PhD-Research/Local/esmc_multirun_small/all3_original/logs/shap_abloop.log)
Warning: You are sending unauthenticated requests to the HF Hub. Please set a HF_TOKEN to enable higher rate limits and faster downloads.

Loading weights:   0%|          | 0/308 [00:00<?, ?it/s]
Loading weights:  57%|█████▋    | 175/308 [00:00<00:00, 1745.72it/s]
Loading weights: 100%|██████████| 308/308 [00:00<00:00, 1784.29it/s]
[transformers] `use_return_dict` is deprecated! Use `return_dict` instead!
distinct scaffolds outside the window (subtype=AB-loop): 1 (want 1)
window: char 30..35 | 3 targets: ['ADAM17', 'MMP3', 'MMP9']
43638 unique measured loops (subtype=AB-loop)
Running KernelSHAP: background=50, explain=300, positions=6 (=> 64 coalitions/instance), chunk_size=10
  10/300 explained  1.19 loops/min  ETA 243.8 min
  20/300 explained  1.19 loops/min  ETA 235.5 min
  30/300 explained  1.19 loops/min  ETA 227.2 min
  40/300 explained  1.19 loops/min  ETA 218.6 min
  50/300 explained  1.19 loops/min  ETA 210.1 min
  60/300 explained  1.19 loops/min  ETA 201.7 min
  70/300 explained  1.19 loops/min  ETA 193.3 min
  80/300 explained  1.19 loops/min  ETA 185.1 min
  90/300 explained  1.18 loops/min  ETA 177.5 min
  100/300 explained  1.28 loops/min  ETA 156.7 min
  110/300 explained  1.37 loops/min  ETA 138.5 min
  120/300 explained  1.47 loops/min  ETA 122.6 min
  130/300 explained  1.56 loops/min  ETA 108.9 min
  140/300 explained  1.59 loops/min  ETA 100.8 min
  150/300 explained  1.61 loops/min  ETA 92.9 min
  160/300 explained  1.64 loops/min  ETA 85.4 min
  170/300 explained  1.71 loops/min  ETA 75.8 min
  180/300 explained  1.71 loops/min  ETA 70.2 min
  190/300 explained  1.73 loops/min  ETA 63.6 min
  200/300 explained  1.69 loops/min  ETA 59.3 min
  210/300 explained  1.65 loops/min  ETA 54.5 min
  220/300 explained  1.71 loops/min  ETA 46.8 min
  230/300 explained  1.74 loops/min  ETA 40.2 min
  240/300 explained  1.71 loops/min  ETA 35.0 min
  250/300 explained  1.75 loops/min  ETA 28.5 min
  260/300 explained  1.80 loops/min  ETA 22.2 min
  270/300 explained  1.83 loops/min  ETA 16.4 min
  280/300 explained  1.79 loops/min  ETA 11.1 min
  290/300 explained  1.84 loops/min  ETA 5.4 min
  300/300 explained  1.85 loops/min  ETA 0.0 min

SHAP HOTSPOT SUMMARY
========================================
loop_subtype: AB-loop
n_explain: 300

ADAM17: position importance (most->least) = ['P6', 'P4', 'P5', 'P1', 'P3', 'P2']
    P1: pushes-toward-bind=P pushes-away=I
    P2: pushes-toward-bind=P pushes-away=C
    P3: pushes-toward-bind=P pushes-away=I
    P4: pushes-toward-bind=P pushes-away=W
    P5: pushes-toward-bind=P pushes-away=W
    P6: pushes-toward-bind=P pushes-away=W
MMP3: position importance (most->least) = ['P6', 'P5', 'P1', 'P2', 'P4', 'P3']
    P1: pushes-toward-bind=P pushes-away=G
    P2: pushes-toward-bind=P pushes-away=G
    P3: pushes-toward-bind=P pushes-away=G
    P4: pushes-toward-bind=P pushes-away=G
    P5: pushes-toward-bind=P pushes-away=V
    P6: pushes-toward-bind=P pushes-away=F
MMP9: position importance (most->least) = ['P6', 'P4', 'P1', 'P3', 'P5', 'P2']
    P1: pushes-toward-bind=P pushes-away=G
    P2: pushes-toward-bind=P pushes-away=G
    P3: pushes-toward-bind=P pushes-away=G
    P4: pushes-toward-bind=W pushes-away=G
    P5: pushes-toward-bind=P pushes-away=E
    P6: pushes-toward-bind=P pushes-away=E

Figures + tables written to /home/ryangustafson/Documents/GitHubProj/PhD-Research/Local/esmc_multirun_small/all3_original/shap/abloop
  [ok] 162.6 min

$ /home/ryangustafson/miniconda3/envs/esmc/bin/python shap_hotspots.py --config multirun/configs_small/all3_original.yaml --loop-subtype C-loop --n-explain 300 --background-size 50 --shap-chunk-size 10 --model-dir /home/ryangustafson/Documents/GitHubProj/PhD-Research/Local/esmc_multirun_small/all3_original/model
  (cwd=/home/ryangustafson/Documents/GitHubProj/PhD-Research/ESM-C Classification, log=/home/ryangustafson/Documents/GitHubProj/PhD-Research/Local/esmc_multirun_small/all3_original/logs/shap_cloop.log)

Loading weights:   0%|          | 0/308 [00:00<?, ?it/s]
Loading weights:  38%|███▊      | 118/308 [00:00<00:00, 1157.11it/s]
Loading weights:  78%|███████▊  | 240/308 [00:00<00:00, 1190.07it/s]
Loading weights: 100%|██████████| 308/308 [00:00<00:00, 1218.30it/s]
Warning: You are sending unauthenticated requests to the HF Hub. Please set a HF_TOKEN to enable higher rate limits and faster downloads.
[transformers] `use_return_dict` is deprecated! Use `return_dict` instead!
distinct scaffolds outside the window (subtype=C-loop): 1 (want 1)
window: char 62..67 | 3 targets: ['ADAM17', 'MMP3', 'MMP9']
3841 unique measured loops (subtype=C-loop)
Running KernelSHAP: background=50, explain=300, positions=6 (=> 64 coalitions/instance), chunk_size=10
  10/300 explained  3.50 loops/min  ETA 83.0 min
  20/300 explained  3.24 loops/min  ETA 86.5 min
  30/300 explained  3.90 loops/min  ETA 69.2 min
  40/300 explained  4.34 loops/min  ETA 59.9 min
  50/300 explained  4.65 loops/min  ETA 53.8 min
  60/300 explained  4.88 loops/min  ETA 49.1 min
  70/300 explained  5.07 loops/min  ETA 45.4 min
  80/300 explained  5.21 loops/min  ETA 42.2 min
  90/300 explained  5.33 loops/min  ETA 39.4 min
  100/300 explained  5.42 loops/min  ETA 36.9 min
  110/300 explained  5.50 loops/min  ETA 34.5 min
  120/300 explained  5.57 loops/min  ETA 32.3 min
  130/300 explained  5.63 loops/min  ETA 30.2 min
  140/300 explained  5.69 loops/min  ETA 28.1 min
  150/300 explained  5.74 loops/min  ETA 26.1 min
  160/300 explained  5.78 loops/min  ETA 24.2 min
  170/300 explained  5.82 loops/min  ETA 22.3 min
  180/300 explained  5.86 loops/min  ETA 20.5 min
  190/300 explained  5.89 loops/min  ETA 18.7 min
  200/300 explained  5.92 loops/min  ETA 16.9 min
  210/300 explained  5.95 loops/min  ETA 15.1 min
  220/300 explained  5.97 loops/min  ETA 13.4 min
  230/300 explained  6.00 loops/min  ETA 11.7 min
  240/300 explained  6.02 loops/min  ETA 10.0 min
  250/300 explained  6.04 loops/min  ETA 8.3 min
  260/300 explained  6.06 loops/min  ETA 6.6 min
  270/300 explained  6.07 loops/min  ETA 4.9 min
  280/300 explained  6.09 loops/min  ETA 3.3 min
  290/300 explained  6.11 loops/min  ETA 1.6 min
  300/300 explained  6.12 loops/min  ETA 0.0 min

SHAP HOTSPOT SUMMARY
========================================
loop_subtype: C-loop
n_explain: 300

ADAM17: position importance (most->least) = ['P3', 'P4', 'P5', 'P1', 'P2', 'P6']
    P1: pushes-toward-bind=P pushes-away=W
    P2: pushes-toward-bind=P pushes-away=W
    P3: pushes-toward-bind=P pushes-away=W
    P4: pushes-toward-bind=D pushes-away=F
    P5: pushes-toward-bind=N pushes-away=W
    P6: pushes-toward-bind=T pushes-away=W
MMP3: position importance (most->least) = ['P3', 'P4', 'P5', 'P1', 'P6', 'P2']
    P1: pushes-toward-bind=P pushes-away=F
    P2: pushes-toward-bind=P pushes-away=W
    P3: pushes-toward-bind=P pushes-away=F
    P4: pushes-toward-bind=D pushes-away=F
    P5: pushes-toward-bind=N pushes-away=V
    P6: pushes-toward-bind=D pushes-away=I
MMP9: position importance (most->least) = ['P1', 'P2', 'P3', 'P4', 'P6', 'P5']
    P1: pushes-toward-bind=L pushes-away=C
    P2: pushes-toward-bind=Q pushes-away=G
    P3: pushes-toward-bind=P pushes-away=G
    P4: pushes-toward-bind=D pushes-away=R
    P5: pushes-toward-bind=N pushes-away=E
    P6: pushes-toward-bind=D pushes-away=G

Figures + tables written to /home/ryangustafson/Documents/GitHubProj/PhD-Research/Local/esmc_multirun_small/all3_original/shap/cloop
  [ok] 49.5 min

======================================================================
Variant: abloop_only  ->  /home/ryangustafson/Documents/GitHubProj/PhD-Research/Local/esmc_multirun_small/abloop_only
======================================================================

$ /home/ryangustafson/miniconda3/envs/esmc/bin/python data_prep.py --config multirun/configs_small/abloop_only.yaml
  (cwd=/home/ryangustafson/Documents/GitHubProj/PhD-Research/ESM-C Classification, log=/home/ryangustafson/Documents/GitHubProj/PhD-Research/Local/esmc_multirun_small/abloop_only/logs/data_prep.log)
--- Loading /home/ryangustafson/Documents/GitHubProj/PhD-Research/Local/esmc_multirun/derived_data/abloop_only.csv ---
  raw rows: 44038
  unique sequences after pivot: 43638 (resolved 0 conflicts, dropped 0 ties)

--- Split summary ---
train: 30546 seqs
        MMP3    assayed=26227  pos=24273  pos_rate=0.9255
        MMP9    assayed=4583   pos=2893   pos_rate=0.6312
  val: 6546 seqs
        MMP3    assayed=5661   pos=5241   pos_rate=0.9258
        MMP9    assayed=974    pos=618    pos_rate=0.6345
 test: 6546 seqs
        MMP3    assayed=5590   pos=5151   pos_rate=0.9215
        MMP9    assayed=1003   pos=637    pos_rate=0.6351

pos_weight (train n_neg/n_pos): {'MMP3': 0.0805, 'MMP9': 0.5842}
Hamming-1 exposure (val/test loops within 1 edit of a train loop): {'val': 0.626, 'test': 0.6361}

Saved splits + manifest to /home/ryangustafson/Documents/GitHubProj/PhD-Research/Local/esmc_multirun_small/abloop_only/data
  [ok] 0.8 min

$ /home/ryangustafson/miniconda3/envs/esmc/bin/python train.py --config multirun/configs_small/abloop_only.yaml --log-every 100
  (cwd=/home/ryangustafson/Documents/GitHubProj/PhD-Research/ESM-C Classification, log=/home/ryangustafson/Documents/GitHubProj/PhD-Research/Local/esmc_multirun_small/abloop_only/logs/train.log)
Warning: You are sending unauthenticated requests to the HF Hub. Please set a HF_TOKEN to enable higher rate limits and faster downloads.
Device: cuda | model: Synthyra/ESMplusplus_small | pooling: loop
pos_weight: {'MMP3': 0.08, 'MMP9': 0.584}
{'train': 30546, 'val': 6546, 'test': 6546}

Loading weights:   0%|          | 0/308 [00:00<?, ?it/s]
Loading weights:  51%|█████     | 157/308 [00:00<00:00, 1563.70it/s]
Loading weights: 100%|██████████| 308/308 [00:00<00:00, 1569.85it/s]
precision: bfloat16 | loss-scaler: False

[Phase 1] heads only - trainable 462,242/333,459,426 params
[transformers] `use_return_dict` is deprecated! Use `return_dict` instead!
  P1 epoch 1/3: step 100/1910  loss=0.3839  13.8 it/s
  P1 epoch 1/3: step 200/1910  loss=0.1383  16.8 it/s
  P1 epoch 1/3: step 300/1910  loss=0.1542  17.4 it/s
  P1 epoch 1/3: step 400/1910  loss=0.2070  15.8 it/s
  P1 epoch 1/3: step 500/1910  loss=0.1072  14.0 it/s
  P1 epoch 1/3: step 600/1910  loss=0.1756  16.9 it/s
  P1 epoch 1/3: step 700/1910  loss=0.3881  17.2 it/s
  P1 epoch 1/3: step 800/1910  loss=0.1466  17.2 it/s
  P1 epoch 1/3: step 900/1910  loss=0.0651  16.9 it/s
  P1 epoch 1/3: step 1000/1910  loss=0.0461  14.5 it/s
  P1 epoch 1/3: step 1100/1910  loss=0.1761  17.1 it/s
  P1 epoch 1/3: step 1200/1910  loss=0.0818  17.5 it/s
  P1 epoch 1/3: step 1300/1910  loss=0.0817  17.6 it/s
  P1 epoch 1/3: step 1400/1910  loss=0.0836  16.8 it/s
  P1 epoch 1/3: step 1500/1910  loss=0.1302  16.9 it/s
  P1 epoch 1/3: step 1600/1910  loss=0.1400  14.3 it/s
  P1 epoch 1/3: step 1700/1910  loss=0.4206  17.3 it/s
  P1 epoch 1/3: step 1800/1910  loss=0.0945  17.5 it/s
  P1 epoch 1/3: step 1900/1910  loss=0.2336  16.5 it/s
  P1 epoch 1/3: step 1910/1910  loss=0.0291  15.7 it/s
  P1 ep1: train_loss=0.1603 val_pr_auc=0.9246
  P1 epoch 2/3: step 100/1910  loss=0.1617  15.5 it/s
  P1 epoch 2/3: step 200/1910  loss=0.0955  17.1 it/s
  P1 epoch 2/3: step 300/1910  loss=0.1370  17.4 it/s
  P1 epoch 2/3: step 400/1910  loss=0.2338  14.5 it/s
  P1 epoch 2/3: step 500/1910  loss=0.2460  17.3 it/s
  P1 epoch 2/3: step 600/1910  loss=0.0996  17.1 it/s
  P1 epoch 2/3: step 700/1910  loss=0.1943  17.3 it/s
  P1 epoch 2/3: step 800/1910  loss=0.3747  17.4 it/s
  P1 epoch 2/3: step 900/1910  loss=0.1097  14.6 it/s
  P1 epoch 2/3: step 1000/1910  loss=0.2771  17.0 it/s
  P1 epoch 2/3: step 1100/1910  loss=0.2420  15.7 it/s
  P1 epoch 2/3: step 1200/1910  loss=0.1373  16.7 it/s
  P1 epoch 2/3: step 1300/1910  loss=0.1903  17.7 it/s
  P1 epoch 2/3: step 1400/1910  loss=0.0904  17.3 it/s
  P1 epoch 2/3: step 1500/1910  loss=0.2227  14.3 it/s
  P1 epoch 2/3: step 1600/1910  loss=0.2835  16.7 it/s
  P1 epoch 2/3: step 1700/1910  loss=0.1763  16.8 it/s
  P1 epoch 2/3: step 1800/1910  loss=0.1407  17.2 it/s
  P1 epoch 2/3: step 1900/1910  loss=0.0603  17.4 it/s
  P1 epoch 2/3: step 1910/1910  loss=0.0296  18.3 it/s
  P1 ep2: train_loss=0.1491 val_pr_auc=0.9282
  P1 epoch 3/3: step 100/1910  loss=0.2045  16.7 it/s
  P1 epoch 3/3: step 200/1910  loss=0.1323  13.7 it/s
  P1 epoch 3/3: step 300/1910  loss=0.0873  16.0 it/s
  P1 epoch 3/3: step 400/1910  loss=0.1415  17.7 it/s
  P1 epoch 3/3: step 500/1910  loss=0.1502  18.6 it/s
  P1 epoch 3/3: step 600/1910  loss=0.1219  18.2 it/s
  P1 epoch 3/3: step 700/1910  loss=0.1322  17.7 it/s
  P1 epoch 3/3: step 800/1910  loss=0.2549  15.0 it/s
  P1 epoch 3/3: step 900/1910  loss=0.1264  17.8 it/s
  P1 epoch 3/3: step 1000/1910  loss=0.1573  17.9 it/s
  P1 epoch 3/3: step 1100/1910  loss=0.3451  17.9 it/s
  P1 epoch 3/3: step 1200/1910  loss=0.0836  17.2 it/s
  P1 epoch 3/3: step 1300/1910  loss=0.2382  17.7 it/s
  P1 epoch 3/3: step 1400/1910  loss=0.1789  14.2 it/s
  P1 epoch 3/3: step 1500/1910  loss=0.1701  17.7 it/s
  P1 epoch 3/3: step 1600/1910  loss=0.1561  18.3 it/s
  P1 epoch 3/3: step 1700/1910  loss=0.1444  18.3 it/s
  P1 epoch 3/3: step 1800/1910  loss=0.1277  18.0 it/s
  P1 epoch 3/3: step 1900/1910  loss=0.1776  17.6 it/s
  P1 epoch 3/3: step 1910/1910  loss=0.0839  19.9 it/s
  P1 ep3: train_loss=0.1475 val_pr_auc=0.9277

[Phase 2] unfreeze=6 - trainable 66,852,962/333,459,426 params
  P2 epoch 1/15: step 100/1910  loss=0.0618  11.5 it/s
  P2 epoch 1/15: step 200/1910  loss=0.1430  10.8 it/s
  P2 epoch 1/15: step 300/1910  loss=0.1334  12.0 it/s
  P2 epoch 1/15: step 400/1910  loss=0.1970  12.1 it/s
  P2 epoch 1/15: step 500/1910  loss=0.2012  12.1 it/s
  P2 epoch 1/15: step 600/1910  loss=0.2179  10.7 it/s
  P2 epoch 1/15: step 700/1910  loss=0.0688  12.0 it/s
  P2 epoch 1/15: step 800/1910  loss=0.1615  12.0 it/s
  P2 epoch 1/15: step 900/1910  loss=0.1398  10.9 it/s
  P2 epoch 1/15: step 1000/1910  loss=0.1109  11.9 it/s
  P2 epoch 1/15: step 1100/1910  loss=0.1519  11.7 it/s
  P2 epoch 1/15: step 1200/1910  loss=0.1319  12.2 it/s
  P2 epoch 1/15: step 1300/1910  loss=0.1007  10.8 it/s
  P2 epoch 1/15: step 1400/1910  loss=0.3917  11.8 it/s
  P2 epoch 1/15: step 1500/1910  loss=0.0393  12.0 it/s
  P2 epoch 1/15: step 1600/1910  loss=0.1301  12.1 it/s
  P2 epoch 1/15: step 1700/1910  loss=0.2020  10.3 it/s
  P2 epoch 1/15: step 1800/1910  loss=0.0605  11.4 it/s
  P2 epoch 1/15: step 1900/1910  loss=0.1412  11.9 it/s
  P2 epoch 1/15: step 1910/1910  loss=0.0178  12.5 it/s
  P2 ep1: train_loss=0.1535 val_pr_auc=0.9332
  P2 epoch 2/15: step 100/1910  loss=0.0757  11.7 it/s
  P2 epoch 2/15: step 200/1910  loss=0.0863  12.0 it/s
  P2 epoch 2/15: step 300/1910  loss=0.1659  10.5 it/s
  P2 epoch 2/15: step 400/1910  loss=0.1197  12.0 it/s
  P2 epoch 2/15: step 500/1910  loss=0.0724  12.1 it/s
  P2 epoch 2/15: step 600/1910  loss=0.0692  12.3 it/s
  P2 epoch 2/15: step 700/1910  loss=0.0833  10.9 it/s
  P2 epoch 2/15: step 800/1910  loss=0.1556  12.3 it/s
  P2 epoch 2/15: step 900/1910  loss=0.3418  12.4 it/s
  P2 epoch 2/15: step 1000/1910  loss=0.1235  12.0 it/s
  P2 epoch 2/15: step 1100/1910  loss=0.0843  10.8 it/s
  P2 epoch 2/15: step 1200/1910  loss=0.0440  12.3 it/s
  P2 epoch 2/15: step 1300/1910  loss=0.0638  12.4 it/s
  P2 epoch 2/15: step 1400/1910  loss=0.4852  12.1 it/s
  P2 epoch 2/15: step 1500/1910  loss=0.1068  10.3 it/s
  P2 epoch 2/15: step 1600/1910  loss=0.1072  11.8 it/s
  P2 epoch 2/15: step 1700/1910  loss=0.0795  11.5 it/s
  P2 epoch 2/15: step 1800/1910  loss=0.0599  12.0 it/s
  P2 epoch 2/15: step 1900/1910  loss=0.2099  10.7 it/s
  P2 epoch 2/15: step 1910/1910  loss=0.0084  13.2 it/s
  P2 ep2: train_loss=0.1440 val_pr_auc=0.9293
  P2 epoch 3/15: step 100/1910  loss=0.0468  10.3 it/s
  P2 epoch 3/15: step 200/1910  loss=0.2736  12.1 it/s
  P2 epoch 3/15: step 300/1910  loss=0.2906  12.2 it/s
  P2 epoch 3/15: step 400/1910  loss=0.1784  12.1 it/s
  P2 epoch 3/15: step 500/1910  loss=0.1893  10.8 it/s
  P2 epoch 3/15: step 600/1910  loss=0.0812  9.4 it/s
  P2 epoch 3/15: step 700/1910  loss=0.0317  8.8 it/s
  P2 epoch 3/15: step 800/1910  loss=0.1529  8.0 it/s
  P2 epoch 3/15: step 900/1910  loss=0.0677  11.9 it/s
  P2 epoch 3/15: step 1000/1910  loss=0.1929  12.3 it/s
  P2 epoch 3/15: step 1100/1910  loss=0.0202  10.8 it/s
  P2 epoch 3/15: step 1200/1910  loss=0.4251  11.5 it/s
  P2 epoch 3/15: step 1300/1910  loss=0.2029  11.8 it/s
  P2 epoch 3/15: step 1400/1910  loss=0.0651  12.2 it/s
  P2 epoch 3/15: step 1500/1910  loss=0.2301  10.9 it/s
  P2 epoch 3/15: step 1600/1910  loss=0.1499  12.1 it/s
  P2 epoch 3/15: step 1700/1910  loss=0.1692  12.3 it/s
  P2 epoch 3/15: step 1800/1910  loss=0.1209  12.2 it/s
  P2 epoch 3/15: step 1900/1910  loss=0.2797  10.5 it/s
  P2 epoch 3/15: step 1910/1910  loss=0.0962  12.7 it/s
  P2 ep3: train_loss=0.1393 val_pr_auc=0.9320
  P2 epoch 4/15: step 100/1910  loss=0.0214  9.6 it/s
  P2 epoch 4/15: step 200/1910  loss=0.0844  11.1 it/s
  P2 epoch 4/15: step 300/1910  loss=0.0623  11.8 it/s
  P2 epoch 4/15: step 400/1910  loss=0.1495  11.6 it/s
  P2 epoch 4/15: step 500/1910  loss=0.0566  10.0 it/s
  P2 epoch 4/15: step 600/1910  loss=0.0854  12.2 it/s
  P2 epoch 4/15: step 700/1910  loss=0.2228  12.3 it/s
  P2 epoch 4/15: step 800/1910  loss=0.0663  10.2 it/s
  P2 epoch 4/15: step 900/1910  loss=0.0542  11.4 it/s
  P2 epoch 4/15: step 1000/1910  loss=0.0633  11.8 it/s
  P2 epoch 4/15: step 1100/1910  loss=0.1958  11.5 it/s
  P2 epoch 4/15: step 1200/1910  loss=0.2441  10.0 it/s
  P2 epoch 4/15: step 1300/1910  loss=0.0698  11.7 it/s
  P2 epoch 4/15: step 1400/1910  loss=0.1487  12.2 it/s
  P2 epoch 4/15: step 1500/1910  loss=0.2982  12.0 it/s
  P2 epoch 4/15: step 1600/1910  loss=0.0523  10.5 it/s
  P2 epoch 4/15: step 1700/1910  loss=0.0812  12.3 it/s
  P2 epoch 4/15: step 1800/1910  loss=0.1722  11.2 it/s
  P2 epoch 4/15: step 1900/1910  loss=0.1325  11.6 it/s
  P2 epoch 4/15: step 1910/1910  loss=0.0116  12.7 it/s
  P2 ep4: train_loss=0.1325 val_pr_auc=0.9322
  early stop (no val improvement for 3 epochs)

Best val pr_auc: 0.9332
threshold_metric: fbeta (beta=0.5)

=== HELD-OUT TEST REPORT ===
target        n    pos pos_rate  pr_auc roc_auc     mcc      f1    f0.5
MMP3       5590   5151    0.921   0.978   0.804   0.146   0.957   0.938
MMP9       1003    637    0.635   0.869   0.796   0.435   0.769   0.799
thresholds: {'MMP3': 0.068, 'MMP9': 0.451}

Saved model + meta + test report to /home/ryangustafson/Documents/GitHubProj/PhD-Research/Local/esmc_multirun_small/abloop_only/model
  [ok] 20.9 min

$ /home/ryangustafson/miniconda3/envs/esmc/bin/python visualize.py --config multirun/configs_small/abloop_only.yaml --split test --color-by target --out /home/ryangustafson/Documents/GitHubProj/PhD-Research/Local/esmc_multirun_small/abloop_only/visualizations/target.png --model-dir /home/ryangustafson/Documents/GitHubProj/PhD-Research/Local/esmc_multirun_small/abloop_only/model
  (cwd=/home/ryangustafson/Documents/GitHubProj/PhD-Research/ESM-C Classification, log=/home/ryangustafson/Documents/GitHubProj/PhD-Research/Local/esmc_multirun_small/abloop_only/logs/visualize_target.log)
Warning: You are sending unauthenticated requests to the HF Hub. Please set a HF_TOKEN to enable higher rate limits and faster downloads.

Loading weights:   0%|          | 0/308 [00:00<?, ?it/s]
Loading weights:  54%|█████▍    | 167/308 [00:00<00:00, 1665.55it/s]
Loading weights: 100%|██████████| 308/308 [00:00<00:00, 1673.48it/s]
[transformers] `use_return_dict` is deprecated! Use `return_dict` instead!
/home/ryangustafson/miniconda3/envs/esmc/lib/python3.11/site-packages/umap/umap_.py:1952: UserWarning: n_jobs value 1 overridden to 1 by setting random_state. Use no seed for parallelism.
  warn(
[info] subsampled to 5000 points
--- Embedding 5000 sequences (pooling=loop) ---
--- Reducing to 2D with UMAP ---

Saved plot to /home/ryangustafson/Documents/GitHubProj/PhD-Research/Local/esmc_multirun_small/abloop_only/visualizations/target.png
Saved coordinates to /home/ryangustafson/Documents/GitHubProj/PhD-Research/Local/esmc_multirun_small/abloop_only/visualizations/target.csv
  [ok] 1.1 min

$ /home/ryangustafson/miniconda3/envs/esmc/bin/python visualize.py --config multirun/configs_small/abloop_only.yaml --split test --color-by binding --out /home/ryangustafson/Documents/GitHubProj/PhD-Research/Local/esmc_multirun_small/abloop_only/visualizations/binding.png --model-dir /home/ryangustafson/Documents/GitHubProj/PhD-Research/Local/esmc_multirun_small/abloop_only/model
  (cwd=/home/ryangustafson/Documents/GitHubProj/PhD-Research/ESM-C Classification, log=/home/ryangustafson/Documents/GitHubProj/PhD-Research/Local/esmc_multirun_small/abloop_only/logs/visualize_binding.log)
Warning: You are sending unauthenticated requests to the HF Hub. Please set a HF_TOKEN to enable higher rate limits and faster downloads.

Loading weights:   0%|          | 0/308 [00:00<?, ?it/s]
Loading weights:  54%|█████▎    | 165/308 [00:00<00:00, 1646.64it/s]
Loading weights: 100%|██████████| 308/308 [00:00<00:00, 1711.96it/s]
[transformers] `use_return_dict` is deprecated! Use `return_dict` instead!
/home/ryangustafson/miniconda3/envs/esmc/lib/python3.11/site-packages/umap/umap_.py:1952: UserWarning: n_jobs value 1 overridden to 1 by setting random_state. Use no seed for parallelism.
  warn(
[info] subsampled to 5000 points
--- Embedding 5000 sequences (pooling=loop) ---
--- Reducing to 2D with UMAP ---

Saved plot to /home/ryangustafson/Documents/GitHubProj/PhD-Research/Local/esmc_multirun_small/abloop_only/visualizations/binding.png
Saved coordinates to /home/ryangustafson/Documents/GitHubProj/PhD-Research/Local/esmc_multirun_small/abloop_only/visualizations/binding.csv
  [ok] 1.0 min

$ /home/ryangustafson/miniconda3/envs/esmc/bin/python shap_hotspots.py --config multirun/configs_small/abloop_only.yaml --loop-subtype AB-loop --n-explain 300 --background-size 50 --shap-chunk-size 10 --model-dir /home/ryangustafson/Documents/GitHubProj/PhD-Research/Local/esmc_multirun_small/abloop_only/model
  (cwd=/home/ryangustafson/Documents/GitHubProj/PhD-Research/ESM-C Classification, log=/home/ryangustafson/Documents/GitHubProj/PhD-Research/Local/esmc_multirun_small/abloop_only/logs/shap_abloop.log)
Warning: You are sending unauthenticated requests to the HF Hub. Please set a HF_TOKEN to enable higher rate limits and faster downloads.

Loading weights:   0%|          | 0/308 [00:00<?, ?it/s]
Loading weights:  53%|█████▎    | 162/308 [00:00<00:00, 1615.74it/s]
Loading weights: 100%|██████████| 308/308 [00:00<00:00, 1699.93it/s]
[transformers] `use_return_dict` is deprecated! Use `return_dict` instead!
distinct scaffolds outside the window (subtype=AB-loop): 1 (want 1)
window: char 30..35 | 2 targets: ['MMP3', 'MMP9']
43638 unique measured loops (subtype=AB-loop)
Running KernelSHAP: background=50, explain=300, positions=6 (=> 64 coalitions/instance), chunk_size=10
  10/300 explained  6.57 loops/min  ETA 44.1 min
  20/300 explained  6.57 loops/min  ETA 42.6 min
  30/300 explained  6.60 loops/min  ETA 40.9 min
  40/300 explained  6.60 loops/min  ETA 39.4 min
  50/300 explained  6.59 loops/min  ETA 37.9 min
  60/300 explained  6.59 loops/min  ETA 36.4 min
  70/300 explained  6.60 loops/min  ETA 34.9 min
  80/300 explained  6.60 loops/min  ETA 33.4 min
  90/300 explained  6.59 loops/min  ETA 31.8 min
  100/300 explained  6.60 loops/min  ETA 30.3 min
  110/300 explained  6.59 loops/min  ETA 28.8 min
  120/300 explained  6.59 loops/min  ETA 27.3 min
  130/300 explained  6.59 loops/min  ETA 25.8 min
  140/300 explained  6.59 loops/min  ETA 24.3 min
  150/300 explained  6.59 loops/min  ETA 22.8 min
  160/300 explained  6.59 loops/min  ETA 21.3 min
  170/300 explained  6.59 loops/min  ETA 19.7 min
  180/300 explained  6.59 loops/min  ETA 18.2 min
  190/300 explained  6.59 loops/min  ETA 16.7 min
  200/300 explained  6.59 loops/min  ETA 15.2 min
  210/300 explained  6.59 loops/min  ETA 13.7 min
  220/300 explained  6.59 loops/min  ETA 12.1 min
  230/300 explained  6.59 loops/min  ETA 10.6 min
  240/300 explained  6.59 loops/min  ETA 9.1 min
  250/300 explained  6.59 loops/min  ETA 7.6 min
  260/300 explained  6.59 loops/min  ETA 6.1 min
  270/300 explained  6.59 loops/min  ETA 4.6 min
  280/300 explained  6.59 loops/min  ETA 3.0 min
  290/300 explained  6.59 loops/min  ETA 1.5 min
  300/300 explained  6.58 loops/min  ETA 0.0 min

SHAP HOTSPOT SUMMARY
========================================
loop_subtype: AB-loop
n_explain: 300

MMP3: position importance (most->least) = ['P6', 'P5', 'P1', 'P2', 'P4', 'P3']
    P1: pushes-toward-bind=P pushes-away=G
    P2: pushes-toward-bind=P pushes-away=G
    P3: pushes-toward-bind=P pushes-away=G
    P4: pushes-toward-bind=P pushes-away=G
    P5: pushes-toward-bind=P pushes-away=L
    P6: pushes-toward-bind=P pushes-away=M
MMP9: position importance (most->least) = ['P4', 'P6', 'P1', 'P5', 'P3', 'P2']
    P1: pushes-toward-bind=P pushes-away=G
    P2: pushes-toward-bind=W pushes-away=G
    P3: pushes-toward-bind=P pushes-away=G
    P4: pushes-toward-bind=P pushes-away=G
    P5: pushes-toward-bind=P pushes-away=E
    P6: pushes-toward-bind=P pushes-away=E

Figures + tables written to /home/ryangustafson/Documents/GitHubProj/PhD-Research/Local/esmc_multirun_small/abloop_only/shap/abloop
  [ok] 45.8 min

======================================================================
Variant: cloop_only  ->  /home/ryangustafson/Documents/GitHubProj/PhD-Research/Local/esmc_multirun_small/cloop_only
======================================================================

$ /home/ryangustafson/miniconda3/envs/esmc/bin/python data_prep.py --config multirun/configs_small/cloop_only.yaml
  (cwd=/home/ryangustafson/Documents/GitHubProj/PhD-Research/ESM-C Classification, log=/home/ryangustafson/Documents/GitHubProj/PhD-Research/Local/esmc_multirun_small/cloop_only/logs/data_prep.log)
--- Loading /home/ryangustafson/Documents/GitHubProj/PhD-Research/Local/esmc_multirun/derived_data/cloop_only.csv ---
  raw rows: 3920
  unique sequences after pivot: 3841 (resolved 0 conflicts, dropped 0 ties)

--- Split summary ---
train: 2687 seqs
        ADAM17  assayed=1608   pos=411    pos_rate=0.2556
        MMP9    assayed=1135   pos=853    pos_rate=0.7515
  val: 577 seqs
        ADAM17  assayed=339    pos=97     pos_rate=0.2861
        MMP9    assayed=251    pos=190    pos_rate=0.757
 test: 577 seqs
        ADAM17  assayed=348    pos=107    pos_rate=0.3075
        MMP9    assayed=239    pos=183    pos_rate=0.7657

pos_weight (train n_neg/n_pos): {'ADAM17': 2.9124, 'MMP9': 0.3306}
Hamming-1 exposure (val/test loops within 1 edit of a train loop): {'val': 0.2721, 'test': 0.2565}

Saved splits + manifest to /home/ryangustafson/Documents/GitHubProj/PhD-Research/Local/esmc_multirun_small/cloop_only/data
  [ok] 0.1 min

$ /home/ryangustafson/miniconda3/envs/esmc/bin/python train.py --config multirun/configs_small/cloop_only.yaml --log-every 100
  (cwd=/home/ryangustafson/Documents/GitHubProj/PhD-Research/ESM-C Classification, log=/home/ryangustafson/Documents/GitHubProj/PhD-Research/Local/esmc_multirun_small/cloop_only/logs/train.log)
Warning: You are sending unauthenticated requests to the HF Hub. Please set a HF_TOKEN to enable higher rate limits and faster downloads.
Device: cuda | model: Synthyra/ESMplusplus_small | pooling: loop
pos_weight: {'ADAM17': 2.912, 'MMP9': 0.331}
{'train': 2687, 'val': 577, 'test': 577}

Loading weights:   0%|          | 0/308 [00:00<?, ?it/s]
Loading weights:  55%|█████▌    | 170/308 [00:00<00:00, 1683.26it/s]
Loading weights: 100%|██████████| 308/308 [00:00<00:00, 1647.54it/s]
precision: bfloat16 | loss-scaler: False

[Phase 1] heads only - trainable 462,242/333,459,426 params
[transformers] `use_return_dict` is deprecated! Use `return_dict` instead!
  P1 epoch 1/3: step 100/168  loss=0.7421  12.9 it/s
  P1 epoch 1/3: step 168/168  loss=0.6065  17.8 it/s
  P1 ep1: train_loss=0.7164 val_pr_auc=0.6675
  P1 epoch 2/3: step 100/168  loss=0.6235  15.1 it/s
  P1 epoch 2/3: step 168/168  loss=0.7767  16.8 it/s
  P1 ep2: train_loss=0.6848 val_pr_auc=0.6860
  P1 epoch 3/3: step 100/168  loss=0.4903  16.3 it/s
  P1 epoch 3/3: step 168/168  loss=0.7393  17.6 it/s
  P1 ep3: train_loss=0.6739 val_pr_auc=0.6951

[Phase 2] unfreeze=6 - trainable 66,852,962/333,459,426 params
  P2 epoch 1/15: step 100/168  loss=0.6931  11.6 it/s
  P2 epoch 1/15: step 168/168  loss=1.2082  11.8 it/s
  P2 ep1: train_loss=0.6815 val_pr_auc=0.6912
  P2 epoch 2/15: step 100/168  loss=1.3002  10.9 it/s
  P2 epoch 2/15: step 168/168  loss=0.6229  9.1 it/s
  P2 ep2: train_loss=0.6471 val_pr_auc=0.6895
  P2 epoch 3/15: step 100/168  loss=0.5273  8.8 it/s
  P2 epoch 3/15: step 168/168  loss=0.5634  10.5 it/s
  P2 ep3: train_loss=0.6394 val_pr_auc=0.6994
  P2 epoch 4/15: step 100/168  loss=0.7408  9.0 it/s
  P2 epoch 4/15: step 168/168  loss=0.5141  10.2 it/s
  P2 ep4: train_loss=0.6109 val_pr_auc=0.6930
  P2 epoch 5/15: step 100/168  loss=0.4620  9.8 it/s
  P2 epoch 5/15: step 168/168  loss=0.3927  9.4 it/s
  P2 ep5: train_loss=0.5828 val_pr_auc=0.6963
  P2 epoch 6/15: step 100/168  loss=0.4166  9.1 it/s
  P2 epoch 6/15: step 168/168  loss=0.9771  9.9 it/s
  P2 ep6: train_loss=0.5550 val_pr_auc=0.6900
  early stop (no val improvement for 3 epochs)

Best val pr_auc: 0.6994
threshold_metric: fbeta (beta=0.5)

=== HELD-OUT TEST REPORT ===
target        n    pos pos_rate  pr_auc roc_auc     mcc      f1    f0.5
ADAM17      348    107    0.307   0.600   0.752   0.347   0.535   0.554
MMP9        239    183    0.766   0.801   0.547  -0.067   0.823   0.782
thresholds: {'ADAM17': 0.611, 'MMP9': 0.568}

Saved model + meta + test report to /home/ryangustafson/Documents/GitHubProj/PhD-Research/Local/esmc_multirun_small/cloop_only/model
  [ok] 2.9 min

$ /home/ryangustafson/miniconda3/envs/esmc/bin/python visualize.py --config multirun/configs_small/cloop_only.yaml --split test --color-by target --out /home/ryangustafson/Documents/GitHubProj/PhD-Research/Local/esmc_multirun_small/cloop_only/visualizations/target.png --model-dir /home/ryangustafson/Documents/GitHubProj/PhD-Research/Local/esmc_multirun_small/cloop_only/model
  (cwd=/home/ryangustafson/Documents/GitHubProj/PhD-Research/ESM-C Classification, log=/home/ryangustafson/Documents/GitHubProj/PhD-Research/Local/esmc_multirun_small/cloop_only/logs/visualize_target.log)
Warning: You are sending unauthenticated requests to the HF Hub. Please set a HF_TOKEN to enable higher rate limits and faster downloads.

Loading weights:   0%|          | 0/308 [00:00<?, ?it/s]
Loading weights:  41%|████      | 126/308 [00:00<00:00, 1252.11it/s]
Loading weights:  83%|████████▎ | 255/308 [00:00<00:00, 1271.38it/s]
Loading weights: 100%|██████████| 308/308 [00:00<00:00, 1283.91it/s]
[transformers] `use_return_dict` is deprecated! Use `return_dict` instead!
/home/ryangustafson/miniconda3/envs/esmc/lib/python3.11/site-packages/umap/umap_.py:1952: UserWarning: n_jobs value 1 overridden to 1 by setting random_state. Use no seed for parallelism.
  warn(
--- Embedding 577 sequences (pooling=loop) ---
--- Reducing to 2D with UMAP ---

Saved plot to /home/ryangustafson/Documents/GitHubProj/PhD-Research/Local/esmc_multirun_small/cloop_only/visualizations/target.png
Saved coordinates to /home/ryangustafson/Documents/GitHubProj/PhD-Research/Local/esmc_multirun_small/cloop_only/visualizations/target.csv
  [ok] 0.6 min

$ /home/ryangustafson/miniconda3/envs/esmc/bin/python visualize.py --config multirun/configs_small/cloop_only.yaml --split test --color-by binding --out /home/ryangustafson/Documents/GitHubProj/PhD-Research/Local/esmc_multirun_small/cloop_only/visualizations/binding.png --model-dir /home/ryangustafson/Documents/GitHubProj/PhD-Research/Local/esmc_multirun_small/cloop_only/model
  (cwd=/home/ryangustafson/Documents/GitHubProj/PhD-Research/ESM-C Classification, log=/home/ryangustafson/Documents/GitHubProj/PhD-Research/Local/esmc_multirun_small/cloop_only/logs/visualize_binding.log)
Warning: You are sending unauthenticated requests to the HF Hub. Please set a HF_TOKEN to enable higher rate limits and faster downloads.

Loading weights:   0%|          | 0/308 [00:00<?, ?it/s]
Loading weights:  45%|████▍     | 138/308 [00:00<00:00, 1375.63it/s]
Loading weights:  92%|█████████▏| 284/308 [00:00<00:00, 1419.60it/s]
Loading weights: 100%|██████████| 308/308 [00:00<00:00, 1442.20it/s]
[transformers] `use_return_dict` is deprecated! Use `return_dict` instead!
/home/ryangustafson/miniconda3/envs/esmc/lib/python3.11/site-packages/umap/umap_.py:1952: UserWarning: n_jobs value 1 overridden to 1 by setting random_state. Use no seed for parallelism.
  warn(
--- Embedding 577 sequences (pooling=loop) ---
--- Reducing to 2D with UMAP ---

Saved plot to /home/ryangustafson/Documents/GitHubProj/PhD-Research/Local/esmc_multirun_small/cloop_only/visualizations/binding.png
Saved coordinates to /home/ryangustafson/Documents/GitHubProj/PhD-Research/Local/esmc_multirun_small/cloop_only/visualizations/binding.csv
  [ok] 0.6 min

$ /home/ryangustafson/miniconda3/envs/esmc/bin/python shap_hotspots.py --config multirun/configs_small/cloop_only.yaml --loop-subtype C-loop --n-explain 300 --background-size 50 --shap-chunk-size 10 --model-dir /home/ryangustafson/Documents/GitHubProj/PhD-Research/Local/esmc_multirun_small/cloop_only/model
  (cwd=/home/ryangustafson/Documents/GitHubProj/PhD-Research/ESM-C Classification, log=/home/ryangustafson/Documents/GitHubProj/PhD-Research/Local/esmc_multirun_small/cloop_only/logs/shap_cloop.log)
Warning: You are sending unauthenticated requests to the HF Hub. Please set a HF_TOKEN to enable higher rate limits and faster downloads.

Loading weights:   0%|          | 0/308 [00:00<?, ?it/s]
Loading weights:  50%|█████     | 155/308 [00:00<00:00, 1540.55it/s]
Loading weights: 100%|██████████| 308/308 [00:00<00:00, 1537.39it/s]
[transformers] `use_return_dict` is deprecated! Use `return_dict` instead!
distinct scaffolds outside the window (subtype=C-loop): 1 (want 1)
window: char 62..67 | 2 targets: ['ADAM17', 'MMP9']
3841 unique measured loops (subtype=C-loop)
Running KernelSHAP: background=50, explain=300, positions=6 (=> 64 coalitions/instance), chunk_size=10
  10/300 explained  6.53 loops/min  ETA 44.4 min
  20/300 explained  6.56 loops/min  ETA 42.7 min
  30/300 explained  6.54 loops/min  ETA 41.3 min
  40/300 explained  6.53 loops/min  ETA 39.8 min
  50/300 explained  6.53 loops/min  ETA 38.3 min
  60/300 explained  6.55 loops/min  ETA 36.7 min
  70/300 explained  6.55 loops/min  ETA 35.1 min
  80/300 explained  6.55 loops/min  ETA 33.6 min
  90/300 explained  6.56 loops/min  ETA 32.0 min
  100/300 explained  6.55 loops/min  ETA 30.5 min
  110/300 explained  6.55 loops/min  ETA 29.0 min
  120/300 explained  6.55 loops/min  ETA 27.5 min
  130/300 explained  6.56 loops/min  ETA 25.9 min
  140/300 explained  6.56 loops/min  ETA 24.4 min
  150/300 explained  6.55 loops/min  ETA 22.9 min
  160/300 explained  6.55 loops/min  ETA 21.4 min
  170/300 explained  6.56 loops/min  ETA 19.8 min
  180/300 explained  6.56 loops/min  ETA 18.3 min
  190/300 explained  6.56 loops/min  ETA 16.8 min
  200/300 explained  6.56 loops/min  ETA 15.2 min
  210/300 explained  6.56 loops/min  ETA 13.7 min
  220/300 explained  6.56 loops/min  ETA 12.2 min
  230/300 explained  6.56 loops/min  ETA 10.7 min
  240/300 explained  6.54 loops/min  ETA 9.2 min
  250/300 explained  6.54 loops/min  ETA 7.7 min
  260/300 explained  6.54 loops/min  ETA 6.1 min
  270/300 explained  6.53 loops/min  ETA 4.6 min
  280/300 explained  6.53 loops/min  ETA 3.1 min
  290/300 explained  6.53 loops/min  ETA 1.5 min
  300/300 explained  6.52 loops/min  ETA 0.0 min

SHAP HOTSPOT SUMMARY
========================================
loop_subtype: C-loop
n_explain: 300

ADAM17: position importance (most->least) = ['P5', 'P4', 'P3', 'P6', 'P2', 'P1']
    P1: pushes-toward-bind=P pushes-away=W
    P2: pushes-toward-bind=P pushes-away=W
    P3: pushes-toward-bind=P pushes-away=W
    P4: pushes-toward-bind=P pushes-away=V
    P5: pushes-toward-bind=G pushes-away=W
    P6: pushes-toward-bind=T pushes-away=W
MMP9: position importance (most->least) = ['P4', 'P5', 'P2', 'P3', 'P1', 'P6']
    P1: pushes-toward-bind=P pushes-away=W
    P2: pushes-toward-bind=P pushes-away=W
    P3: pushes-toward-bind=P pushes-away=Y
    P4: pushes-toward-bind=P pushes-away=W
    P5: pushes-toward-bind=P pushes-away=W
    P6: pushes-toward-bind=P pushes-away=W

Figures + tables written to /home/ryangustafson/Documents/GitHubProj/PhD-Research/Local/esmc_multirun_small/cloop_only/shap/cloop
  [ok] 46.3 min

======================================================================
Variant: mmp9_other  ->  /home/ryangustafson/Documents/GitHubProj/PhD-Research/Local/esmc_multirun_small/mmp9_other
======================================================================

$ /home/ryangustafson/miniconda3/envs/esmc/bin/python data_prep.py --config multirun/configs_small/mmp9_other.yaml
  (cwd=/home/ryangustafson/Documents/GitHubProj/PhD-Research/ESM-C Classification, log=/home/ryangustafson/Documents/GitHubProj/PhD-Research/Local/esmc_multirun_small/mmp9_other/logs/data_prep.log)
--- Loading /home/ryangustafson/Documents/GitHubProj/PhD-Research/Data/TIMP3_Binding_Results/TIMP_binder_Cloop_IHTE_CGLK.csv ---
  raw rows: 45252
  unique sequences after pivot: 45252 (resolved 0 conflicts, dropped 0 ties)

--- Split summary ---
train: 31676 seqs
        MMP9    assayed=31676  pos=1835   pos_rate=0.0579
  val: 6788 seqs
        MMP9    assayed=6788   pos=391    pos_rate=0.0576
 test: 6788 seqs
        MMP9    assayed=6788   pos=381    pos_rate=0.0561

pos_weight (train n_neg/n_pos): {'MMP9': 16.2621}
Hamming-1 exposure (val/test loops within 1 edit of a train loop): {'val': 0.9783, 'test': 0.9776}

Saved splits + manifest to /home/ryangustafson/Documents/GitHubProj/PhD-Research/Local/esmc_multirun_small/mmp9_other/data
  [ok] 0.4 min

$ /home/ryangustafson/miniconda3/envs/esmc/bin/python train.py --config multirun/configs_small/mmp9_other.yaml --log-every 100
  (cwd=/home/ryangustafson/Documents/GitHubProj/PhD-Research/ESM-C Classification, log=/home/ryangustafson/Documents/GitHubProj/PhD-Research/Local/esmc_multirun_small/mmp9_other/logs/train.log)
Warning: You are sending unauthenticated requests to the HF Hub. Please set a HF_TOKEN to enable higher rate limits and faster downloads.
Device: cuda | model: Synthyra/ESMplusplus_small | pooling: loop
pos_weight: {'MMP9': 16.262}
{'train': 31676, 'val': 6788, 'test': 6788}

Loading weights:   0%|          | 0/308 [00:00<?, ?it/s]
Loading weights:  48%|████▊     | 148/308 [00:00<00:00, 1478.11it/s]
Loading weights: 100%|██████████| 308/308 [00:00<00:00, 1557.62it/s]
precision: bfloat16 | loss-scaler: False

[Phase 1] heads only - trainable 461,761/333,458,945 params
[transformers] `use_return_dict` is deprecated! Use `return_dict` instead!
  P1 epoch 1/3: step 100/1980  loss=2.6630  14.2 it/s
  P1 epoch 1/3: step 200/1980  loss=1.3965  17.6 it/s
  P1 epoch 1/3: step 300/1980  loss=0.2843  17.3 it/s
  P1 epoch 1/3: step 400/1980  loss=1.1565  14.4 it/s
  P1 epoch 1/3: step 500/1980  loss=22.9324  16.8 it/s
  P1 epoch 1/3: step 600/1980  loss=3.9601  17.2 it/s
  P1 epoch 1/3: step 700/1980  loss=0.5659  17.3 it/s
  P1 epoch 1/3: step 800/1980  loss=0.5597  17.5 it/s
  P1 epoch 1/3: step 900/1980  loss=3.6438  17.7 it/s
  P1 epoch 1/3: step 1000/1980  loss=0.9866  14.4 it/s
  P1 epoch 1/3: step 1100/1980  loss=1.0731  17.1 it/s
  P1 epoch 1/3: step 1200/1980  loss=0.1017  16.6 it/s
  P1 epoch 1/3: step 1300/1980  loss=0.3795  17.3 it/s
  P1 epoch 1/3: step 1400/1980  loss=0.4531  16.9 it/s
  P1 epoch 1/3: step 1500/1980  loss=7.7019  13.9 it/s
  P1 epoch 1/3: step 1600/1980  loss=0.1528  16.8 it/s
  P1 epoch 1/3: step 1700/1980  loss=0.9746  17.5 it/s
  P1 epoch 1/3: step 1800/1980  loss=0.2333  17.2 it/s
  P1 epoch 1/3: step 1900/1980  loss=0.4481  16.6 it/s
  P1 epoch 1/3: step 1980/1980  loss=0.3609  16.9 it/s
  P1 ep1: train_loss=1.6815 val_pr_auc=0.6313
  P1 epoch 2/3: step 100/1980  loss=0.0178  16.5 it/s
  P1 epoch 2/3: step 200/1980  loss=0.1602  14.9 it/s
  P1 epoch 2/3: step 300/1980  loss=1.8213  15.2 it/s
  P1 epoch 2/3: step 400/1980  loss=0.1287  12.3 it/s
  P1 epoch 2/3: step 500/1980  loss=0.1286  16.8 it/s
  P1 epoch 2/3: step 600/1980  loss=0.4856  17.5 it/s
  P1 epoch 2/3: step 700/1980  loss=0.0828  14.3 it/s
  P1 epoch 2/3: step 800/1980  loss=1.0811  17.8 it/s
  P1 epoch 2/3: step 900/1980  loss=1.4794  18.5 it/s
  P1 epoch 2/3: step 1000/1980  loss=0.3855  17.6 it/s
  P1 epoch 2/3: step 1100/1980  loss=3.4340  17.9 it/s
  P1 epoch 2/3: step 1200/1980  loss=0.9244  17.9 it/s
  P1 epoch 2/3: step 1300/1980  loss=0.6460  15.0 it/s
  P1 epoch 2/3: step 1400/1980  loss=0.2561  18.0 it/s
  P1 epoch 2/3: step 1500/1980  loss=0.4316  18.0 it/s
  P1 epoch 2/3: step 1600/1980  loss=0.7053  17.5 it/s
  P1 epoch 2/3: step 1700/1980  loss=0.1853  17.6 it/s
  P1 epoch 2/3: step 1800/1980  loss=0.2061  17.1 it/s
  P1 epoch 2/3: step 1900/1980  loss=0.1983  14.6 it/s
  P1 epoch 2/3: step 1980/1980  loss=0.1070  17.7 it/s
  P1 ep2: train_loss=1.6681 val_pr_auc=0.6476
  P1 epoch 3/3: step 100/1980  loss=0.9346  14.2 it/s
  P1 epoch 3/3: step 200/1980  loss=0.0454  16.6 it/s
  P1 epoch 3/3: step 300/1980  loss=0.1055  17.1 it/s
  P1 epoch 3/3: step 400/1980  loss=0.1625  16.7 it/s
  P1 epoch 3/3: step 500/1980  loss=0.5073  17.8 it/s
  P1 epoch 3/3: step 600/1980  loss=0.0932  14.0 it/s
  P1 epoch 3/3: step 700/1980  loss=0.2676  11.8 it/s
  P1 epoch 3/3: step 800/1980  loss=0.1000  14.0 it/s
  P1 epoch 3/3: step 900/1980  loss=0.4542  14.5 it/s
  P1 epoch 3/3: step 1000/1980  loss=0.4010  14.8 it/s
  P1 epoch 3/3: step 1100/1980  loss=5.2096  12.7 it/s
  P1 epoch 3/3: step 1200/1980  loss=8.9430  16.1 it/s
  P1 epoch 3/3: step 1300/1980  loss=0.2904  17.0 it/s
  P1 epoch 3/3: step 1400/1980  loss=0.0958  16.7 it/s
  P1 epoch 3/3: step 1500/1980  loss=1.1742  17.3 it/s
  P1 epoch 3/3: step 1600/1980  loss=4.7533  14.7 it/s
  P1 epoch 3/3: step 1700/1980  loss=4.9297  13.8 it/s
  P1 epoch 3/3: step 1800/1980  loss=0.5051  13.7 it/s
  P1 epoch 3/3: step 1900/1980  loss=1.5125  14.7 it/s
  P1 epoch 3/3: step 1980/1980  loss=0.0259  14.0 it/s
  P1 ep3: train_loss=1.4968 val_pr_auc=0.6580

[Phase 2] unfreeze=6 - trainable 66,852,481/333,458,945 params
  P2 epoch 1/15: step 100/1980  loss=0.4427  8.2 it/s
  P2 epoch 1/15: step 200/1980  loss=15.6708  6.7 it/s
  P2 epoch 1/15: step 300/1980  loss=0.3204  4.2 it/s
  P2 epoch 1/15: step 400/1980  loss=1.9413  3.5 it/s
  P2 epoch 1/15: step 500/1980  loss=5.7697  5.0 it/s
  P2 epoch 1/15: step 600/1980  loss=0.8680  1.9 it/s
  P2 epoch 1/15: step 700/1980  loss=0.0180  3.0 it/s
  P2 epoch 1/15: step 800/1980  loss=0.0189  2.9 it/s
  P2 epoch 1/15: step 900/1980  loss=0.0745  2.6 it/s
  P2 epoch 1/15: step 1000/1980  loss=7.3727  3.3 it/s
  P2 epoch 1/15: step 1100/1980  loss=0.5100  3.2 it/s
  P2 epoch 1/15: step 1200/1980  loss=4.6721  4.0 it/s
  P2 epoch 1/15: step 1300/1980  loss=0.0071  6.0 it/s
  P2 epoch 1/15: step 1400/1980  loss=0.0034  9.2 it/s
  P2 epoch 1/15: step 1500/1980  loss=4.7903  10.9 it/s
  P2 epoch 1/15: step 1600/1980  loss=1.4229  8.4 it/s
  P2 epoch 1/15: step 1700/1980  loss=0.0149  4.2 it/s
  P2 epoch 1/15: step 1800/1980  loss=0.0074  3.3 it/s
  P2 epoch 1/15: step 1900/1980  loss=1.9315  3.3 it/s
  P2 epoch 1/15: step 1980/1980  loss=0.0165  2.6 it/s
  P2 ep1: train_loss=3.0566 val_pr_auc=0.7352
  P2 epoch 2/15: step 100/1980  loss=0.0033  5.7 it/s
  P2 epoch 2/15: step 200/1980  loss=0.0014  6.4 it/s
  P2 epoch 2/15: step 300/1980  loss=11.1936  6.6 it/s
  P2 epoch 2/15: step 400/1980  loss=0.0182  6.6 it/s
  P2 epoch 2/15: step 500/1980  loss=0.0823  6.7 it/s
  P2 epoch 2/15: step 600/1980  loss=0.0277  9.2 it/s
  P2 epoch 2/15: step 700/1980  loss=16.9925  8.3 it/s
  P2 epoch 2/15: step 800/1980  loss=0.0173  4.2 it/s
  P2 epoch 2/15: step 900/1980  loss=0.3158  4.6 it/s
  P2 epoch 2/15: step 1000/1980  loss=1.7351  4.0 it/s
  P2 epoch 2/15: step 1100/1980  loss=0.3098  4.0 it/s
  P2 epoch 2/15: step 1200/1980  loss=5.5961  3.4 it/s
  P2 epoch 2/15: step 1300/1980  loss=0.0265  4.6 it/s
  P2 epoch 2/15: step 1400/1980  loss=6.8821  5.1 it/s
  P2 epoch 2/15: step 1500/1980  loss=0.1411  4.9 it/s
  P2 epoch 2/15: step 1600/1980  loss=5.0283  6.9 it/s
  P2 epoch 2/15: step 1700/1980  loss=2.8890  8.0 it/s
  P2 epoch 2/15: step 1800/1980  loss=6.0895  9.8 it/s
  P2 epoch 2/15: step 1900/1980  loss=8.0537  8.5 it/s
  P2 epoch 2/15: step 1980/1980  loss=0.1018  8.2 it/s
  P2 ep2: train_loss=2.5461 val_pr_auc=0.7660
  P2 epoch 3/15: step 100/1980  loss=0.1021  5.5 it/s
  P2 epoch 3/15: step 200/1980  loss=0.0024  4.0 it/s
  P2 epoch 3/15: step 300/1980  loss=1.4213  4.2 it/s
  P2 epoch 3/15: step 400/1980  loss=0.0416  9.2 it/s
  P2 epoch 3/15: step 500/1980  loss=0.7981  2.9 it/s
  P2 epoch 3/15: step 600/1980  loss=0.0334  3.3 it/s
  P2 epoch 3/15: step 700/1980  loss=0.0068  3.4 it/s
  P2 epoch 3/15: step 800/1980  loss=3.3375  3.5 it/s
  P2 epoch 3/15: step 900/1980  loss=10.1932  4.7 it/s
  P2 epoch 3/15: step 1000/1980  loss=6.5157  4.0 it/s
  P2 epoch 3/15: step 1100/1980  loss=0.0079  4.2 it/s
  P2 epoch 3/15: step 1200/1980  loss=0.0029  3.8 it/s
  P2 epoch 3/15: step 1300/1980  loss=0.0006  2.6 it/s
  P2 epoch 3/15: step 1400/1980  loss=0.0130  3.4 it/s
  P2 epoch 3/15: step 1500/1980  loss=11.4138  4.5 it/s
  P2 epoch 3/15: step 1600/1980  loss=3.5290  4.1 it/s
  P2 epoch 3/15: step 1700/1980  loss=0.0148  4.0 it/s
  P2 epoch 3/15: step 1800/1980  loss=0.4809  4.2 it/s
  P2 epoch 3/15: step 1900/1980  loss=0.0110  4.2 it/s
  P2 epoch 3/15: step 1980/1980  loss=0.0200  3.5 it/s
  P2 ep3: train_loss=2.2572 val_pr_auc=0.7722
  P2 epoch 4/15: step 100/1980  loss=0.0096  4.1 it/s
  P2 epoch 4/15: step 200/1980  loss=0.0052  4.5 it/s
  P2 epoch 4/15: step 300/1980  loss=0.0184  4.7 it/s
  P2 epoch 4/15: step 400/1980  loss=3.9039  4.4 it/s
  P2 epoch 4/15: step 500/1980  loss=0.0235  4.6 it/s
  P2 epoch 4/15: step 600/1980  loss=1.6671  4.6 it/s
  P2 epoch 4/15: step 700/1980  loss=0.0060  4.2 it/s
  P2 epoch 4/15: step 800/1980  loss=0.0078  4.5 it/s
  P2 epoch 4/15: step 900/1980  loss=0.0029  4.0 it/s
  P2 epoch 4/15: step 1000/1980  loss=0.6668  3.9 it/s
  P2 epoch 4/15: step 1100/1980  loss=0.2153  4.2 it/s
  P2 epoch 4/15: step 1200/1980  loss=10.2893  4.1 it/s
  P2 epoch 4/15: step 1300/1980  loss=11.8490  4.7 it/s
  P2 epoch 4/15: step 1400/1980  loss=0.0134  4.2 it/s
  P2 epoch 4/15: step 1500/1980  loss=0.0021  4.6 it/s
  P2 epoch 4/15: step 1600/1980  loss=6.2503  4.7 it/s
  P2 epoch 4/15: step 1700/1980  loss=16.0146  4.5 it/s
  P2 epoch 4/15: step 1800/1980  loss=0.0590  4.4 it/s
  P2 epoch 4/15: step 1900/1980  loss=0.0036  4.8 it/s
  P2 epoch 4/15: step 1980/1980  loss=0.0120  4.0 it/s
  P2 ep4: train_loss=2.0566 val_pr_auc=0.7763
  P2 epoch 5/15: step 100/1980  loss=0.0627  4.1 it/s
  P2 epoch 5/15: step 200/1980  loss=0.0028  4.4 it/s
  P2 epoch 5/15: step 300/1980  loss=0.0342  4.3 it/s
  P2 epoch 5/15: step 400/1980  loss=0.0021  4.6 it/s
  P2 epoch 5/15: step 500/1980  loss=0.0399  4.3 it/s
  P2 epoch 5/15: step 600/1980  loss=0.4028  4.7 it/s
  P2 epoch 5/15: step 700/1980  loss=0.0052  4.5 it/s
  P2 epoch 5/15: step 800/1980  loss=0.0023  4.3 it/s
  P2 epoch 5/15: step 900/1980  loss=0.0116  4.6 it/s
  P2 epoch 5/15: step 1000/1980  loss=0.0039  4.4 it/s
  P2 epoch 5/15: step 1100/1980  loss=0.1418  4.5 it/s
  P2 epoch 5/15: step 1200/1980  loss=5.9888  5.1 it/s
  P2 epoch 5/15: step 1300/1980  loss=0.0020  4.7 it/s
  P2 epoch 5/15: step 1400/1980  loss=1.8542  5.0 it/s
  P2 epoch 5/15: step 1500/1980  loss=0.0768  4.9 it/s
  P2 epoch 5/15: step 1600/1980  loss=0.3541  5.1 it/s
  P2 epoch 5/15: step 1700/1980  loss=0.0035  5.1 it/s
  P2 epoch 5/15: step 1800/1980  loss=0.0044  4.6 it/s
  P2 epoch 5/15: step 1900/1980  loss=0.0079  4.3 it/s
  P2 epoch 5/15: step 1980/1980  loss=3.9453  4.5 it/s
  P2 ep5: train_loss=1.8044 val_pr_auc=0.7886
  P2 epoch 6/15: step 100/1980  loss=0.0138  4.6 it/s
  P2 epoch 6/15: step 200/1980  loss=0.0025  5.2 it/s
  P2 epoch 6/15: step 300/1980  loss=0.0060  5.8 it/s
  P2 epoch 6/15: step 400/1980  loss=0.0038  5.1 it/s
  P2 epoch 6/15: step 500/1980  loss=0.0481  5.3 it/s
  P2 epoch 6/15: step 600/1980  loss=0.0043  4.7 it/s
  P2 epoch 6/15: step 700/1980  loss=6.4888  4.0 it/s
  P2 epoch 6/15: step 800/1980  loss=0.0121  4.1 it/s
  P2 epoch 6/15: step 900/1980  loss=0.0020  4.0 it/s
  P2 epoch 6/15: step 1000/1980  loss=7.5356  3.9 it/s
  P2 epoch 6/15: step 1100/1980  loss=0.0023  3.6 it/s
  P2 epoch 6/15: step 1200/1980  loss=0.0015  4.5 it/s
  P2 epoch 6/15: step 1300/1980  loss=0.0046  4.3 it/s
  P2 epoch 6/15: step 1400/1980  loss=2.9092  4.7 it/s
  P2 epoch 6/15: step 1500/1980  loss=0.0011  5.6 it/s
  P2 epoch 6/15: step 1600/1980  loss=0.0026  5.1 it/s
  P2 epoch 6/15: step 1700/1980  loss=0.0264  5.6 it/s
  P2 epoch 6/15: step 1800/1980  loss=1.8033  4.1 it/s
  P2 epoch 6/15: step 1900/1980  loss=0.0242  3.7 it/s
  P2 epoch 6/15: step 1980/1980  loss=0.0096  3.6 it/s
  P2 ep6: train_loss=1.7224 val_pr_auc=0.7633
  P2 epoch 7/15: step 100/1980  loss=0.0061  5.3 it/s
  P2 epoch 7/15: step 200/1980  loss=0.0024  5.4 it/s
  P2 epoch 7/15: step 300/1980  loss=0.0035  5.6 it/s
  P2 epoch 7/15: step 400/1980  loss=0.5090  4.9 it/s
  P2 epoch 7/15: step 500/1980  loss=0.0039  4.8 it/s
  P2 epoch 7/15: step 600/1980  loss=5.8318  4.2 it/s
  P2 epoch 7/15: step 700/1980  loss=0.0037  3.7 it/s
  P2 epoch 7/15: step 800/1980  loss=0.0069  4.1 it/s
  P2 epoch 7/15: step 900/1980  loss=0.0168  5.1 it/s
  P2 epoch 7/15: step 1000/1980  loss=0.0018  4.4 it/s
  P2 epoch 7/15: step 1100/1980  loss=0.0015  4.5 it/s
  P2 epoch 7/15: step 1200/1980  loss=0.0020  5.1 it/s
  P2 epoch 7/15: step 1300/1980  loss=0.1104  4.5 it/s
  P2 epoch 7/15: step 1400/1980  loss=0.0044  4.5 it/s
  P2 epoch 7/15: step 1500/1980  loss=0.0017  4.8 it/s
  P2 epoch 7/15: step 1600/1980  loss=4.8955  3.6 it/s
  P2 epoch 7/15: step 1700/1980  loss=0.0009  3.5 it/s
  P2 epoch 7/15: step 1800/1980  loss=0.0437  3.8 it/s
  P2 epoch 7/15: step 1900/1980  loss=0.0715  5.1 it/s
  P2 epoch 7/15: step 1980/1980  loss=0.0048  4.4 it/s
  P2 ep7: train_loss=1.4507 val_pr_auc=0.7486
  P2 epoch 8/15: step 100/1980  loss=0.0033  4.6 it/s
  P2 epoch 8/15: step 200/1980  loss=0.0006  5.3 it/s
  P2 epoch 8/15: step 300/1980  loss=1.8612  4.9 it/s
  P2 epoch 8/15: step 400/1980  loss=0.0022  4.0 it/s
  P2 epoch 8/15: step 500/1980  loss=0.0022  4.0 it/s
  P2 epoch 8/15: step 600/1980  loss=0.0028  4.1 it/s
  P2 epoch 8/15: step 700/1980  loss=5.9839  4.7 it/s
  P2 epoch 8/15: step 800/1980  loss=8.1955  5.7 it/s
  P2 epoch 8/15: step 900/1980  loss=0.0022  4.9 it/s
  P2 epoch 8/15: step 1000/1980  loss=9.8199  5.4 it/s
  P2 epoch 8/15: step 1100/1980  loss=0.0082  5.5 it/s
  P2 epoch 8/15: step 1200/1980  loss=0.0073  5.0 it/s
  P2 epoch 8/15: step 1300/1980  loss=0.0010  5.7 it/s
  P2 epoch 8/15: step 1400/1980  loss=0.0052  4.7 it/s
  P2 epoch 8/15: step 1500/1980  loss=0.4143  4.0 it/s
  P2 epoch 8/15: step 1600/1980  loss=0.0125  3.7 it/s
  P2 epoch 8/15: step 1700/1980  loss=0.0255  4.7 it/s
  P2 epoch 8/15: step 1800/1980  loss=0.0009  4.7 it/s
  P2 epoch 8/15: step 1900/1980  loss=15.8912  5.1 it/s
  P2 epoch 8/15: step 1980/1980  loss=0.0012  5.0 it/s
  P2 ep8: train_loss=1.2965 val_pr_auc=0.7621
  early stop (no val improvement for 3 epochs)

Best val pr_auc: 0.7886
threshold_metric: fbeta (beta=0.5)

=== HELD-OUT TEST REPORT ===
target        n    pos pos_rate  pr_auc roc_auc     mcc      f1    f0.5
MMP9       6788    381    0.056   0.743   0.895   0.699   0.690   0.808
thresholds: {'MMP9': 0.986}

Saved model + meta + test report to /home/ryangustafson/Documents/GitHubProj/PhD-Research/Local/esmc_multirun_small/mmp9_other/model
  [ok] 78.8 min

$ /home/ryangustafson/miniconda3/envs/esmc/bin/python visualize.py --config multirun/configs_small/mmp9_other.yaml --split test --color-by target --out /home/ryangustafson/Documents/GitHubProj/PhD-Research/Local/esmc_multirun_small/mmp9_other/visualizations/target.png --model-dir /home/ryangustafson/Documents/GitHubProj/PhD-Research/Local/esmc_multirun_small/mmp9_other/model
  (cwd=/home/ryangustafson/Documents/GitHubProj/PhD-Research/ESM-C Classification, log=/home/ryangustafson/Documents/GitHubProj/PhD-Research/Local/esmc_multirun_small/mmp9_other/logs/visualize_target.log)
Warning: You are sending unauthenticated requests to the HF Hub. Please set a HF_TOKEN to enable higher rate limits and faster downloads.

Loading weights:   0%|          | 0/308 [00:00<?, ?it/s]
Loading weights:  21%|██        | 65/308 [00:00<00:00, 640.25it/s]
Loading weights:  42%|████▏     | 130/308 [00:00<00:00, 634.19it/s]
Loading weights:  63%|██████▎   | 194/308 [00:00<00:00, 570.60it/s]
Loading weights:  82%|████████▏ | 252/308 [00:00<00:00, 538.39it/s]
Loading weights: 100%|██████████| 308/308 [00:00<00:00, 625.53it/s]
[transformers] `use_return_dict` is deprecated! Use `return_dict` instead!
/home/ryangustafson/miniconda3/envs/esmc/lib/python3.11/site-packages/umap/umap_.py:1952: UserWarning: n_jobs value 1 overridden to 1 by setting random_state. Use no seed for parallelism.
  warn(
[info] subsampled to 5000 points
--- Embedding 5000 sequences (pooling=loop) ---
--- Reducing to 2D with UMAP ---

Saved plot to /home/ryangustafson/Documents/GitHubProj/PhD-Research/Local/esmc_multirun_small/mmp9_other/visualizations/target.png
Saved coordinates to /home/ryangustafson/Documents/GitHubProj/PhD-Research/Local/esmc_multirun_small/mmp9_other/visualizations/target.csv
  [ok] 3.3 min

$ /home/ryangustafson/miniconda3/envs/esmc/bin/python visualize.py --config multirun/configs_small/mmp9_other.yaml --split test --color-by binding --out /home/ryangustafson/Documents/GitHubProj/PhD-Research/Local/esmc_multirun_small/mmp9_other/visualizations/binding.png --model-dir /home/ryangustafson/Documents/GitHubProj/PhD-Research/Local/esmc_multirun_small/mmp9_other/model
  (cwd=/home/ryangustafson/Documents/GitHubProj/PhD-Research/ESM-C Classification, log=/home/ryangustafson/Documents/GitHubProj/PhD-Research/Local/esmc_multirun_small/mmp9_other/logs/visualize_binding.log)
Warning: You are sending unauthenticated requests to the HF Hub. Please set a HF_TOKEN to enable higher rate limits and faster downloads.

Loading weights:   0%|          | 0/308 [00:00<?, ?it/s]
Loading weights:  24%|██▍       | 74/308 [00:00<00:00, 730.92it/s]
Loading weights:  53%|█████▎    | 162/308 [00:00<00:00, 813.58it/s]
Loading weights:  82%|████████▏ | 252/308 [00:00<00:00, 852.12it/s]
Loading weights: 100%|██████████| 308/308 [00:00<00:00, 956.97it/s]
[transformers] `use_return_dict` is deprecated! Use `return_dict` instead!
/home/ryangustafson/miniconda3/envs/esmc/lib/python3.11/site-packages/umap/umap_.py:1952: UserWarning: n_jobs value 1 overridden to 1 by setting random_state. Use no seed for parallelism.
  warn(
[info] subsampled to 5000 points
--- Embedding 5000 sequences (pooling=loop) ---
--- Reducing to 2D with UMAP ---

Saved plot to /home/ryangustafson/Documents/GitHubProj/PhD-Research/Local/esmc_multirun_small/mmp9_other/visualizations/binding.png
Saved coordinates to /home/ryangustafson/Documents/GitHubProj/PhD-Research/Local/esmc_multirun_small/mmp9_other/visualizations/binding.csv
  [ok] 2.6 min

$ /home/ryangustafson/miniconda3/envs/esmc/bin/python shap_hotspots.py --config multirun/configs_small/mmp9_other.yaml --loop-subtype C-loop --n-explain 300 --background-size 50 --shap-chunk-size 10 --model-dir /home/ryangustafson/Documents/GitHubProj/PhD-Research/Local/esmc_multirun_small/mmp9_other/model
  (cwd=/home/ryangustafson/Documents/GitHubProj/PhD-Research/ESM-C Classification, log=/home/ryangustafson/Documents/GitHubProj/PhD-Research/Local/esmc_multirun_small/mmp9_other/logs/shap_cloop.log)
Warning: You are sending unauthenticated requests to the HF Hub. Please set a HF_TOKEN to enable higher rate limits and faster downloads.

Loading weights:   0%|          | 0/308 [00:00<?, ?it/s]
Loading weights:  33%|███▎      | 102/308 [00:00<00:00, 1017.19it/s]
Loading weights:  66%|██████▌   | 204/308 [00:00<00:00, 905.35it/s] 
Loading weights: 100%|██████████| 308/308 [00:00<00:00, 1102.81it/s]
[transformers] `use_return_dict` is deprecated! Use `return_dict` instead!
distinct scaffolds outside the window (subtype=C-loop): 1 (want 1)
window: char 62..67 | 1 targets: ['MMP9']
45252 unique measured loops (subtype=C-loop)
Running KernelSHAP: background=50, explain=300, positions=6 (=> 64 coalitions/instance), chunk_size=10
  10/300 explained  12.25 loops/min  ETA 23.7 min
  20/300 explained  12.11 loops/min  ETA 23.1 min
  30/300 explained  10.39 loops/min  ETA 26.0 min
  40/300 explained  10.18 loops/min  ETA 25.5 min
  50/300 explained  10.53 loops/min  ETA 23.7 min
  60/300 explained  10.79 loops/min  ETA 22.2 min
  70/300 explained  10.45 loops/min  ETA 22.0 min
  80/300 explained  10.19 loops/min  ETA 21.6 min
  90/300 explained  10.39 loops/min  ETA 20.2 min
  100/300 explained  10.55 loops/min  ETA 19.0 min
  110/300 explained  10.03 loops/min  ETA 18.9 min
  120/300 explained  10.17 loops/min  ETA 17.7 min
  130/300 explained  10.32 loops/min  ETA 16.5 min
  140/300 explained  10.42 loops/min  ETA 15.4 min
  150/300 explained  10.04 loops/min  ETA 14.9 min
  160/300 explained  10.16 loops/min  ETA 13.8 min
  170/300 explained  10.26 loops/min  ETA 12.7 min
  180/300 explained  10.36 loops/min  ETA 11.6 min
  190/300 explained  10.23 loops/min  ETA 10.7 min
  200/300 explained  10.15 loops/min  ETA 9.9 min
  210/300 explained  10.21 loops/min  ETA 8.8 min
  220/300 explained  10.30 loops/min  ETA 7.8 min
  230/300 explained  10.06 loops/min  ETA 7.0 min
  240/300 explained  10.14 loops/min  ETA 5.9 min
  250/300 explained  10.21 loops/min  ETA 4.9 min
  260/300 explained  10.20 loops/min  ETA 3.9 min
  270/300 explained  10.08 loops/min  ETA 3.0 min
  280/300 explained  10.15 loops/min  ETA 2.0 min
  290/300 explained  10.21 loops/min  ETA 1.0 min
  300/300 explained  10.26 loops/min  ETA 0.0 min

SHAP HOTSPOT SUMMARY
========================================
loop_subtype: C-loop
n_explain: 300

MMP9: position importance (most->least) = ['P3', 'P4', 'P5', 'P1', 'P2', 'P6']
    P1: pushes-toward-bind=P pushes-away=L
    P2: pushes-toward-bind=F pushes-away=C
    P3: pushes-toward-bind=G pushes-away=C
    P4: pushes-toward-bind=S pushes-away=C
    P5: pushes-toward-bind=L pushes-away=W
    P6: pushes-toward-bind=C pushes-away=C

Figures + tables written to /home/ryangustafson/Documents/GitHubProj/PhD-Research/Local/esmc_multirun_small/mmp9_other/shap/cloop
  [ok] 30.0 min

======================================================================
Variant: everything_combined  ->  /home/ryangustafson/Documents/GitHubProj/PhD-Research/Local/esmc_multirun_small/everything_combined
======================================================================

$ /home/ryangustafson/miniconda3/envs/esmc/bin/python data_prep.py --config multirun/configs_small/everything_combined.yaml
  (cwd=/home/ryangustafson/Documents/GitHubProj/PhD-Research/ESM-C Classification, log=/home/ryangustafson/Documents/GitHubProj/PhD-Research/Local/esmc_multirun_small/everything_combined/logs/data_prep.log)
--- Loading /home/ryangustafson/Documents/GitHubProj/PhD-Research/Local/esmc_multirun/derived_data/everything_combined.csv ---
  raw rows: 93210
  unique sequences after pivot: 92727 (resolved 2 conflicts, dropped 0 ties)

--- Split summary ---
train: 64907 seqs
        ADAM17  assayed=1628   pos=438    pos_rate=0.269
        MMP3    assayed=26244  pos=24290  pos_rate=0.9255
        MMP9    assayed=37371  pos=5606   pos_rate=0.15
  val: 13910 seqs
        ADAM17  assayed=350    pos=91     pos_rate=0.26
        MMP3    assayed=5624   pos=5190   pos_rate=0.9228
        MMP9    assayed=8004   pos=1185   pos_rate=0.1481
 test: 13910 seqs
        ADAM17  assayed=317    pos=86     pos_rate=0.2713
        MMP3    assayed=5610   pos=5185   pos_rate=0.9242
        MMP9    assayed=8059   pos=1189   pos_rate=0.1475

pos_weight (train n_neg/n_pos): {'ADAM17': 2.7169, 'MMP3': 0.0804, 'MMP9': 5.6663}
Hamming-1 exposure (val/test loops within 1 edit of a train loop): {'val': 0.8311, 'test': 0.8359}

Saved splits + manifest to /home/ryangustafson/Documents/GitHubProj/PhD-Research/Local/esmc_multirun_small/everything_combined/data
  [ok] 5.4 min

$ /home/ryangustafson/miniconda3/envs/esmc/bin/python train.py --config multirun/configs_small/everything_combined.yaml --log-every 100
  (cwd=/home/ryangustafson/Documents/GitHubProj/PhD-Research/ESM-C Classification, log=/home/ryangustafson/Documents/GitHubProj/PhD-Research/Local/esmc_multirun_small/everything_combined/logs/train.log)
Warning: You are sending unauthenticated requests to the HF Hub. Please set a HF_TOKEN to enable higher rate limits and faster downloads.
Device: cuda | model: Synthyra/ESMplusplus_small | pooling: loop
pos_weight: {'ADAM17': 2.717, 'MMP3': 0.08, 'MMP9': 5.666}
{'train': 64907, 'val': 13910, 'test': 13910}

Loading weights:   0%|          | 0/308 [00:00<?, ?it/s]
Loading weights:  27%|██▋       | 82/308 [00:00<00:00, 818.82it/s]
Loading weights:  53%|█████▎    | 164/308 [00:00<00:00, 804.25it/s]
Loading weights:  80%|███████▉  | 245/308 [00:00<00:00, 805.82it/s]
Loading weights: 100%|██████████| 308/308 [00:00<00:00, 971.15it/s]
precision: bfloat16 | loss-scaler: False

[Phase 1] heads only - trainable 462,723/333,459,907 params
[transformers] `use_return_dict` is deprecated! Use `return_dict` instead!
  P1 epoch 1/3: step 100/4057  loss=1.4724  6.8 it/s
  P1 epoch 1/3: step 200/4057  loss=0.5322  5.9 it/s
  P1 epoch 1/3: step 300/4057  loss=0.6466  6.0 it/s
  P1 epoch 1/3: step 400/4057  loss=0.4531  5.5 it/s
  P1 epoch 1/3: step 500/4057  loss=1.7872  6.0 it/s
  P1 epoch 1/3: step 600/4057  loss=0.3982  5.7 it/s
  P1 epoch 1/3: step 700/4057  loss=0.1150  7.9 it/s
  P1 epoch 1/3: step 800/4057  loss=0.2842  7.0 it/s
  P1 epoch 1/3: step 900/4057  loss=0.7285  6.4 it/s
  P1 epoch 1/3: step 1000/4057  loss=1.0801  7.2 it/s
  P1 epoch 1/3: step 1100/4057  loss=0.2224  6.8 it/s
  P1 epoch 1/3: step 1200/4057  loss=1.4071  5.2 it/s
  P1 epoch 1/3: step 1300/4057  loss=0.1164  6.7 it/s
  P1 epoch 1/3: step 1400/4057  loss=0.1877  8.4 it/s
  P1 epoch 1/3: step 1500/4057  loss=0.2841  6.7 it/s
  P1 epoch 1/3: step 1600/4057  loss=0.4786  6.6 it/s
  P1 epoch 1/3: step 1700/4057  loss=0.0998  5.7 it/s
  P1 epoch 1/3: step 1800/4057  loss=0.1800  5.7 it/s
  P1 epoch 1/3: step 1900/4057  loss=0.2648  5.9 it/s
  P1 epoch 1/3: step 2000/4057  loss=1.2010  7.6 it/s
  P1 epoch 1/3: step 2100/4057  loss=0.4825  7.3 it/s
  P1 epoch 1/3: step 2200/4057  loss=0.2417  8.6 it/s
  P1 epoch 1/3: step 2300/4057  loss=0.6071  8.4 it/s
  P1 epoch 1/3: step 2400/4057  loss=0.6896  8.0 it/s
  P1 epoch 1/3: step 2500/4057  loss=0.5389  8.8 it/s
  P1 epoch 1/3: step 2600/4057  loss=0.1257  9.0 it/s
  P1 epoch 1/3: step 2700/4057  loss=0.0865  8.4 it/s
  P1 epoch 1/3: step 2800/4057  loss=0.0683  9.3 it/s
  P1 epoch 1/3: step 2900/4057  loss=0.2381  9.4 it/s
  P1 epoch 1/3: step 3000/4057  loss=0.4406  7.3 it/s
  P1 epoch 1/3: step 3100/4057  loss=0.6136  7.0 it/s
  P1 epoch 1/3: step 3200/4057  loss=0.5478  5.6 it/s
  P1 epoch 1/3: step 3300/4057  loss=0.3183  6.4 it/s
  P1 epoch 1/3: step 3400/4057  loss=0.1899  5.8 it/s
  P1 epoch 1/3: step 3500/4057  loss=0.3005  7.7 it/s
  P1 epoch 1/3: step 3600/4057  loss=0.1581  8.0 it/s
  P1 epoch 1/3: step 3700/4057  loss=5.6362  8.6 it/s
  P1 epoch 1/3: step 3800/4057  loss=0.5859  8.1 it/s
  P1 epoch 1/3: step 3900/4057  loss=0.3483  7.9 it/s
  P1 epoch 1/3: step 4000/4057  loss=0.6554  8.7 it/s
  P1 epoch 1/3: step 4057/4057  loss=1.1036  8.4 it/s
  P1 ep1: train_loss=0.5801 val_pr_auc=0.7583
  P1 epoch 2/3: step 100/4057  loss=0.2489  6.7 it/s
  P1 epoch 2/3: step 200/4057  loss=0.5894  7.5 it/s
  P1 epoch 2/3: step 300/4057  loss=0.3097  8.2 it/s
  P1 epoch 2/3: step 400/4057  loss=1.0761  8.9 it/s
  P1 epoch 2/3: step 500/4057  loss=0.2263  7.8 it/s
  P1 epoch 2/3: step 600/4057  loss=0.1558  8.7 it/s
  P1 epoch 2/3: step 700/4057  loss=0.3208  7.0 it/s
  P1 epoch 2/3: step 800/4057  loss=0.2998  9.4 it/s
  P1 epoch 2/3: step 900/4057  loss=0.1821  8.1 it/s
  P1 epoch 2/3: step 1000/4057  loss=1.4137  7.4 it/s
  P1 epoch 2/3: step 1100/4057  loss=0.3828  7.9 it/s
  P1 epoch 2/3: step 1200/4057  loss=0.1510  6.3 it/s
  P1 epoch 2/3: step 1300/4057  loss=0.2172  6.8 it/s
  P1 epoch 2/3: step 1400/4057  loss=0.1507  5.6 it/s
  P1 epoch 2/3: step 1500/4057  loss=4.3775  5.6 it/s
  P1 epoch 2/3: step 1600/4057  loss=0.2127  6.1 it/s
  P1 epoch 2/3: step 1700/4057  loss=1.3967  7.0 it/s
  P1 epoch 2/3: step 1800/4057  loss=0.0693  7.4 it/s
  P1 epoch 2/3: step 1900/4057  loss=0.2638  6.3 it/s
  P1 epoch 2/3: step 2000/4057  loss=0.5124  7.4 it/s
  P1 epoch 2/3: step 2100/4057  loss=0.1310  7.2 it/s
  P1 epoch 2/3: step 2200/4057  loss=0.2248  8.3 it/s
  P1 epoch 2/3: step 2300/4057  loss=1.0177  8.9 it/s
  P1 epoch 2/3: step 2400/4057  loss=0.8907  8.0 it/s
  P1 epoch 2/3: step 2500/4057  loss=0.9485  9.0 it/s
  P1 epoch 2/3: step 2600/4057  loss=0.4617  8.8 it/s
  P1 epoch 2/3: step 2700/4057  loss=0.3219  6.8 it/s
  P1 epoch 2/3: step 2800/4057  loss=0.2327  7.5 it/s
  P1 epoch 2/3: step 2900/4057  loss=0.2893  5.9 it/s
  P1 epoch 2/3: step 3000/4057  loss=0.4677  5.8 it/s
  P1 epoch 2/3: step 3100/4057  loss=0.4250  5.9 it/s
  P1 epoch 2/3: step 3200/4057  loss=0.8225  7.9 it/s
  P1 epoch 2/3: step 3300/4057  loss=0.0951  7.9 it/s
  P1 epoch 2/3: step 3400/4057  loss=0.3119  8.1 it/s
  P1 epoch 2/3: step 3500/4057  loss=0.2760  7.6 it/s
  P1 epoch 2/3: step 3600/4057  loss=1.3525  8.1 it/s
  P1 epoch 2/3: step 3700/4057  loss=0.2839  8.9 it/s
  P1 epoch 2/3: step 3800/4057  loss=0.1092  9.2 it/s
  P1 epoch 2/3: step 3900/4057  loss=0.6914  7.8 it/s
  P1 epoch 2/3: step 4000/4057  loss=0.5487  8.4 it/s
  P1 epoch 2/3: step 4057/4057  loss=0.2420  8.0 it/s
  P1 ep2: train_loss=0.5326 val_pr_auc=0.7578
  P1 epoch 3/3: step 100/4057  loss=0.2726  6.1 it/s
  P1 epoch 3/3: step 200/4057  loss=0.2135  7.0 it/s
  P1 epoch 3/3: step 300/4057  loss=0.6762  7.7 it/s
  P1 epoch 3/3: step 400/4057  loss=0.8505  8.9 it/s
  P1 epoch 3/3: step 500/4057  loss=0.2241  8.6 it/s
  P1 epoch 3/3: step 600/4057  loss=0.4418  8.2 it/s
  P1 epoch 3/3: step 700/4057  loss=0.1488  8.5 it/s
  P1 epoch 3/3: step 800/4057  loss=2.1821  8.6 it/s
  P1 epoch 3/3: step 900/4057  loss=0.0932  6.7 it/s
  P1 epoch 3/3: step 1000/4057  loss=1.1115  6.4 it/s
  P1 epoch 3/3: step 1100/4057  loss=0.1616  5.6 it/s
  P1 epoch 3/3: step 1200/4057  loss=1.1607  6.2 it/s
  P1 epoch 3/3: step 1300/4057  loss=0.6088  6.4 it/s
  P1 epoch 3/3: step 1400/4057  loss=0.0866  8.8 it/s
  P1 epoch 3/3: step 1500/4057  loss=0.1550  8.0 it/s
  P1 epoch 3/3: step 1600/4057  loss=1.5374  6.8 it/s
  P1 epoch 3/3: step 1700/4057  loss=0.5602  8.2 it/s
  P1 epoch 3/3: step 1800/4057  loss=0.2223  7.5 it/s
  P1 epoch 3/3: step 1900/4057  loss=0.1112  8.6 it/s
  P1 epoch 3/3: step 2000/4057  loss=0.8161  8.1 it/s
  P1 epoch 3/3: step 2100/4057  loss=0.1133  7.0 it/s
  P1 epoch 3/3: step 2200/4057  loss=6.7747  8.6 it/s
  P1 epoch 3/3: step 2300/4057  loss=0.4368  8.5 it/s
  P1 epoch 3/3: step 2400/4057  loss=0.0931  6.7 it/s
  P1 epoch 3/3: step 2500/4057  loss=0.3469  6.4 it/s
  P1 epoch 3/3: step 2600/4057  loss=0.2709  5.7 it/s
  P1 epoch 3/3: step 2700/4057  loss=0.1154  6.2 it/s
  P1 epoch 3/3: step 2800/4057  loss=0.5465  6.4 it/s
  P1 epoch 3/3: step 2900/4057  loss=0.1214  6.7 it/s
  P1 epoch 3/3: step 3000/4057  loss=0.5199  6.0 it/s
  P1 epoch 3/3: step 3100/4057  loss=1.0694  6.9 it/s
  P1 epoch 3/3: step 3200/4057  loss=0.9968  6.7 it/s
  P1 epoch 3/3: step 3300/4057  loss=0.0554  8.0 it/s
  P1 epoch 3/3: step 3400/4057  loss=0.2010  8.2 it/s
  P1 epoch 3/3: step 3500/4057  loss=0.0874  7.2 it/s
  P1 epoch 3/3: step 3600/4057  loss=0.2011  7.9 it/s
  P1 epoch 3/3: step 3700/4057  loss=0.2512  7.1 it/s
  P1 epoch 3/3: step 3800/4057  loss=0.1774  5.2 it/s
  P1 epoch 3/3: step 3900/4057  loss=0.1906  4.7 it/s
  P1 epoch 3/3: step 4000/4057  loss=0.0423  5.1 it/s
  P1 epoch 3/3: step 4057/4057  loss=0.8471  5.3 it/s
  P1 ep3: train_loss=0.5055 val_pr_auc=0.7662

[Phase 2] unfreeze=6 - trainable 66,853,443/333,459,907 params
  P2 epoch 1/15: step 100/4057  loss=0.4793  5.2 it/s
  P2 epoch 1/15: step 200/4057  loss=0.2804  5.0 it/s
  P2 epoch 1/15: step 300/4057  loss=0.1596  4.2 it/s
  P2 epoch 1/15: step 400/4057  loss=1.6997  4.2 it/s
  P2 epoch 1/15: step 500/4057  loss=0.1260  5.4 it/s
  P2 epoch 1/15: step 600/4057  loss=0.1805  5.3 it/s
  P2 epoch 1/15: step 700/4057  loss=0.5350  5.1 it/s
  P2 epoch 1/15: step 800/4057  loss=0.6484  5.4 it/s
  P2 epoch 1/15: step 900/4057  loss=0.0669  6.0 it/s
  P2 epoch 1/15: step 1000/4057  loss=0.0593  5.9 it/s
  P2 epoch 1/15: step 1100/4057  loss=0.1394  6.0 it/s
  P2 epoch 1/15: step 1200/4057  loss=0.1698  4.9 it/s
  P2 epoch 1/15: step 1300/4057  loss=0.0382  4.0 it/s
  P2 epoch 1/15: step 1400/4057  loss=0.0622  3.9 it/s
  P2 epoch 1/15: step 1500/4057  loss=2.4619  4.8 it/s
  P2 epoch 1/15: step 1600/4057  loss=0.0480  5.5 it/s
  P2 epoch 1/15: step 1700/4057  loss=0.0529  5.5 it/s
  P2 epoch 1/15: step 1800/4057  loss=0.0610  5.4 it/s
  P2 epoch 1/15: step 1900/4057  loss=0.3182  5.4 it/s
  P2 epoch 1/15: step 2000/4057  loss=0.1742  5.4 it/s
  P2 epoch 1/15: step 2100/4057  loss=0.1105  6.4 it/s
  P2 epoch 1/15: step 2200/4057  loss=0.0581  5.8 it/s
  P2 epoch 1/15: step 2300/4057  loss=0.4218  5.1 it/s
  P2 epoch 1/15: step 2400/4057  loss=0.0987  4.4 it/s
  P2 epoch 1/15: step 2500/4057  loss=0.0757  3.9 it/s
  P2 epoch 1/15: step 2600/4057  loss=0.1011  4.7 it/s
  P2 epoch 1/15: step 2700/4057  loss=0.2208  6.1 it/s
  P2 epoch 1/15: step 2800/4057  loss=0.0520  5.4 it/s
  P2 epoch 1/15: step 2900/4057  loss=0.0983  5.9 it/s
  P2 epoch 1/15: step 3000/4057  loss=0.0448  5.6 it/s
  P2 epoch 1/15: step 3100/4057  loss=0.0381  6.3 it/s
  P2 epoch 1/15: step 3200/4057  loss=0.1636  5.2 it/s
  P2 epoch 1/15: step 3300/4057  loss=0.3646  5.5 it/s
  P2 epoch 1/15: step 3400/4057  loss=2.2477  4.8 it/s
  P2 epoch 1/15: step 3500/4057  loss=0.4087  4.4 it/s
  P2 epoch 1/15: step 3600/4057  loss=0.1284  4.2 it/s
  P2 epoch 1/15: step 3700/4057  loss=0.2950  3.7 it/s
  P2 epoch 1/15: step 3800/4057  loss=1.1966  3.0 it/s
  P2 epoch 1/15: step 3900/4057  loss=0.1023  3.6 it/s
  P2 epoch 1/15: step 4000/4057  loss=0.6583  4.8 it/s
  P2 epoch 1/15: step 4057/4057  loss=0.2945  4.7 it/s
  P2 ep1: train_loss=0.7812 val_pr_auc=0.8024
  P2 epoch 2/15: step 100/4057  loss=0.9076  4.9 it/s
  P2 epoch 2/15: step 200/4057  loss=0.1390  5.0 it/s
  P2 epoch 2/15: step 300/4057  loss=6.4157  4.6 it/s
  P2 epoch 2/15: step 400/4057  loss=0.2781  4.3 it/s
  P2 epoch 2/15: step 500/4057  loss=7.9843  5.2 it/s
  P2 epoch 2/15: step 600/4057  loss=0.0602  4.4 it/s
  P2 epoch 2/15: step 700/4057  loss=0.3302  5.2 it/s
  P2 epoch 2/15: step 800/4057  loss=0.1070  4.9 it/s
  P2 epoch 2/15: step 900/4057  loss=6.0872  4.8 it/s
  P2 epoch 2/15: step 1000/4057  loss=1.2495  5.3 it/s
  P2 epoch 2/15: step 1100/4057  loss=0.1020  3.7 it/s
  P2 epoch 2/15: step 1200/4057  loss=0.0641  3.5 it/s
  P2 epoch 2/15: step 1300/4057  loss=0.1229  3.9 it/s
  P2 epoch 2/15: step 1400/4057  loss=0.0850  4.7 it/s
  P2 epoch 2/15: step 1500/4057  loss=0.2834  4.7 it/s
  P2 epoch 2/15: step 1600/4057  loss=0.1363  5.0 it/s
  P2 epoch 2/15: step 1700/4057  loss=0.1649  5.0 it/s
  P2 epoch 2/15: step 1800/4057  loss=0.2791  4.0 it/s
  P2 epoch 2/15: step 1900/4057  loss=0.1008  4.4 it/s
  P2 epoch 2/15: step 2000/4057  loss=6.5234  4.8 it/s
  P2 epoch 2/15: step 2100/4057  loss=0.0368  4.8 it/s
  P2 epoch 2/15: step 2200/4057  loss=0.2384  4.5 it/s
  P2 epoch 2/15: step 2300/4057  loss=0.0411  4.7 it/s
  P2 epoch 2/15: step 2400/4057  loss=0.2011  4.7 it/s
  P2 epoch 2/15: step 2500/4057  loss=0.1262  4.8 it/s
  P2 epoch 2/15: step 2600/4057  loss=1.0678  4.0 it/s
  P2 epoch 2/15: step 2700/4057  loss=0.9839  3.9 it/s
  P2 epoch 2/15: step 2800/4057  loss=0.0593  4.0 it/s
  P2 epoch 2/15: step 2900/4057  loss=0.1587  4.4 it/s
  P2 epoch 2/15: step 3000/4057  loss=0.0463  4.5 it/s
  P2 epoch 2/15: step 3100/4057  loss=0.3121  4.6 it/s
  P2 epoch 2/15: step 3200/4057  loss=0.5306  4.6 it/s
  P2 epoch 2/15: step 3300/4057  loss=0.2120  4.5 it/s
  P2 epoch 2/15: step 3400/4057  loss=0.0330  4.4 it/s
  P2 epoch 2/15: step 3500/4057  loss=0.0685  4.6 it/s
  P2 epoch 2/15: step 3600/4057  loss=0.1270  4.2 it/s
  P2 epoch 2/15: step 3700/4057  loss=0.1103  4.0 it/s
  P2 epoch 2/15: step 3800/4057  loss=0.7624  4.0 it/s
  P2 epoch 2/15: step 3900/4057  loss=0.1040  3.9 it/s
  P2 epoch 2/15: step 4000/4057  loss=0.1859  3.9 it/s
  P2 epoch 2/15: step 4057/4057  loss=0.3450  4.8 it/s
  P2 ep2: train_loss=0.6386 val_pr_auc=0.8127
  P2 epoch 3/15: step 100/4057  loss=0.0717  4.7 it/s
  P2 epoch 3/15: step 200/4057  loss=0.0661  4.4 it/s
  P2 epoch 3/15: step 300/4057  loss=4.2963  4.6 it/s
  P2 epoch 3/15: step 400/4057  loss=0.3417  4.0 it/s
  P2 epoch 3/15: step 500/4057  loss=0.1772  3.4 it/s
  P2 epoch 3/15: step 600/4057  loss=0.3616  4.2 it/s
  P2 epoch 3/15: step 700/4057  loss=0.0548  4.4 it/s
  P2 epoch 3/15: step 800/4057  loss=0.2394  3.7 it/s
  P2 epoch 3/15: step 900/4057  loss=0.2430  4.1 it/s
  P2 epoch 3/15: step 1000/4057  loss=0.0991  4.4 it/s
  P2 epoch 3/15: step 1100/4057  loss=0.1709  5.0 it/s
  P2 epoch 3/15: step 1200/4057  loss=0.4838  4.5 it/s
  P2 epoch 3/15: step 1300/4057  loss=0.0908  5.3 it/s
  P2 epoch 3/15: step 1400/4057  loss=0.0442  4.9 it/s
  P2 epoch 3/15: step 1500/4057  loss=0.6748  4.9 it/s
  P2 epoch 3/15: step 1600/4057  loss=0.2814  5.3 it/s
  P2 epoch 3/15: step 1700/4057  loss=5.8479  4.8 it/s
  P2 epoch 3/15: step 1800/4057  loss=0.1403  5.1 it/s
  P2 epoch 3/15: step 1900/4057  loss=0.1927  4.3 it/s
  P2 epoch 3/15: step 2000/4057  loss=0.0027  4.0 it/s
  P2 epoch 3/15: step 2100/4057  loss=0.0662  4.9 it/s
  P2 epoch 3/15: step 2200/4057  loss=0.0356  4.9 it/s
  P2 epoch 3/15: step 2300/4057  loss=0.0595  4.4 it/s
  P2 epoch 3/15: step 2400/4057  loss=0.1279  4.9 it/s
  P2 epoch 3/15: step 2500/4057  loss=1.7708  4.7 it/s
  P2 epoch 3/15: step 2600/4057  loss=0.2440  3.9 it/s
  P2 epoch 3/15: step 2700/4057  loss=0.1950  3.8 it/s
  P2 epoch 3/15: step 2800/4057  loss=0.1590  4.1 it/s
  P2 epoch 3/15: step 2900/4057  loss=0.0177  5.2 it/s
  P2 epoch 3/15: step 3000/4057  loss=1.9753  5.3 it/s
  P2 epoch 3/15: step 3100/4057  loss=0.1055  4.8 it/s
  P2 epoch 3/15: step 3200/4057  loss=1.7577  5.0 it/s
  P2 epoch 3/15: step 3300/4057  loss=3.2467  5.6 it/s
  P2 epoch 3/15: step 3400/4057  loss=0.0313  5.1 it/s
  P2 epoch 3/15: step 3500/4057  loss=0.0663  5.2 it/s
  P2 epoch 3/15: step 3600/4057  loss=0.2082  4.4 it/s
  P2 epoch 3/15: step 3700/4057  loss=1.4863  4.0 it/s
  P2 epoch 3/15: step 3800/4057  loss=0.0677  3.6 it/s
  P2 epoch 3/15: step 3900/4057  loss=0.3011  3.5 it/s
  P2 epoch 3/15: step 4000/4057  loss=4.4547  4.1 it/s
  P2 epoch 3/15: step 4057/4057  loss=0.0228  4.6 it/s
  P2 ep3: train_loss=0.5810 val_pr_auc=0.8109
  P2 epoch 4/15: step 100/4057  loss=3.7784  3.6 it/s
  P2 epoch 4/15: step 200/4057  loss=0.2385  4.0 it/s
  P2 epoch 4/15: step 300/4057  loss=0.2440  4.6 it/s
  P2 epoch 4/15: step 400/4057  loss=0.0538  5.0 it/s
  P2 epoch 4/15: step 500/4057  loss=0.0303  4.7 it/s
  P2 epoch 4/15: step 600/4057  loss=0.0240  4.6 it/s
  P2 epoch 4/15: step 700/4057  loss=0.0290  5.3 it/s
  P2 epoch 4/15: step 800/4057  loss=0.0679  4.8 it/s
  P2 epoch 4/15: step 900/4057  loss=0.1478  4.9 it/s
  P2 epoch 4/15: step 1000/4057  loss=0.0492  4.5 it/s
  P2 epoch 4/15: step 1100/4057  loss=0.3043  4.0 it/s
  P2 epoch 4/15: step 1200/4057  loss=1.0954  3.9 it/s
  P2 epoch 4/15: step 1300/4057  loss=0.4246  4.2 it/s
  P2 epoch 4/15: step 1400/4057  loss=0.3091  5.2 it/s
  P2 epoch 4/15: step 1500/4057  loss=0.0410  4.7 it/s
  P2 epoch 4/15: step 1600/4057  loss=0.1252  5.1 it/s
  P2 epoch 4/15: step 1700/4057  loss=0.0558  4.8 it/s
  P2 epoch 4/15: step 1800/4057  loss=0.3101  5.6 it/s
  P2 epoch 4/15: step 1900/4057  loss=0.0516  5.1 it/s
  P2 epoch 4/15: step 2000/4057  loss=0.1005  5.0 it/s
  P2 epoch 4/15: step 2100/4057  loss=0.0619  5.3 it/s
  P2 epoch 4/15: step 2200/4057  loss=0.0522  4.6 it/s
  P2 epoch 4/15: step 2300/4057  loss=0.3248  3.8 it/s
  P2 epoch 4/15: step 2400/4057  loss=0.4331  3.9 it/s
  P2 epoch 4/15: step 2500/4057  loss=0.0139  4.1 it/s
  P2 epoch 4/15: step 2600/4057  loss=0.5039  4.2 it/s
  P2 epoch 4/15: step 2700/4057  loss=0.0128  4.9 it/s
  P2 epoch 4/15: step 2800/4057  loss=0.0262  5.2 it/s
  P2 epoch 4/15: step 2900/4057  loss=0.3450  5.1 it/s
  P2 epoch 4/15: step 3000/4057  loss=0.0493  4.8 it/s
  P2 epoch 4/15: step 3100/4057  loss=0.0327  5.2 it/s
  P2 epoch 4/15: step 3200/4057  loss=0.0118  4.6 it/s
  P2 epoch 4/15: step 3300/4057  loss=0.9329  4.2 it/s
  P2 epoch 4/15: step 3400/4057  loss=0.1936  3.8 it/s
  P2 epoch 4/15: step 3500/4057  loss=0.0462  4.1 it/s
  P2 epoch 4/15: step 3600/4057  loss=0.0457  5.1 it/s
  P2 epoch 4/15: step 3700/4057  loss=0.4554  4.3 it/s
  P2 epoch 4/15: step 3800/4057  loss=0.0407  4.9 it/s
  P2 epoch 4/15: step 3900/4057  loss=0.1392  5.5 it/s
  P2 epoch 4/15: step 4000/4057  loss=0.0461  5.0 it/s
  P2 epoch 4/15: step 4057/4057  loss=0.4510  5.4 it/s
  P2 ep4: train_loss=0.5540 val_pr_auc=0.8067
  P2 epoch 5/15: step 100/4057  loss=0.1706  4.8 it/s
  P2 epoch 5/15: step 200/4057  loss=0.3441  5.4 it/s
  P2 epoch 5/15: step 300/4057  loss=0.0117  5.1 it/s
  P2 epoch 5/15: step 400/4057  loss=0.8209  5.1 it/s
  P2 epoch 5/15: step 500/4057  loss=0.2195  5.4 it/s
  P2 epoch 5/15: step 600/4057  loss=0.1160  4.4 it/s
  P2 epoch 5/15: step 700/4057  loss=0.1021  3.9 it/s
  P2 epoch 5/15: step 800/4057  loss=3.0805  3.9 it/s
  P2 epoch 5/15: step 900/4057  loss=0.0378  4.2 it/s
  P2 epoch 5/15: step 1000/4057  loss=0.2113  4.7 it/s
  P2 epoch 5/15: step 1100/4057  loss=0.0072  5.1 it/s
  P2 epoch 5/15: step 1200/4057  loss=0.3793  5.2 it/s
  P2 epoch 5/15: step 1300/4057  loss=0.3857  5.8 it/s
  P2 epoch 5/15: step 1400/4057  loss=0.1336  5.5 it/s
  P2 epoch 5/15: step 1500/4057  loss=0.0696  5.4 it/s
  P2 epoch 5/15: step 1600/4057  loss=0.0780  5.1 it/s
  P2 epoch 5/15: step 1700/4057  loss=0.0117  4.1 it/s
  P2 epoch 5/15: step 1800/4057  loss=0.0710  3.8 it/s
  P2 epoch 5/15: step 1900/4057  loss=0.0302  5.0 it/s
  P2 epoch 5/15: step 2000/4057  loss=0.0830  5.3 it/s
  P2 epoch 5/15: step 2100/4057  loss=0.0919  5.4 it/s
  P2 epoch 5/15: step 2200/4057  loss=0.1947  5.6 it/s
  P2 epoch 5/15: step 2300/4057  loss=0.0736  5.8 it/s
  P2 epoch 5/15: step 2400/4057  loss=0.0635  5.2 it/s
  P2 epoch 5/15: step 2500/4057  loss=0.1315  5.1 it/s
  P2 epoch 5/15: step 2600/4057  loss=0.7401  4.7 it/s
  P2 epoch 5/15: step 2700/4057  loss=8.9312  4.1 it/s
  P2 epoch 5/15: step 2800/4057  loss=0.2268  3.8 it/s
  P2 epoch 5/15: step 2900/4057  loss=0.0689  4.7 it/s
  P2 epoch 5/15: step 3000/4057  loss=0.0590  5.0 it/s
  P2 epoch 5/15: step 3100/4057  loss=0.0128  4.8 it/s
  P2 epoch 5/15: step 3200/4057  loss=0.4638  5.5 it/s
  P2 epoch 5/15: step 3300/4057  loss=0.0318  5.1 it/s
  P2 epoch 5/15: step 3400/4057  loss=0.1779  5.8 it/s
  P2 epoch 5/15: step 3500/4057  loss=1.2974  5.3 it/s
  P2 epoch 5/15: step 3600/4057  loss=0.0347  5.5 it/s
  P2 epoch 5/15: step 3700/4057  loss=0.0874  4.7 it/s
  P2 epoch 5/15: step 3800/4057  loss=0.0072  4.0 it/s
  P2 epoch 5/15: step 3900/4057  loss=0.0270  3.9 it/s
  P2 epoch 5/15: step 4000/4057  loss=0.3893  4.7 it/s
  P2 epoch 5/15: step 4057/4057  loss=0.0312  5.6 it/s
  P2 ep5: train_loss=0.4993 val_pr_auc=0.8172
  P2 epoch 6/15: step 100/4057  loss=0.2892  3.9 it/s
  P2 epoch 6/15: step 200/4057  loss=3.4491  3.9 it/s
  P2 epoch 6/15: step 300/4057  loss=0.0551  5.0 it/s
  P2 epoch 6/15: step 400/4057  loss=0.0229  5.5 it/s
  P2 epoch 6/15: step 500/4057  loss=0.0146  5.3 it/s
  P2 epoch 6/15: step 600/4057  loss=0.1733  5.4 it/s
  P2 epoch 6/15: step 700/4057  loss=0.0352  5.8 it/s
  P2 epoch 6/15: step 800/4057  loss=0.0242  6.4 it/s
  P2 epoch 6/15: step 900/4057  loss=0.2661  6.4 it/s
  P2 epoch 6/15: step 1000/4057  loss=0.3605  6.0 it/s
  P2 epoch 6/15: step 1100/4057  loss=3.1998  4.7 it/s
  P2 epoch 6/15: step 1200/4057  loss=0.0301  4.4 it/s
  P2 epoch 6/15: step 1300/4057  loss=0.0330  2.9 it/s
  P2 epoch 6/15: step 1400/4057  loss=0.2974  3.1 it/s
  P2 epoch 6/15: step 1500/4057  loss=0.0839  5.4 it/s
  P2 epoch 6/15: step 1600/4057  loss=0.0120  5.5 it/s
  P2 epoch 6/15: step 1700/4057  loss=0.0325  4.8 it/s
  P2 epoch 6/15: step 1800/4057  loss=0.0054  5.8 it/s
  P2 epoch 6/15: step 1900/4057  loss=1.1634  5.5 it/s
  P2 epoch 6/15: step 2000/4057  loss=0.0861  6.4 it/s
  P2 epoch 6/15: step 2100/4057  loss=0.1729  5.5 it/s
  P2 epoch 6/15: step 2200/4057  loss=0.0414  4.4 it/s
  P2 epoch 6/15: step 2300/4057  loss=0.1326  4.3 it/s
  P2 epoch 6/15: step 2400/4057  loss=0.2001  4.2 it/s
  P2 epoch 6/15: step 2500/4057  loss=0.4412  5.3 it/s
  P2 epoch 6/15: step 2600/4057  loss=2.0437  6.1 it/s
  P2 epoch 6/15: step 2700/4057  loss=0.0463  4.9 it/s
  P2 epoch 6/15: step 2800/4057  loss=0.2780  5.6 it/s
  P2 epoch 6/15: step 2900/4057  loss=0.0768  5.7 it/s
  P2 epoch 6/15: step 3000/4057  loss=0.0955  6.2 it/s
  P2 epoch 6/15: step 3100/4057  loss=0.5253  5.7 it/s
  P2 epoch 6/15: step 3200/4057  loss=0.0959  5.1 it/s
  P2 epoch 6/15: step 3300/4057  loss=0.2653  4.4 it/s
  P2 epoch 6/15: step 3400/4057  loss=0.0707  4.1 it/s
  P2 epoch 6/15: step 3500/4057  loss=0.1913  4.4 it/s
  P2 epoch 6/15: step 3600/4057  loss=0.1272  5.9 it/s
  P2 epoch 6/15: step 3700/4057  loss=0.4231  5.5 it/s
  P2 epoch 6/15: step 3800/4057  loss=0.0264  5.5 it/s
  P2 epoch 6/15: step 3900/4057  loss=0.0223  5.7 it/s
  P2 epoch 6/15: step 4000/4057  loss=0.0770  6.0 it/s
  P2 epoch 6/15: step 4057/4057  loss=0.7040  6.4 it/s
  P2 ep6: train_loss=0.4517 val_pr_auc=0.8078
  P2 epoch 7/15: step 100/4057  loss=0.0135  4.3 it/s
  P2 epoch 7/15: step 200/4057  loss=0.0470  4.6 it/s
  P2 epoch 7/15: step 300/4057  loss=0.8996  5.8 it/s
  P2 epoch 7/15: step 400/4057  loss=0.1154  5.5 it/s
  P2 epoch 7/15: step 500/4057  loss=0.1693  6.1 it/s
  P2 epoch 7/15: step 600/4057  loss=0.1587  5.6 it/s
  P2 epoch 7/15: step 700/4057  loss=0.0167  4.8 it/s
  P2 epoch 7/15: step 800/4057  loss=0.0063  4.1 it/s
  P2 epoch 7/15: step 900/4057  loss=0.5491  3.8 it/s
  P2 epoch 7/15: step 1000/4057  loss=0.1360  4.2 it/s
  P2 epoch 7/15: step 1100/4057  loss=0.6685  5.8 it/s
  P2 epoch 7/15: step 1200/4057  loss=0.0080  5.5 it/s
  P2 epoch 7/15: step 1300/4057  loss=0.1731  6.1 it/s
  P2 epoch 7/15: step 1400/4057  loss=0.0181  5.9 it/s
  P2 epoch 7/15: step 1500/4057  loss=0.0544  6.5 it/s
  P2 epoch 7/15: step 1600/4057  loss=0.4147  5.8 it/s
  P2 epoch 7/15: step 1700/4057  loss=0.0356  5.8 it/s
  P2 epoch 7/15: step 1800/4057  loss=0.0442  4.5 it/s
  P2 epoch 7/15: step 1900/4057  loss=0.6162  4.4 it/s
  P2 epoch 7/15: step 2000/4057  loss=0.1705  4.2 it/s
  P2 epoch 7/15: step 2100/4057  loss=0.0308  5.3 it/s
  P2 epoch 7/15: step 2200/4057  loss=0.0252  6.5 it/s
  P2 epoch 7/15: step 2300/4057  loss=0.3113  5.6 it/s
  P2 epoch 7/15: step 2400/4057  loss=0.2340  6.4 it/s
  P2 epoch 7/15: step 2500/4057  loss=0.1190  5.8 it/s
  P2 epoch 7/15: step 2600/4057  loss=0.4453  6.6 it/s
  P2 epoch 7/15: step 2700/4057  loss=15.9724  6.2 it/s
  P2 epoch 7/15: step 2800/4057  loss=0.1070  5.1 it/s
  P2 epoch 7/15: step 2900/4057  loss=1.3404  4.6 it/s
  P2 epoch 7/15: step 3000/4057  loss=0.3572  4.4 it/s
  P2 epoch 7/15: step 3100/4057  loss=0.1508  4.4 it/s
  P2 epoch 7/15: step 3200/4057  loss=0.0206  4.8 it/s
  P2 epoch 7/15: step 3300/4057  loss=0.2046  5.8 it/s
  P2 epoch 7/15: step 3400/4057  loss=0.1243  5.6 it/s
  P2 epoch 7/15: step 3500/4057  loss=0.0477  6.3 it/s
  P2 epoch 7/15: step 3600/4057  loss=0.0352  5.9 it/s
  P2 epoch 7/15: step 3700/4057  loss=2.9387  6.5 it/s
  P2 epoch 7/15: step 3800/4057  loss=0.2552  5.4 it/s
  P2 epoch 7/15: step 3900/4057  loss=1.0648  4.8 it/s
  P2 epoch 7/15: step 4000/4057  loss=0.0186  4.2 it/s
  P2 epoch 7/15: step 4057/4057  loss=0.0248  3.6 it/s
  P2 ep7: train_loss=0.4045 val_pr_auc=0.8051
  P2 epoch 8/15: step 100/4057  loss=0.1304  5.1 it/s
  P2 epoch 8/15: step 200/4057  loss=0.2655  5.0 it/s
  P2 epoch 8/15: step 300/4057  loss=0.0458  4.0 it/s
  P2 epoch 8/15: step 400/4057  loss=0.0141  3.9 it/s
  P2 epoch 8/15: step 500/4057  loss=0.2062  4.8 it/s
  P2 epoch 8/15: step 600/4057  loss=0.0196  5.8 it/s
  P2 epoch 8/15: step 700/4057  loss=0.0038  5.5 it/s
  P2 epoch 8/15: step 800/4057  loss=0.0351  6.4 it/s
  P2 epoch 8/15: step 900/4057  loss=0.1364  5.6 it/s
  P2 epoch 8/15: step 1000/4057  loss=0.1703  6.2 it/s
  P2 epoch 8/15: step 1100/4057  loss=0.0145  5.8 it/s
  P2 epoch 8/15: step 1200/4057  loss=0.0150  5.4 it/s
  P2 epoch 8/15: step 1300/4057  loss=0.0517  4.5 it/s
  P2 epoch 8/15: step 1400/4057  loss=0.0222  3.9 it/s
  P2 epoch 8/15: step 1500/4057  loss=0.0554  4.4 it/s
  P2 epoch 8/15: step 1600/4057  loss=0.0644  4.9 it/s
  P2 epoch 8/15: step 1700/4057  loss=0.0099  5.9 it/s
  P2 epoch 8/15: step 1800/4057  loss=0.0061  5.5 it/s
  P2 epoch 8/15: step 1900/4057  loss=0.0485  5.6 it/s
  P2 epoch 8/15: step 2000/4057  loss=0.0064  5.7 it/s
  P2 epoch 8/15: step 2100/4057  loss=0.0327  6.2 it/s
  P2 epoch 8/15: step 2200/4057  loss=0.3329  5.9 it/s
  P2 epoch 8/15: step 2300/4057  loss=0.0783  6.0 it/s
  P2 epoch 8/15: step 2400/4057  loss=0.0393  5.0 it/s
  P2 epoch 8/15: step 2500/4057  loss=0.0303  4.7 it/s
  P2 epoch 8/15: step 2600/4057  loss=0.0178  5.1 it/s
  P2 epoch 8/15: step 2700/4057  loss=0.0291  6.1 it/s
  P2 epoch 8/15: step 2800/4057  loss=6.7833  9.3 it/s
  P2 epoch 8/15: step 2900/4057  loss=0.0099  8.8 it/s
  P2 epoch 8/15: step 3000/4057  loss=0.2061  7.4 it/s
  P2 epoch 8/15: step 3100/4057  loss=0.2562  9.4 it/s
  P2 epoch 8/15: step 3200/4057  loss=0.0476  8.3 it/s
  P2 epoch 8/15: step 3300/4057  loss=1.6735  9.4 it/s
  P2 epoch 8/15: step 3400/4057  loss=0.3928  7.1 it/s
  P2 epoch 8/15: step 3500/4057  loss=0.0034  4.8 it/s
  P2 epoch 8/15: step 3600/4057  loss=0.0061  5.2 it/s
  P2 epoch 8/15: step 3700/4057  loss=0.0124  5.1 it/s
  P2 epoch 8/15: step 3800/4057  loss=0.0106  10.5 it/s
  P2 epoch 8/15: step 3900/4057  loss=0.9744  9.3 it/s
  P2 epoch 8/15: step 4000/4057  loss=0.0298  9.7 it/s
  P2 epoch 8/15: step 4057/4057  loss=0.0290  9.0 it/s
  P2 ep8: train_loss=0.3379 val_pr_auc=0.7976
  early stop (no val improvement for 3 epochs)

Best val pr_auc: 0.8172
threshold_metric: fbeta (beta=0.5)

=== HELD-OUT TEST REPORT ===
target        n    pos pos_rate  pr_auc roc_auc     mcc      f1    f0.5
ADAM17      317     86    0.271   0.484   0.752   0.245   0.397   0.458
MMP3       5610   5185    0.924   0.979   0.804   0.240   0.949   0.944
MMP9       8059   1189    0.148   0.852   0.955   0.726   0.755   0.815
thresholds: {'ADAM17': 0.554, 'MMP3': 0.13, 'MMP9': 0.958}

Saved model + meta + test report to /home/ryangustafson/Documents/GitHubProj/PhD-Research/Local/esmc_multirun_small/everything_combined/model
  [ok] 166.1 min

$ /home/ryangustafson/miniconda3/envs/esmc/bin/python visualize.py --config multirun/configs_small/everything_combined.yaml --split test --color-by target --out /home/ryangustafson/Documents/GitHubProj/PhD-Research/Local/esmc_multirun_small/everything_combined/visualizations/target.png --model-dir /home/ryangustafson/Documents/GitHubProj/PhD-Research/Local/esmc_multirun_small/everything_combined/model
  (cwd=/home/ryangustafson/Documents/GitHubProj/PhD-Research/ESM-C Classification, log=/home/ryangustafson/Documents/GitHubProj/PhD-Research/Local/esmc_multirun_small/everything_combined/logs/visualize_target.log)
Warning: You are sending unauthenticated requests to the HF Hub. Please set a HF_TOKEN to enable higher rate limits and faster downloads.

Loading weights:   0%|          | 0/308 [00:00<?, ?it/s]
Loading weights:  29%|██▉       | 90/308 [00:00<00:00, 890.32it/s]
Loading weights:  61%|██████▏   | 189/308 [00:00<00:00, 948.56it/s]
Loading weights:  92%|█████████▏| 284/308 [00:00<00:00, 915.46it/s]
Loading weights: 100%|██████████| 308/308 [00:00<00:00, 922.88it/s]
[transformers] `use_return_dict` is deprecated! Use `return_dict` instead!
/home/ryangustafson/miniconda3/envs/esmc/lib/python3.11/site-packages/umap/umap_.py:1952: UserWarning: n_jobs value 1 overridden to 1 by setting random_state. Use no seed for parallelism.
  warn(
[info] subsampled to 5000 points
--- Embedding 5000 sequences (pooling=loop) ---
--- Reducing to 2D with UMAP ---

Saved plot to /home/ryangustafson/Documents/GitHubProj/PhD-Research/Local/esmc_multirun_small/everything_combined/visualizations/target.png
Saved coordinates to /home/ryangustafson/Documents/GitHubProj/PhD-Research/Local/esmc_multirun_small/everything_combined/visualizations/target.csv
  [ok] 2.2 min

$ /home/ryangustafson/miniconda3/envs/esmc/bin/python visualize.py --config multirun/configs_small/everything_combined.yaml --split test --color-by binding --out /home/ryangustafson/Documents/GitHubProj/PhD-Research/Local/esmc_multirun_small/everything_combined/visualizations/binding.png --model-dir /home/ryangustafson/Documents/GitHubProj/PhD-Research/Local/esmc_multirun_small/everything_combined/model
  (cwd=/home/ryangustafson/Documents/GitHubProj/PhD-Research/ESM-C Classification, log=/home/ryangustafson/Documents/GitHubProj/PhD-Research/Local/esmc_multirun_small/everything_combined/logs/visualize_binding.log)
Warning: You are sending unauthenticated requests to the HF Hub. Please set a HF_TOKEN to enable higher rate limits and faster downloads.

Loading weights:   0%|          | 0/308 [00:00<?, ?it/s]
Loading weights:  35%|███▌      | 108/308 [00:00<00:00, 1069.70it/s]
Loading weights:  74%|███████▎  | 227/308 [00:00<00:00, 1138.29it/s]
Loading weights: 100%|██████████| 308/308 [00:00<00:00, 1155.19it/s]
[transformers] `use_return_dict` is deprecated! Use `return_dict` instead!
/home/ryangustafson/miniconda3/envs/esmc/lib/python3.11/site-packages/umap/umap_.py:1952: UserWarning: n_jobs value 1 overridden to 1 by setting random_state. Use no seed for parallelism.
  warn(
[info] subsampled to 5000 points
--- Embedding 5000 sequences (pooling=loop) ---
--- Reducing to 2D with UMAP ---

Saved plot to /home/ryangustafson/Documents/GitHubProj/PhD-Research/Local/esmc_multirun_small/everything_combined/visualizations/binding.png
Saved coordinates to /home/ryangustafson/Documents/GitHubProj/PhD-Research/Local/esmc_multirun_small/everything_combined/visualizations/binding.csv
  [ok] 1.8 min

$ /home/ryangustafson/miniconda3/envs/esmc/bin/python shap_hotspots.py --config multirun/configs_small/everything_combined.yaml --loop-subtype AB-loop --n-explain 300 --background-size 50 --shap-chunk-size 10 --model-dir /home/ryangustafson/Documents/GitHubProj/PhD-Research/Local/esmc_multirun_small/everything_combined/model
  (cwd=/home/ryangustafson/Documents/GitHubProj/PhD-Research/ESM-C Classification, log=/home/ryangustafson/Documents/GitHubProj/PhD-Research/Local/esmc_multirun_small/everything_combined/logs/shap_abloop.log)
Warning: You are sending unauthenticated requests to the HF Hub. Please set a HF_TOKEN to enable higher rate limits and faster downloads.

Loading weights:   0%|          | 0/308 [00:00<?, ?it/s]
Loading weights:  51%|█████▏    | 158/308 [00:00<00:00, 1579.04it/s]
Loading weights: 100%|██████████| 308/308 [00:00<00:00, 1532.15it/s]
[transformers] `use_return_dict` is deprecated! Use `return_dict` instead!
distinct scaffolds outside the window (subtype=AB-loop): 1 (want 1)
window: char 30..35 | 3 targets: ['ADAM17', 'MMP3', 'MMP9']
43638 unique measured loops (subtype=AB-loop)
Running KernelSHAP: background=50, explain=300, positions=6 (=> 64 coalitions/instance), chunk_size=10
  10/300 explained  4.44 loops/min  ETA 65.3 min
  20/300 explained  4.43 loops/min  ETA 63.2 min
  30/300 explained  4.43 loops/min  ETA 61.0 min
  40/300 explained  4.59 loops/min  ETA 56.7 min
  50/300 explained  4.60 loops/min  ETA 54.3 min
  60/300 explained  4.62 loops/min  ETA 52.0 min
  70/300 explained  4.62 loops/min  ETA 49.8 min
  80/300 explained  4.62 loops/min  ETA 47.7 min
  90/300 explained  4.61 loops/min  ETA 45.6 min
  100/300 explained  4.75 loops/min  ETA 42.1 min
  110/300 explained  4.87 loops/min  ETA 39.0 min
  120/300 explained  4.98 loops/min  ETA 36.1 min
  130/300 explained  5.08 loops/min  ETA 33.5 min
  140/300 explained  5.16 loops/min  ETA 31.0 min
  150/300 explained  5.24 loops/min  ETA 28.6 min
  160/300 explained  5.31 loops/min  ETA 26.4 min
  170/300 explained  5.37 loops/min  ETA 24.2 min
  180/300 explained  5.43 loops/min  ETA 22.1 min
  190/300 explained  5.48 loops/min  ETA 20.1 min
  200/300 explained  5.52 loops/min  ETA 18.1 min
  210/300 explained  5.57 loops/min  ETA 16.2 min
  220/300 explained  5.60 loops/min  ETA 14.3 min
  230/300 explained  5.64 loops/min  ETA 12.4 min
  240/300 explained  5.68 loops/min  ETA 10.6 min
  250/300 explained  5.71 loops/min  ETA 8.8 min
  260/300 explained  5.74 loops/min  ETA 7.0 min
  270/300 explained  5.77 loops/min  ETA 5.2 min
  280/300 explained  5.79 loops/min  ETA 3.5 min
  290/300 explained  5.81 loops/min  ETA 1.7 min
  300/300 explained  5.84 loops/min  ETA 0.0 min

SHAP HOTSPOT SUMMARY
========================================
loop_subtype: AB-loop
n_explain: 300

ADAM17: position importance (most->least) = ['P6', 'P1', 'P5', 'P4', 'P3', 'P2']
    P1: pushes-toward-bind=P pushes-away=G
    P2: pushes-toward-bind=P pushes-away=G
    P3: pushes-toward-bind=P pushes-away=Y
    P4: pushes-toward-bind=P pushes-away=G
    P5: pushes-toward-bind=P pushes-away=V
    P6: pushes-toward-bind=P pushes-away=M
MMP3: position importance (most->least) = ['P6', 'P1', 'P5', 'P2', 'P4', 'P3']
    P1: pushes-toward-bind=P pushes-away=G
    P2: pushes-toward-bind=R pushes-away=G
    P3: pushes-toward-bind=P pushes-away=G
    P4: pushes-toward-bind=P pushes-away=G
    P5: pushes-toward-bind=P pushes-away=V
    P6: pushes-toward-bind=P pushes-away=F
MMP9: position importance (most->least) = ['P1', 'P6', 'P4', 'P3', 'P5', 'P2']
    P1: pushes-toward-bind=P pushes-away=G
    P2: pushes-toward-bind=P pushes-away=G
    P3: pushes-toward-bind=P pushes-away=G
    P4: pushes-toward-bind=P pushes-away=G
    P5: pushes-toward-bind=P pushes-away=E
    P6: pushes-toward-bind=P pushes-away=E

Figures + tables written to /home/ryangustafson/Documents/GitHubProj/PhD-Research/Local/esmc_multirun_small/everything_combined/shap/abloop
  [ok] 51.8 min

$ /home/ryangustafson/miniconda3/envs/esmc/bin/python shap_hotspots.py --config multirun/configs_small/everything_combined.yaml --loop-subtype C-loop --n-explain 300 --background-size 50 --shap-chunk-size 10 --model-dir /home/ryangustafson/Documents/GitHubProj/PhD-Research/Local/esmc_multirun_small/everything_combined/model
  (cwd=/home/ryangustafson/Documents/GitHubProj/PhD-Research/ESM-C Classification, log=/home/ryangustafson/Documents/GitHubProj/PhD-Research/Local/esmc_multirun_small/everything_combined/logs/shap_cloop.log)
Warning: You are sending unauthenticated requests to the HF Hub. Please set a HF_TOKEN to enable higher rate limits and faster downloads.

Loading weights:   0%|          | 0/308 [00:00<?, ?it/s]
Loading weights:  37%|███▋      | 115/308 [00:00<00:00, 1147.03it/s]
Loading weights:  78%|███████▊  | 239/308 [00:00<00:00, 1188.50it/s]
Loading weights: 100%|██████████| 308/308 [00:00<00:00, 1220.02it/s]
[transformers] `use_return_dict` is deprecated! Use `return_dict` instead!
distinct scaffolds outside the window (subtype=C-loop): 1 (want 1)
window: char 62..67 | 3 targets: ['ADAM17', 'MMP3', 'MMP9']
49090 unique measured loops (subtype=C-loop)
Running KernelSHAP: background=50, explain=300, positions=6 (=> 64 coalitions/instance), chunk_size=10
  10/300 explained  6.56 loops/min  ETA 44.2 min
  20/300 explained  6.57 loops/min  ETA 42.6 min
  30/300 explained  6.61 loops/min  ETA 40.9 min
  40/300 explained  6.60 loops/min  ETA 39.4 min
  50/300 explained  6.60 loops/min  ETA 37.9 min
  60/300 explained  6.59 loops/min  ETA 36.4 min
  70/300 explained  6.61 loops/min  ETA 34.8 min
  80/300 explained  6.60 loops/min  ETA 33.3 min
  90/300 explained  6.60 loops/min  ETA 31.8 min
  100/300 explained  6.60 loops/min  ETA 30.3 min
  110/300 explained  6.61 loops/min  ETA 28.8 min
  120/300 explained  6.60 loops/min  ETA 27.3 min
  130/300 explained  6.60 loops/min  ETA 25.8 min
  140/300 explained  6.60 loops/min  ETA 24.2 min
  150/300 explained  6.60 loops/min  ETA 22.7 min
  160/300 explained  6.59 loops/min  ETA 21.2 min
  170/300 explained  6.59 loops/min  ETA 19.7 min
  180/300 explained  6.59 loops/min  ETA 18.2 min
  190/300 explained  6.59 loops/min  ETA 16.7 min
  200/300 explained  6.59 loops/min  ETA 15.2 min
  210/300 explained  6.59 loops/min  ETA 13.7 min
  220/300 explained  6.59 loops/min  ETA 12.1 min
  230/300 explained  6.59 loops/min  ETA 10.6 min
  240/300 explained  6.59 loops/min  ETA 9.1 min
  250/300 explained  6.59 loops/min  ETA 7.6 min
  260/300 explained  6.59 loops/min  ETA 6.1 min
  270/300 explained  6.58 loops/min  ETA 4.6 min
  280/300 explained  6.59 loops/min  ETA 3.0 min
  290/300 explained  6.59 loops/min  ETA 1.5 min
  300/300 explained  6.58 loops/min  ETA 0.0 min

SHAP HOTSPOT SUMMARY
========================================
loop_subtype: C-loop
n_explain: 300

ADAM17: position importance (most->least) = ['P3', 'P4', 'P5', 'P2', 'P1', 'P6']
    P1: pushes-toward-bind=P pushes-away=W
    P2: pushes-toward-bind=P pushes-away=W
    P3: pushes-toward-bind=P pushes-away=W
    P4: pushes-toward-bind=P pushes-away=I
    P5: pushes-toward-bind=P pushes-away=W
    P6: pushes-toward-bind=T pushes-away=F
MMP3: position importance (most->least) = ['P4', 'P3', 'P1', 'P5', 'P2', 'P6']
    P1: pushes-toward-bind=P pushes-away=W
    P2: pushes-toward-bind=P pushes-away=W
    P3: pushes-toward-bind=P pushes-away=V
    P4: pushes-toward-bind=P pushes-away=I
    P5: pushes-toward-bind=P pushes-away=W
    P6: pushes-toward-bind=C pushes-away=F
MMP9: position importance (most->least) = ['P6', 'P3', 'P5', 'P4', 'P1', 'P2']
    P1: pushes-toward-bind=P pushes-away=C
    P2: pushes-toward-bind=F pushes-away=K
    P3: pushes-toward-bind=G pushes-away=W
    P4: pushes-toward-bind=S pushes-away=R
    P5: pushes-toward-bind=M pushes-away=E
    P6: pushes-toward-bind=T pushes-away=C

Figures + tables written to /home/ryangustafson/Documents/GitHubProj/PhD-Research/Local/esmc_multirun_small/everything_combined/shap/cloop
  [ok] 46.0 min

All requested steps complete.
