original_design,original_ion,new_ion,swapped_design_id,structural_deviation_rmsd,plddt,new_binding_radius
CE_cfg2_des13,CE,CO,CE_cfg2_des13_swapped_CO,0.3922132,0.8625,22.289328
CE_cfg2_des13,CE,CU,CE_cfg2_des13_swapped_CU,0.2586746,0.8517,21.373047
CE_cfg2_des13,CE,DY,CE_cfg2_des13_swapped_DY,0.2689505,0.8606,12.52418
CE_cfg2_des13,CE,ER,CE_cfg2_des13_swapped_ER,0.35992974,0.8552,8.488776
CE_cfg2_des13,CE,EU,CE_cfg2_des13_swapped_EU,0.27030128,0.8623,15.9285555
CE_cfg2_des13,CE,FE,CE_cfg2_des13_swapped_FE,0.4632688,0.8566,22.598145
CE_cfg2_des13,CE,GD,CE_cfg2_des13_swapped_GD,0.5038906,0.8602,19.476854
CE_cfg2_des13,CE,HO,CE_cfg2_des13_swapped_HO,0.33693117,0.8594,17.564926
CE_cfg2_des13,CE,LA,CE_cfg2_des13_swapped_LA,0.73115706,0.8601,14.376527
CE_cfg2_des13,CE,LU,CE_cfg2_des13_swapped_LU,0.5213181,0.861,20.23851
CE_cfg2_des13,CE,MN,CE_cfg2_des13_swapped_MN,0.26398432,0.8617,11.907789
CE_cfg2_des13,CE,ND,CE_cfg2_des13_swapped_ND,0.22782394,0.8587,12.428717
CE_cfg2_des13,CE,NI,CE_cfg2_des13_swapped_NI,0.36362186,0.863,13.186842
CE_cfg2_des13,CE,PM,CE_cfg2_des13_swapped_PM,0.29736623,0.8563,18.889788
CE_cfg2_des13,CE,PR,CE_cfg2_des13_swapped_PR,0.35792616,0.8608,13.426459
CE_cfg2_des13,CE,SM,CE_cfg2_des13_swapped_SM,0.4654807,0.8604,11.74184
CE_cfg2_des13,CE,TB,CE_cfg2_des13_swapped_TB,0.24758063,0.8609,12.526413
CE_cfg2_des13,CE,TM,CE_cfg2_des13_swapped_TM,0.67536795,0.855,12.401943
CE_cfg2_des13,CE,YB,CE_cfg2_des13_swapped_YB,0.24590634,0.8609,18.619537
CE_cfg2_des13,CE,ZN,CE_cfg2_des13_swapped_ZN,0.31135574,0.857,11.897434
CE_cfg2_des10,CE,CO,CE_cfg2_des10_swapped_CO,0.38182098,0.8647,17.32471
CE_cfg2_des10,CE,CU,CE_cfg2_des10_swapped_CU,0.6316145,0.8531,8.255428
CE_cfg2_des10,CE,DY,CE_cfg2_des10_swapped_DY,0.6485888,0.8626,16.06438
CE_cfg2_des10,CE,ER,CE_cfg2_des10_swapped_ER,0.44837844,0.8561,12.905994
CE_cfg2_des10,CE,EU,CE_cfg2_des10_swapped_EU,0.44038212,0.8642,16.118034
CE_cfg2_des10,CE,FE,CE_cfg2_des10_swapped_FE,0.42198232,0.8574,19.532303
CE_cfg2_des10,CE,GD,CE_cfg2_des10_swapped_GD,0.74274683,0.8597,16.182009
CE_cfg2_des10,CE,HO,CE_cfg2_des10_swapped_HO,0.7552625,0.8614,8.3031025
CE_cfg2_des10,CE,LA,CE_cfg2_des10_swapped_LA,0.25971204,0.859,15.978655
CE_cfg2_des10,CE,LU,CE_cfg2_des10_swapped_LU,0.7281727,0.8623,17.16751
CE_cfg2_des10,CE,MN,CE_cfg2_des10_swapped_MN,0.66770875,0.8602,12.479237
CE_cfg2_des10,CE,ND,CE_cfg2_des10_swapped_ND,0.57131684,0.8578,17.299276
CE_cfg2_des10,CE,NI,CE_cfg2_des10_swapped_NI,0.61675733,0.8624,19.025732
CE_cfg2_des10,CE,PM,CE_cfg2_des10_swapped_PM,0.3998169,0.8524,11.833255
CE_cfg2_des10,CE,PR,CE_cfg2_des10_swapped_PR,0.7774675,0.8603,17.26091
CE_cfg2_des10,CE,SM,CE_cfg2_des10_swapped_SM,0.3804443,0.8594,17.406898
CE_cfg2_des10,CE,TB,CE_cfg2_des10_swapped_TB,0.5621526,0.8603,16.011648
CE_cfg2_des10,CE,TM,CE_cfg2_des10_swapped_TM,0.5823602,0.8548,19.40427
CE_cfg2_des10,CE,YB,CE_cfg2_des10_swapped_YB,0.48265406,0.8609,15.9560585
CE_cfg2_des10,CE,ZN,CE_cfg2_des10_swapped_ZN,0.32443336,0.857,19.535852
CE_cfg2_des0,CE,CO,CE_cfg2_des0_swapped_CO,1.2484115,0.8593,18.855991
CE_cfg2_des0,CE,CU,CE_cfg2_des0_swapped_CU,0.8304517,0.8479,18.987148
CE_cfg2_des0,CE,DY,CE_cfg2_des0_swapped_DY,1.0562495,0.8584,13.826263
CE_cfg2_des0,CE,ER,CE_cfg2_des0_swapped_ER,1.2282227,0.8557,17.245893
CE_cfg2_des0,CE,EU,CE_cfg2_des0_swapped_EU,1.2046065,0.8629,19.435783
CE_cfg2_des0,CE,FE,CE_cfg2_des0_swapped_FE,1.1035703,0.8572,17.455992
CE_cfg2_des0,CE,GD,CE_cfg2_des0_swapped_GD,0.39573568,0.8579,17.359203
CE_cfg2_des0,CE,HO,CE_cfg2_des0_swapped_HO,0.8516517,0.8574,13.719238
CE_cfg2_des0,CE,LA,CE_cfg2_des0_swapped_LA,1.0338566,0.8578,16.891888
CE_cfg2_des0,CE,LU,CE_cfg2_des0_swapped_LU,0.6566526,0.8591,12.4877405
CE_cfg2_des0,CE,MN,CE_cfg2_des0_swapped_MN,0.92387635,0.855,12.404214
CE_cfg2_des0,CE,ND,CE_cfg2_des0_swapped_ND,1.065077,0.8561,12.326149
CE_cfg2_des0,CE,NI,CE_cfg2_des0_swapped_NI,0.58268297,0.8586,11.439434
CE_cfg2_des0,CE,PM,CE_cfg2_des0_swapped_PM,0.7473599,0.8504,19.204105
CE_cfg2_des0,CE,PR,CE_cfg2_des0_swapped_PR,0.6551942,0.8591,13.864071
CE_cfg2_des0,CE,SM,CE_cfg2_des0_swapped_SM,0.93237793,0.8586,12.49232
CE_cfg2_des0,CE,TB,CE_cfg2_des0_swapped_TB,0.582043,0.8598,14.365305
CE_cfg2_des0,CE,TM,CE_cfg2_des0_swapped_TM,1.0478317,0.8555,19.371223
CE_cfg2_des0,CE,YB,CE_cfg2_des0_swapped_YB,1.0292711,0.8608,13.630075
CE_cfg2_des0,CE,ZN,CE_cfg2_des0_swapped_ZN,0.6697685,0.8485,15.305803
CE_cfg2_des8,CE,CO,CE_cfg2_des8_swapped_CO,1.6998308,0.8619,11.358681
CE_cfg2_des8,CE,CU,CE_cfg2_des8_swapped_CU,1.3267591,0.8477,19.19807
CE_cfg2_des8,CE,DY,CE_cfg2_des8_swapped_DY,1.4433963,0.8597,21.89178
CE_cfg2_des8,CE,ER,CE_cfg2_des8_swapped_ER,1.9169277,0.8565,11.361818
CE_cfg2_des8,CE,EU,CE_cfg2_des8_swapped_EU,1.5777742,0.8563,21.614882
CE_cfg2_des8,CE,FE,CE_cfg2_des8_swapped_FE,1.6444905,0.8514,12.0528755
CE_cfg2_des8,CE,GD,CE_cfg2_des8_swapped_GD,1.549444,0.8575,14.047665
CE_cfg2_des8,CE,HO,CE_cfg2_des8_swapped_HO,1.6467605,0.8581,12.724529
CE_cfg2_des8,CE,LA,CE_cfg2_des8_swapped_LA,1.6828055,0.859,12.365263
CE_cfg2_des8,CE,LU,CE_cfg2_des8_swapped_LU,1.5219392,0.8568,12.273075
CE_cfg2_des8,CE,MN,CE_cfg2_des8_swapped_MN,1.5829134,0.8595,15.894346
CE_cfg2_des8,CE,ND,CE_cfg2_des8_swapped_ND,1.6986724,0.8523,12.674893
CE_cfg2_des8,CE,NI,CE_cfg2_des8_swapped_NI,1.2803167,0.8592,13.63349
CE_cfg2_des8,CE,PM,CE_cfg2_des8_swapped_PM,1.219302,0.8503,13.782038
CE_cfg2_des8,CE,PR,CE_cfg2_des8_swapped_PR,1.6135303,0.8596,13.060835
CE_cfg2_des8,CE,SM,CE_cfg2_des8_swapped_SM,1.6855543,0.8587,22.927494
CE_cfg2_des8,CE,TB,CE_cfg2_des8_swapped_TB,1.8900611,0.8595,13.497429
CE_cfg2_des8,CE,TM,CE_cfg2_des8_swapped_TM,1.4969803,0.8568,12.506022
CE_cfg2_des8,CE,YB,CE_cfg2_des8_swapped_YB,1.5718062,0.8581,13.991161
CE_cfg2_des8,CE,ZN,CE_cfg2_des8_swapped_ZN,1.5183907,0.8483,18.170944
CE_cfg2_des5,CE,CO,CE_cfg2_des5_swapped_CO,1.1695834,0.8543,20.88129
CE_cfg2_des5,CE,CU,CE_cfg2_des5_swapped_CU,0.36484203,0.8491,12.862572
CE_cfg2_des5,CE,DY,CE_cfg2_des5_swapped_DY,0.9140432,0.8564,21.064852
CE_cfg2_des5,CE,ER,CE_cfg2_des5_swapped_ER,0.3280848,0.8568,12.602222
CE_cfg2_des5,CE,EU,CE_cfg2_des5_swapped_EU,0.77699023,0.8527,23.734703
CE_cfg2_des5,CE,FE,CE_cfg2_des5_swapped_FE,1.6484239,0.8458,20.083767
CE_cfg2_des5,CE,GD,CE_cfg2_des5_swapped_GD,0.763602,0.8573,12.847862
CE_cfg2_des5,CE,HO,CE_cfg2_des5_swapped_HO,1.0461781,0.8549,23.187601
CE_cfg2_des5,CE,LA,CE_cfg2_des5_swapped_LA,0.564944,0.8555,12.692964
CE_cfg2_des5,CE,LU,CE_cfg2_des5_swapped_LU,0.93410337,0.851,10.91992
CE_cfg2_des5,CE,MN,CE_cfg2_des5_swapped_MN,0.7388633,0.8542,12.847798
CE_cfg2_des5,CE,ND,CE_cfg2_des5_swapped_ND,1.3245978,0.8511,12.0036
CE_cfg2_des5,CE,NI,CE_cfg2_des5_swapped_NI,0.52597624,0.8559,10.260834
CE_cfg2_des5,CE,PM,CE_cfg2_des5_swapped_PM,1.0985082,0.8524,13.900002
CE_cfg2_des5,CE,PR,CE_cfg2_des5_swapped_PR,0.37456235,0.8569,12.416918
CE_cfg2_des5,CE,SM,CE_cfg2_des5_swapped_SM,1.1359626,0.8568,23.365952
CE_cfg2_des5,CE,TB,CE_cfg2_des5_swapped_TB,0.57398015,0.8556,12.770664
CE_cfg2_des5,CE,TM,CE_cfg2_des5_swapped_TM,1.0287086,0.8562,17.396019
CE_cfg2_des5,CE,YB,CE_cfg2_des5_swapped_YB,0.5563678,0.8562,14.866866
CE_cfg2_des5,CE,ZN,CE_cfg2_des5_swapped_ZN,0.5095592,0.8485,16.77875
CO_cfg4_des1,CO,CE,CO_cfg4_des1_swapped_CE,0.20886418,0.8501,12.675117
CO_cfg4_des1,CO,CU,CO_cfg4_des1_swapped_CU,0.26050153,0.8517,10.846391
CO_cfg4_des1,CO,DY,CO_cfg4_des1_swapped_DY,0.27959886,0.8611,18.394196
CO_cfg4_des1,CO,ER,CO_cfg4_des1_swapped_ER,0.42436782,0.8509,18.084898
CO_cfg4_des1,CO,EU,CO_cfg4_des1_swapped_EU,0.5341261,0.8593,10.691909
CO_cfg4_des1,CO,FE,CO_cfg4_des1_swapped_FE,0.3875201,0.856,15.500638
CO_cfg4_des1,CO,GD,CO_cfg4_des1_swapped_GD,0.43216056,0.8596,10.647471
CO_cfg4_des1,CO,HO,CO_cfg4_des1_swapped_HO,0.16649649,0.86,10.54686
CO_cfg4_des1,CO,LA,CO_cfg4_des1_swapped_LA,0.3863376,0.859,15.4281435
CO_cfg4_des1,CO,LU,CO_cfg4_des1_swapped_LU,0.25028503,0.8583,12.377945
CO_cfg4_des1,CO,MN,CO_cfg4_des1_swapped_MN,0.3959566,0.8594,12.300995
CO_cfg4_des1,CO,ND,CO_cfg4_des1_swapped_ND,0.32872948,0.8529,12.772632
CO_cfg4_des1,CO,NI,CO_cfg4_des1_swapped_NI,0.24492283,0.8654,9.699714
CO_cfg4_des1,CO,PM,CO_cfg4_des1_swapped_PM,0.4001615,0.8484,18.412182
CO_cfg4_des1,CO,PR,CO_cfg4_des1_swapped_PR,0.5141626,0.8604,12.890073
CO_cfg4_des1,CO,SM,CO_cfg4_des1_swapped_SM,0.38006008,0.8592,5.612599
CO_cfg4_des1,CO,TB,CO_cfg4_des1_swapped_TB,0.31812575,0.8616,10.733502
CO_cfg4_des1,CO,TM,CO_cfg4_des1_swapped_TM,0.3553839,0.8533,18.087782
CO_cfg4_des1,CO,YB,CO_cfg4_des1_swapped_YB,0.45528907,0.861,18.155722
CO_cfg4_des1,CO,ZN,CO_cfg4_des1_swapped_ZN,0.1465549,0.8534,18.47567
CO_cfg3_des0,CO,CE,CO_cfg3_des0_swapped_CE,3.1696837,0.816,18.754034
CO_cfg3_des0,CO,CU,CO_cfg3_des0_swapped_CU,2.6688142,0.8063,10.463428
CO_cfg3_des0,CO,DY,CO_cfg3_des0_swapped_DY,0.85131776,0.8579,7.962101
CO_cfg3_des0,CO,ER,CO_cfg3_des0_swapped_ER,0.6922316,0.8518,17.85283
CO_cfg3_des0,CO,EU,CO_cfg3_des0_swapped_EU,0.63206315,0.855,22.727049
CO_cfg3_des0,CO,FE,CO_cfg3_des0_swapped_FE,0.4804128,0.8439,20.952465
CO_cfg3_des0,CO,GD,CO_cfg3_des0_swapped_GD,0.67358625,0.8583,18.53272
CO_cfg3_des0,CO,HO,CO_cfg3_des0_swapped_HO,0.6832547,0.8567,8.699181
CO_cfg3_des0,CO,LA,CO_cfg3_des0_swapped_LA,0.5679912,0.8615,8.091283
CO_cfg3_des0,CO,LU,CO_cfg3_des0_swapped_LU,0.7990645,0.851,16.593788
CO_cfg3_des0,CO,MN,CO_cfg3_des0_swapped_MN,0.75532866,0.862,16.73876
CO_cfg3_des0,CO,ND,CO_cfg3_des0_swapped_ND,0.69177395,0.8566,15.073151
CO_cfg3_des0,CO,NI,CO_cfg3_des0_swapped_NI,3.019871,0.8225,14.762035
CO_cfg3_des0,CO,PM,CO_cfg3_des0_swapped_PM,0.70931715,0.8495,16.623476
CO_cfg3_des0,CO,PR,CO_cfg3_des0_swapped_PR,0.69503236,0.8589,16.115908
CO_cfg3_des0,CO,SM,CO_cfg3_des0_swapped_SM,0.6729299,0.8573,14.021435
CO_cfg3_des0,CO,TB,CO_cfg3_des0_swapped_TB,0.802209,0.8578,15.270441
CO_cfg3_des0,CO,TM,CO_cfg3_des0_swapped_TM,0.555212,0.8534,21.1942
CO_cfg3_des0,CO,YB,CO_cfg3_des0_swapped_YB,0.54720336,0.8631,16.96393
CO_cfg3_des0,CO,ZN,CO_cfg3_des0_swapped_ZN,2.8027816,0.8123,14.126781
CO_cfg4_des0,CO,CE,CO_cfg4_des0_swapped_CE,0.25571418,0.852,14.405112
CO_cfg4_des0,CO,CU,CO_cfg4_des0_swapped_CU,1.6484469,0.834,14.352306
CO_cfg4_des0,CO,DY,CO_cfg4_des0_swapped_DY,0.37238434,0.8608,12.711494
CO_cfg4_des0,CO,ER,CO_cfg4_des0_swapped_ER,0.41229618,0.8553,10.88218
CO_cfg4_des0,CO,EU,CO_cfg4_des0_swapped_EU,0.31434923,0.8539,18.361946
CO_cfg4_des0,CO,FE,CO_cfg4_des0_swapped_FE,0.33432177,0.8517,17.89093
CO_cfg4_des0,CO,GD,CO_cfg4_des0_swapped_GD,0.48800513,0.8566,15.577442
CO_cfg4_des0,CO,HO,CO_cfg4_des0_swapped_HO,0.33250254,0.8579,17.969849
CO_cfg4_des0,CO,LA,CO_cfg4_des0_swapped_LA,0.33593142,0.8566,15.695767
CO_cfg4_des0,CO,LU,CO_cfg4_des0_swapped_LU,0.3238514,0.8551,18.345726
CO_cfg4_des0,CO,MN,CO_cfg4_des0_swapped_MN,0.29937348,0.8559,15.5177765
CO_cfg4_des0,CO,ND,CO_cfg4_des0_swapped_ND,0.32374263,0.855,15.438512
CO_cfg4_des0,CO,NI,CO_cfg4_des0_swapped_NI,0.27843556,0.8603,13.568214
CO_cfg4_des0,CO,PM,CO_cfg4_des0_swapped_PM,1.5908383,0.8363,18.540007
CO_cfg4_des0,CO,PR,CO_cfg4_des0_swapped_PR,0.3045453,0.8578,12.378297
CO_cfg4_des0,CO,SM,CO_cfg4_des0_swapped_SM,0.25953123,0.8584,18.267296
CO_cfg4_des0,CO,TB,CO_cfg4_des0_swapped_TB,0.26483935,0.8588,22.779562
CO_cfg4_des0,CO,TM,CO_cfg4_des0_swapped_TM,0.30443686,0.8497,15.622704
CO_cfg4_des0,CO,YB,CO_cfg4_des0_swapped_YB,0.2510352,0.8578,22.41776
CO_cfg4_des0,CO,ZN,CO_cfg4_des0_swapped_ZN,0.7683155,0.854,10.878219
CO_cfg4_des7,CO,CE,CO_cfg4_des7_swapped_CE,0.31323072,0.8454,15.507787
CO_cfg4_des7,CO,CU,CO_cfg4_des7_swapped_CU,0.3141953,0.8484,13.404945
CO_cfg4_des7,CO,DY,CO_cfg4_des7_swapped_DY,0.3354337,0.8556,13.767456
CO_cfg4_des7,CO,ER,CO_cfg4_des7_swapped_ER,0.43728074,0.8495,6.245917
CO_cfg4_des7,CO,EU,CO_cfg4_des7_swapped_EU,0.297424,0.8516,10.418808
CO_cfg4_des7,CO,FE,CO_cfg4_des7_swapped_FE,0.21476121,0.8495,13.90842
CO_cfg4_des7,CO,GD,CO_cfg4_des7_swapped_GD,0.4544399,0.8525,6.3232207
CO_cfg4_des7,CO,HO,CO_cfg4_des7_swapped_HO,0.36164066,0.8544,15.726811
CO_cfg4_des7,CO,LA,CO_cfg4_des7_swapped_LA,0.3578316,0.8526,15.939977
CO_cfg4_des7,CO,LU,CO_cfg4_des7_swapped_LU,0.27085438,0.8512,16.701696
CO_cfg4_des7,CO,MN,CO_cfg4_des7_swapped_MN,0.298624,0.8564,11.2995825
CO_cfg4_des7,CO,ND,CO_cfg4_des7_swapped_ND,0.32707283,0.8486,18.132088
CO_cfg4_des7,CO,NI,CO_cfg4_des7_swapped_NI,0.24247566,0.8609,13.373856
CO_cfg4_des7,CO,PM,CO_cfg4_des7_swapped_PM,0.37257722,0.8469,8.510563
CO_cfg4_des7,CO,PR,CO_cfg4_des7_swapped_PR,0.34604844,0.8529,14.114361
CO_cfg4_des7,CO,SM,CO_cfg4_des7_swapped_SM,0.38333783,0.8544,14.1144
CO_cfg4_des7,CO,TB,CO_cfg4_des7_swapped_TB,0.456561,0.8532,13.47317
CO_cfg4_des7,CO,TM,CO_cfg4_des7_swapped_TM,0.3272547,0.8481,13.633129
CO_cfg4_des7,CO,YB,CO_cfg4_des7_swapped_YB,0.35577455,0.8552,16.491781
CO_cfg4_des7,CO,ZN,CO_cfg4_des7_swapped_ZN,0.414161,0.8498,13.377955
CO_cfg4_des14,CO,CE,CO_cfg4_des14_swapped_CE,1.867334,0.8411,13.89791
CO_cfg4_des14,CO,CU,CO_cfg4_des14_swapped_CU,1.979071,0.8367,21.528437
CO_cfg4_des14,CO,DY,CO_cfg4_des14_swapped_DY,0.52513754,0.8619,13.050008
CO_cfg4_des14,CO,ER,CO_cfg4_des14_swapped_ER,0.39874387,0.8535,6.041777
CO_cfg4_des14,CO,EU,CO_cfg4_des14_swapped_EU,0.5263844,0.8582,13.235929
CO_cfg4_des14,CO,FE,CO_cfg4_des14_swapped_FE,0.6371327,0.8497,14.574765
CO_cfg4_des14,CO,GD,CO_cfg4_des14_swapped_GD,0.42425114,0.8558,16.001108
CO_cfg4_des14,CO,HO,CO_cfg4_des14_swapped_HO,0.5057739,0.8579,18.213255
CO_cfg4_des14,CO,LA,CO_cfg4_des14_swapped_LA,0.5112066,0.8567,11.146968
CO_cfg4_des14,CO,LU,CO_cfg4_des14_swapped_LU,0.5684296,0.8583,18.914978
CO_cfg4_des14,CO,MN,CO_cfg4_des14_swapped_MN,0.43707612,0.8551,13.047917
CO_cfg4_des14,CO,ND,CO_cfg4_des14_swapped_ND,0.48121867,0.8514,13.660134
CO_cfg4_des14,CO,NI,CO_cfg4_des14_swapped_NI,2.1063733,0.8481,8.752041
CO_cfg4_des14,CO,PM,CO_cfg4_des14_swapped_PM,1.7696826,0.8423,10.217385
CO_cfg4_des14,CO,PR,CO_cfg4_des14_swapped_PR,0.36975577,0.8573,19.678123
CO_cfg4_des14,CO,SM,CO_cfg4_des14_swapped_SM,0.44133103,0.86,13.97136
CO_cfg4_des14,CO,TB,CO_cfg4_des14_swapped_TB,0.60277325,0.8584,23.156256
CO_cfg4_des14,CO,TM,CO_cfg4_des14_swapped_TM,0.71792275,0.8504,11.076355
CO_cfg4_des14,CO,YB,CO_cfg4_des14_swapped_YB,0.38176167,0.8579,10.913216
CO_cfg4_des14,CO,ZN,CO_cfg4_des14_swapped_ZN,0.36214182,0.8563,20.636103
CU_cfg3_des7,CU,CE,CU_cfg3_des7_swapped_CE,0.31897485,0.8639,17.421774
CU_cfg3_des7,CU,CO,CU_cfg3_des7_swapped_CO,0.502331,0.8679,16.118958
CU_cfg3_des7,CU,DY,CU_cfg3_des7_swapped_DY,0.5071202,0.8657,22.257788
CU_cfg3_des7,CU,ER,CU_cfg3_des7_swapped_ER,0.42176765,0.8569,21.790268
CU_cfg3_des7,CU,EU,CU_cfg3_des7_swapped_EU,0.29073468,0.8662,8.807264
CU_cfg3_des7,CU,FE,CU_cfg3_des7_swapped_FE,0.4035589,0.859,17.733528
CU_cfg3_des7,CU,GD,CU_cfg3_des7_swapped_GD,0.46736386,0.8656,13.567723
CU_cfg3_des7,CU,HO,CU_cfg3_des7_swapped_HO,0.39716402,0.8634,16.00644
CU_cfg3_des7,CU,LA,CU_cfg3_des7_swapped_LA,0.4854796,0.8625,17.834717
CU_cfg3_des7,CU,LU,CU_cfg3_des7_swapped_LU,0.27979317,0.8661,14.689733
CU_cfg3_des7,CU,MN,CU_cfg3_des7_swapped_MN,0.31031862,0.8669,23.454376
CU_cfg3_des7,CU,ND,CU_cfg3_des7_swapped_ND,0.56416273,0.866,15.732331
CU_cfg3_des7,CU,NI,CU_cfg3_des7_swapped_NI,0.25432712,0.8675,15.669224
CU_cfg3_des7,CU,PM,CU_cfg3_des7_swapped_PM,0.4530009,0.8575,14.227754
CU_cfg3_des7,CU,PR,CU_cfg3_des7_swapped_PR,0.63390434,0.8656,13.793385
CU_cfg3_des7,CU,SM,CU_cfg3_des7_swapped_SM,0.3648475,0.8635,9.317182
CU_cfg3_des7,CU,TB,CU_cfg3_des7_swapped_TB,0.31617302,0.8655,16.271616
CU_cfg3_des7,CU,TM,CU_cfg3_des7_swapped_TM,0.38537526,0.8566,18.146894
CU_cfg3_des7,CU,YB,CU_cfg3_des7_swapped_YB,0.39064097,0.8688,15.362613
CU_cfg3_des7,CU,ZN,CU_cfg3_des7_swapped_ZN,0.40619045,0.8592,14.12949
CU_cfg3_des6,CU,CE,CU_cfg3_des6_swapped_CE,1.0372113,0.8631,15.061278
CU_cfg3_des6,CU,CO,CU_cfg3_des6_swapped_CO,1.227172,0.8667,16.865011
CU_cfg3_des6,CU,DY,CU_cfg3_des6_swapped_DY,1.0599047,0.8644,14.4203005
CU_cfg3_des6,CU,ER,CU_cfg3_des6_swapped_ER,1.0661523,0.8599,13.54293
CU_cfg3_des6,CU,EU,CU_cfg3_des6_swapped_EU,1.079523,0.8633,22.074318
CU_cfg3_des6,CU,FE,CU_cfg3_des6_swapped_FE,1.1080266,0.8604,17.720707
CU_cfg3_des6,CU,GD,CU_cfg3_des6_swapped_GD,1.0755653,0.8664,11.843147
CU_cfg3_des6,CU,HO,CU_cfg3_des6_swapped_HO,1.0833819,0.8614,12.721671
CU_cfg3_des6,CU,LA,CU_cfg3_des6_swapped_LA,1.0767744,0.863,14.5146675
CU_cfg3_des6,CU,LU,CU_cfg3_des6_swapped_LU,1.0487324,0.8638,15.0093565
CU_cfg3_des6,CU,MN,CU_cfg3_des6_swapped_MN,1.0260792,0.8669,11.731992
CU_cfg3_des6,CU,ND,CU_cfg3_des6_swapped_ND,1.2489147,0.863,12.538899
CU_cfg3_des6,CU,NI,CU_cfg3_des6_swapped_NI,1.3363326,0.8676,18.026499
CU_cfg3_des6,CU,PM,CU_cfg3_des6_swapped_PM,1.0583036,0.8616,17.081865
CU_cfg3_des6,CU,PR,CU_cfg3_des6_swapped_PR,1.1228507,0.8656,15.271405
CU_cfg3_des6,CU,SM,CU_cfg3_des6_swapped_SM,1.066554,0.866,16.488735
CU_cfg3_des6,CU,TB,CU_cfg3_des6_swapped_TB,1.0801889,0.8649,11.264997
CU_cfg3_des6,CU,TM,CU_cfg3_des6_swapped_TM,1.0410644,0.8599,18.289883
CU_cfg3_des6,CU,YB,CU_cfg3_des6_swapped_YB,1.5180597,0.8665,11.877136
CU_cfg3_des6,CU,ZN,CU_cfg3_des6_swapped_ZN,1.0448358,0.8591,14.37604
CU_cfg3_des3,CU,CE,CU_cfg3_des3_swapped_CE,0.58463174,0.8539,16.768122
CU_cfg3_des3,CU,CO,CU_cfg3_des3_swapped_CO,0.3744347,0.8643,13.6043215
CU_cfg3_des3,CU,DY,CU_cfg3_des3_swapped_DY,0.5546368,0.8588,13.883714
CU_cfg3_des3,CU,ER,CU_cfg3_des3_swapped_ER,0.6086905,0.8501,13.028773
CU_cfg3_des3,CU,EU,CU_cfg3_des3_swapped_EU,0.48659194,0.8564,18.536163
CU_cfg3_des3,CU,FE,CU_cfg3_des3_swapped_FE,0.68875843,0.8539,18.506823
CU_cfg3_des3,CU,GD,CU_cfg3_des3_swapped_GD,0.57570106,0.8575,11.465253
CU_cfg3_des3,CU,HO,CU_cfg3_des3_swapped_HO,0.41275483,0.8577,13.444904
CU_cfg3_des3,CU,LA,CU_cfg3_des3_swapped_LA,0.49408975,0.8538,11.3849325
CU_cfg3_des3,CU,LU,CU_cfg3_des3_swapped_LU,0.39450788,0.8578,8.680663
CU_cfg3_des3,CU,MN,CU_cfg3_des3_swapped_MN,0.5954317,0.8602,12.957367
CU_cfg3_des3,CU,ND,CU_cfg3_des3_swapped_ND,0.60744035,0.8561,13.544333
CU_cfg3_des3,CU,NI,CU_cfg3_des3_swapped_NI,0.3864838,0.8642,13.939972
CU_cfg3_des3,CU,PM,CU_cfg3_des3_swapped_PM,0.6418305,0.8515,12.09824
CU_cfg3_des3,CU,PR,CU_cfg3_des3_swapped_PR,0.58309686,0.8576,21.948195
CU_cfg3_des3,CU,SM,CU_cfg3_des3_swapped_SM,0.61678433,0.8559,13.710364
CU_cfg3_des3,CU,TB,CU_cfg3_des3_swapped_TB,0.46753195,0.8578,11.385567
CU_cfg3_des3,CU,TM,CU_cfg3_des3_swapped_TM,0.3797797,0.8487,11.433194
CU_cfg3_des3,CU,YB,CU_cfg3_des3_swapped_YB,0.5175214,0.8603,13.278768
CU_cfg3_des3,CU,ZN,CU_cfg3_des3_swapped_ZN,0.53369737,0.8534,13.398776
CU_cfg0_des14,CU,CE,CU_cfg0_des14_swapped_CE,2.4588118,0.8576,16.65741
CU_cfg0_des14,CU,CO,CU_cfg0_des14_swapped_CO,2.469369,0.8605,16.811161
CU_cfg0_des14,CU,DY,CU_cfg0_des14_swapped_DY,0.65415245,0.8534,21.820498
CU_cfg0_des14,CU,ER,CU_cfg0_des14_swapped_ER,0.5916749,0.8498,18.391842
CU_cfg0_des14,CU,EU,CU_cfg0_des14_swapped_EU,2.5776665,0.8626,11.583695
CU_cfg0_des14,CU,FE,CU_cfg0_des14_swapped_FE,0.7849891,0.8591,19.427074
CU_cfg0_des14,CU,GD,CU_cfg0_des14_swapped_GD,0.66233265,0.8544,19.56215
CU_cfg0_des14,CU,HO,CU_cfg0_des14_swapped_HO,0.78007734,0.8519,16.754091
CU_cfg0_des14,CU,LA,CU_cfg0_des14_swapped_LA,0.76548046,0.8486,21.928503
CU_cfg0_des14,CU,LU,CU_cfg0_des14_swapped_LU,0.7198271,0.8566,20.55835
CU_cfg0_des14,CU,MN,CU_cfg0_des14_swapped_MN,2.523135,0.8595,16.65736
CU_cfg0_des14,CU,ND,CU_cfg0_des14_swapped_ND,0.67786396,0.8569,16.24366
CU_cfg0_des14,CU,NI,CU_cfg0_des14_swapped_NI,0.7594124,0.8612,16.63012
CU_cfg0_des14,CU,PM,CU_cfg0_des14_swapped_PM,1.017989,0.8554,21.030222
CU_cfg0_des14,CU,PR,CU_cfg0_des14_swapped_PR,0.81530464,0.8514,15.451292
CU_cfg0_des14,CU,SM,CU_cfg0_des14_swapped_SM,0.8045319,0.8493,19.697803
CU_cfg0_des14,CU,TB,CU_cfg0_des14_swapped_TB,0.7035771,0.8606,18.245811
CU_cfg0_des14,CU,TM,CU_cfg0_des14_swapped_TM,1.3732992,0.8426,19.542746
CU_cfg0_des14,CU,YB,CU_cfg0_des14_swapped_YB,0.8399897,0.8594,23.205502
CU_cfg0_des14,CU,ZN,CU_cfg0_des14_swapped_ZN,2.5040638,0.8547,14.157597
CU_cfg1_des4,CU,CE,CU_cfg1_des4_swapped_CE,0.47272483,0.865,13.044637
CU_cfg1_des4,CU,CO,CU_cfg1_des4_swapped_CO,0.40644532,0.8629,22.366306
CU_cfg1_des4,CU,DY,CU_cfg1_des4_swapped_DY,0.4771488,0.8614,14.273452
CU_cfg1_des4,CU,ER,CU_cfg1_des4_swapped_ER,0.73717296,0.8587,15.332417
CU_cfg1_des4,CU,EU,CU_cfg1_des4_swapped_EU,0.52283406,0.8603,16.668365
CU_cfg1_des4,CU,FE,CU_cfg1_des4_swapped_FE,1.6390774,0.8451,21.761578
CU_cfg1_des4,CU,GD,CU_cfg1_des4_swapped_GD,0.4540533,0.8663,13.33193
CU_cfg1_des4,CU,HO,CU_cfg1_des4_swapped_HO,0.39341614,0.8613,22.819809
CU_cfg1_des4,CU,LA,CU_cfg1_des4_swapped_LA,0.5455488,0.8664,12.978583
CU_cfg1_des4,CU,LU,CU_cfg1_des4_swapped_LU,0.41790655,0.8612,13.758142
CU_cfg1_des4,CU,MN,CU_cfg1_des4_swapped_MN,0.31691936,0.8679,17.279541
CU_cfg1_des4,CU,ND,CU_cfg1_des4_swapped_ND,0.526705,0.8684,17.276562
CU_cfg1_des4,CU,NI,CU_cfg1_des4_swapped_NI,0.5470551,0.8656,19.64458
CU_cfg1_des4,CU,PM,CU_cfg1_des4_swapped_PM,2.036384,0.8528,17.18398
CU_cfg1_des4,CU,PR,CU_cfg1_des4_swapped_PR,0.4510806,0.8651,12.172611
CU_cfg1_des4,CU,SM,CU_cfg1_des4_swapped_SM,0.4335346,0.8628,17.205574
CU_cfg1_des4,CU,TB,CU_cfg1_des4_swapped_TB,0.46548384,0.8637,14.9635935
CU_cfg1_des4,CU,TM,CU_cfg1_des4_swapped_TM,0.43893024,0.858,20.683924
CU_cfg1_des4,CU,YB,CU_cfg1_des4_swapped_YB,0.45367774,0.867,12.910998
CU_cfg1_des4,CU,ZN,CU_cfg1_des4_swapped_ZN,2.062909,0.8434,21.132717
DY_cfg0_des12,DY,CE,DY_cfg0_des12_swapped_CE,0.5380027,0.8552,11.389638
DY_cfg0_des12,DY,CO,DY_cfg0_des12_swapped_CO,0.5419975,0.8639,10.700288
DY_cfg0_des12,DY,CU,DY_cfg0_des12_swapped_CU,0.54435515,0.8483,20.4373
DY_cfg0_des12,DY,ER,DY_cfg0_des12_swapped_ER,0.54965204,0.8533,9.91376
DY_cfg0_des12,DY,EU,DY_cfg0_des12_swapped_EU,0.5354463,0.861,11.479195
DY_cfg0_des12,DY,FE,DY_cfg0_des12_swapped_FE,0.49678856,0.8552,21.091446
DY_cfg0_des12,DY,GD,DY_cfg0_des12_swapped_GD,0.40417346,0.8593,12.341537
DY_cfg0_des12,DY,HO,DY_cfg0_des12_swapped_HO,0.27045995,0.8578,21.58911
DY_cfg0_des12,DY,LA,DY_cfg0_des12_swapped_LA,0.5074703,0.858,11.534879
DY_cfg0_des12,DY,LU,DY_cfg0_des12_swapped_LU,0.55713856,0.858,12.655488
DY_cfg0_des12,DY,MN,DY_cfg0_des12_swapped_MN,0.5602106,0.8575,12.172059
DY_cfg0_des12,DY,ND,DY_cfg0_des12_swapped_ND,0.47437996,0.8562,11.466802
DY_cfg0_des12,DY,NI,DY_cfg0_des12_swapped_NI,0.45480338,0.8641,11.745778
DY_cfg0_des12,DY,PM,DY_cfg0_des12_swapped_PM,0.5119599,0.8523,12.265819
DY_cfg0_des12,DY,PR,DY_cfg0_des12_swapped_PR,0.50281876,0.8597,20.687737
DY_cfg0_des12,DY,SM,DY_cfg0_des12_swapped_SM,0.49249914,0.8595,16.47861
DY_cfg0_des12,DY,TB,DY_cfg0_des12_swapped_TB,0.5336809,0.8603,15.025997
DY_cfg0_des12,DY,TM,DY_cfg0_des12_swapped_TM,0.69204396,0.8504,12.807424
DY_cfg0_des12,DY,YB,DY_cfg0_des12_swapped_YB,0.573922,0.8585,14.268538
DY_cfg0_des12,DY,ZN,DY_cfg0_des12_swapped_ZN,0.4765787,0.8526,21.372545
DY_cfg1_des10,DY,CE,DY_cfg1_des10_swapped_CE,1.6005366,0.8531,13.964432
DY_cfg1_des10,DY,CO,DY_cfg1_des10_swapped_CO,0.5078351,0.8611,24.755838
DY_cfg1_des10,DY,CU,DY_cfg1_des10_swapped_CU,1.7983186,0.8508,16.189657
DY_cfg1_des10,DY,ER,DY_cfg1_des10_swapped_ER,1.5085138,0.8522,14.119482
DY_cfg1_des10,DY,EU,DY_cfg1_des10_swapped_EU,0.50673425,0.8628,14.22311
DY_cfg1_des10,DY,FE,DY_cfg1_des10_swapped_FE,1.4687511,0.8554,18.696117
DY_cfg1_des10,DY,GD,DY_cfg1_des10_swapped_GD,1.6184634,0.859,14.238227
DY_cfg1_des10,DY,HO,DY_cfg1_des10_swapped_HO,1.5444303,0.8572,8.636366
DY_cfg1_des10,DY,LA,DY_cfg1_des10_swapped_LA,1.759034,0.8564,14.049932
DY_cfg1_des10,DY,LU,DY_cfg1_des10_swapped_LU,1.648756,0.8608,25.04657
DY_cfg1_des10,DY,MN,DY_cfg1_des10_swapped_MN,0.6670369,0.8564,18.65987
DY_cfg1_des10,DY,ND,DY_cfg1_des10_swapped_ND,1.5974767,0.854,16.01977
DY_cfg1_des10,DY,NI,DY_cfg1_des10_swapped_NI,0.4573709,0.8612,14.1513
DY_cfg1_des10,DY,PM,DY_cfg1_des10_swapped_PM,1.6062057,0.8528,12.451719
DY_cfg1_des10,DY,PR,DY_cfg1_des10_swapped_PR,1.4062195,0.8597,18.64476
DY_cfg1_des10,DY,SM,DY_cfg1_des10_swapped_SM,0.42355683,0.8595,13.8762865
DY_cfg1_des10,DY,TB,DY_cfg1_des10_swapped_TB,1.594621,0.8601,14.161804
DY_cfg1_des10,DY,TM,DY_cfg1_des10_swapped_TM,1.5138851,0.8528,18.637115
DY_cfg1_des10,DY,YB,DY_cfg1_des10_swapped_YB,1.6433309,0.8617,14.024069
DY_cfg1_des10,DY,ZN,DY_cfg1_des10_swapped_ZN,0.8897931,0.8543,8.705347
DY_cfg1_des8,DY,CE,DY_cfg1_des8_swapped_CE,0.51259357,0.8565,11.62946
DY_cfg1_des8,DY,CO,DY_cfg1_des8_swapped_CO,0.28402963,0.8618,8.716883
DY_cfg1_des8,DY,CU,DY_cfg1_des8_swapped_CU,0.28459898,0.8492,19.37703
DY_cfg1_des8,DY,ER,DY_cfg1_des8_swapped_ER,0.5953813,0.8521,13.891282
DY_cfg1_des8,DY,EU,DY_cfg1_des8_swapped_EU,0.21307695,0.8605,24.88386
DY_cfg1_des8,DY,FE,DY_cfg1_des8_swapped_FE,0.275689,0.8538,18.720303
DY_cfg1_des8,DY,GD,DY_cfg1_des8_swapped_GD,0.23504694,0.8583,11.515438
DY_cfg1_des8,DY,HO,DY_cfg1_des8_swapped_HO,0.7254844,0.8562,13.59318
DY_cfg1_des8,DY,LA,DY_cfg1_des8_swapped_LA,0.34742793,0.8579,13.790825
DY_cfg1_des8,DY,LU,DY_cfg1_des8_swapped_LU,0.65717393,0.8589,19.283632
DY_cfg1_des8,DY,MN,DY_cfg1_des8_swapped_MN,0.2607581,0.8566,15.77462
DY_cfg1_des8,DY,ND,DY_cfg1_des8_swapped_ND,0.2793453,0.8579,13.81029
DY_cfg1_des8,DY,NI,DY_cfg1_des8_swapped_NI,0.2240847,0.8628,19.435936
DY_cfg1_des8,DY,PM,DY_cfg1_des8_swapped_PM,0.38724783,0.8553,11.93787
DY_cfg1_des8,DY,PR,DY_cfg1_des8_swapped_PR,0.36245397,0.8594,15.812323
DY_cfg1_des8,DY,SM,DY_cfg1_des8_swapped_SM,0.46466166,0.8591,8.668089
DY_cfg1_des8,DY,TB,DY_cfg1_des8_swapped_TB,0.41051418,0.8585,13.911291
DY_cfg1_des8,DY,TM,DY_cfg1_des8_swapped_TM,0.38410076,0.8515,11.516348
DY_cfg1_des8,DY,YB,DY_cfg1_des8_swapped_YB,0.2786557,0.8625,19.46858
DY_cfg1_des8,DY,ZN,DY_cfg1_des8_swapped_ZN,0.18021803,0.8543,24.70317
DY_cfg1_des14,DY,CE,DY_cfg1_des14_swapped_CE,0.69226664,0.8496,13.380935
DY_cfg1_des14,DY,CO,DY_cfg1_des14_swapped_CO,0.62699366,0.8581,15.721458
DY_cfg1_des14,DY,CU,DY_cfg1_des14_swapped_CU,0.39958742,0.8433,24.559788
DY_cfg1_des14,DY,ER,DY_cfg1_des14_swapped_ER,0.35762045,0.85,13.666382
DY_cfg1_des14,DY,EU,DY_cfg1_des14_swapped_EU,0.4059006,0.8555,11.793387
DY_cfg1_des14,DY,FE,DY_cfg1_des14_swapped_FE,0.4942524,0.8512,19.538391
DY_cfg1_des14,DY,GD,DY_cfg1_des14_swapped_GD,0.36102578,0.8552,11.801992
DY_cfg1_des14,DY,HO,DY_cfg1_des14_swapped_HO,0.6779947,0.8547,19.57401
DY_cfg1_des14,DY,LA,DY_cfg1_des14_swapped_LA,0.33960974,0.8548,18.791714
DY_cfg1_des14,DY,LU,DY_cfg1_des14_swapped_LU,0.39599663,0.8544,11.85544
DY_cfg1_des14,DY,MN,DY_cfg1_des14_swapped_MN,0.58456725,0.8502,18.808504
DY_cfg1_des14,DY,ND,DY_cfg1_des14_swapped_ND,0.6928129,0.8514,13.719793
DY_cfg1_des14,DY,NI,DY_cfg1_des14_swapped_NI,0.5728084,0.8569,14.520737
DY_cfg1_des14,DY,PM,DY_cfg1_des14_swapped_PM,0.38986504,0.8455,10.52794
DY_cfg1_des14,DY,PR,DY_cfg1_des14_swapped_PR,0.37893426,0.8547,13.900404
DY_cfg1_des14,DY,SM,DY_cfg1_des14_swapped_SM,0.20362782,0.8541,11.779295
DY_cfg1_des14,DY,TB,DY_cfg1_des14_swapped_TB,0.312577,0.8561,18.71903
DY_cfg1_des14,DY,TM,DY_cfg1_des14_swapped_TM,0.51762915,0.8512,18.389263
DY_cfg1_des14,DY,YB,DY_cfg1_des14_swapped_YB,0.34616596,0.8562,11.833151
DY_cfg1_des14,DY,ZN,DY_cfg1_des14_swapped_ZN,0.564281,0.8487,8.725611
DY_cfg1_des2,DY,CE,DY_cfg1_des2_swapped_CE,2.1165776,0.8497,19.805048
DY_cfg1_des2,DY,CO,DY_cfg1_des2_swapped_CO,1.082241,0.8541,14.0037155
DY_cfg1_des2,DY,CU,DY_cfg1_des2_swapped_CU,1.7686813,0.8343,25.899033
DY_cfg1_des2,DY,ER,DY_cfg1_des2_swapped_ER,1.7478034,0.8463,16.566544
DY_cfg1_des2,DY,EU,DY_cfg1_des2_swapped_EU,0.9467358,0.8613,9.498072
DY_cfg1_des2,DY,FE,DY_cfg1_des2_swapped_FE,1.7976655,0.8499,15.028306
DY_cfg1_des2,DY,GD,DY_cfg1_des2_swapped_GD,1.2262981,0.8538,9.643932
DY_cfg1_des2,DY,HO,DY_cfg1_des2_swapped_HO,1.407605,0.8559,21.18577
DY_cfg1_des2,DY,LA,DY_cfg1_des2_swapped_LA,1.689367,0.8583,14.829514
DY_cfg1_des2,DY,LU,DY_cfg1_des2_swapped_LU,1.4393533,0.8554,15.507284
DY_cfg1_des2,DY,MN,DY_cfg1_des2_swapped_MN,1.5807132,0.8536,16.864742
DY_cfg1_des2,DY,ND,DY_cfg1_des2_swapped_ND,1.5610259,0.8498,21.310253
DY_cfg1_des2,DY,NI,DY_cfg1_des2_swapped_NI,1.8703415,0.8558,16.203804
DY_cfg1_des2,DY,PM,DY_cfg1_des2_swapped_PM,5.396636,0.8116,12.758493
DY_cfg1_des2,DY,PR,DY_cfg1_des2_swapped_PR,1.1484672,0.8534,12.316486
DY_cfg1_des2,DY,SM,DY_cfg1_des2_swapped_SM,1.9159201,0.8548,8.829408
DY_cfg1_des2,DY,TB,DY_cfg1_des2_swapped_TB,1.5545013,0.8577,14.591382
DY_cfg1_des2,DY,TM,DY_cfg1_des2_swapped_TM,1.3910522,0.8506,12.032724
DY_cfg1_des2,DY,YB,DY_cfg1_des2_swapped_YB,1.7378994,0.8534,16.14109
DY_cfg1_des2,DY,ZN,DY_cfg1_des2_swapped_ZN,1.5179058,0.8421,17.57906
ER_cfg3_des14,ER,CE,ER_cfg3_des14_swapped_CE,1.0187613,0.8515,17.02581
ER_cfg3_des14,ER,CO,ER_cfg3_des14_swapped_CO,0.35402793,0.8543,10.720883
ER_cfg3_des14,ER,CU,ER_cfg3_des14_swapped_CU,1.4054146,0.8419,16.79053
ER_cfg3_des14,ER,DY,ER_cfg3_des14_swapped_DY,0.3697335,0.8592,10.847473
ER_cfg3_des14,ER,EU,ER_cfg3_des14_swapped_EU,0.3949819,0.8542,17.196709
ER_cfg3_des14,ER,FE,ER_cfg3_des14_swapped_FE,1.3407134,0.843,7.5743966
ER_cfg3_des14,ER,GD,ER_cfg3_des14_swapped_GD,0.38127404,0.8577,11.308833
ER_cfg3_des14,ER,HO,ER_cfg3_des14_swapped_HO,0.2513984,0.857,18.81442
ER_cfg3_des14,ER,LA,ER_cfg3_des14_swapped_LA,0.33999565,0.8587,7.782482
ER_cfg3_des14,ER,LU,ER_cfg3_des14_swapped_LU,1.5124778,0.8546,12.186925
ER_cfg3_des14,ER,MN,ER_cfg3_des14_swapped_MN,1.3521062,0.8509,7.4409432
ER_cfg3_des14,ER,ND,ER_cfg3_des14_swapped_ND,1.0474565,0.852,17.137075
ER_cfg3_des14,ER,NI,ER_cfg3_des14_swapped_NI,1.0718144,0.8564,7.4430923
ER_cfg3_des14,ER,PM,ER_cfg3_des14_swapped_PM,4.4434447,0.7908,8.796498
ER_cfg3_des14,ER,PR,ER_cfg3_des14_swapped_PR,0.4325519,0.8577,13.820834
ER_cfg3_des14,ER,SM,ER_cfg3_des14_swapped_SM,1.179093,0.8597,8.443342
ER_cfg3_des14,ER,TB,ER_cfg3_des14_swapped_TB,0.30599117,0.8584,4.966463
ER_cfg3_des14,ER,TM,ER_cfg3_des14_swapped_TM,1.6665456,0.853,13.330144
ER_cfg3_des14,ER,YB,ER_cfg3_des14_swapped_YB,0.35772604,0.8564,7.768284
ER_cfg3_des14,ER,ZN,ER_cfg3_des14_swapped_ZN,2.496722,0.7982,9.948608
ER_cfg2_des9,ER,CE,ER_cfg2_des9_swapped_CE,0.36143792,0.8586,20.362194
ER_cfg2_des9,ER,CO,ER_cfg2_des9_swapped_CO,1.2381326,0.8595,20.130611
ER_cfg2_des9,ER,CU,ER_cfg2_des9_swapped_CU,1.5826195,0.845,16.855385
ER_cfg2_des9,ER,DY,ER_cfg2_des9_swapped_DY,0.74398816,0.8548,14.381832
ER_cfg2_des9,ER,EU,ER_cfg2_des9_swapped_EU,0.34498233,0.8581,19.876125
ER_cfg2_des9,ER,FE,ER_cfg2_des9_swapped_FE,1.6531012,0.8556,20.241602
ER_cfg2_des9,ER,GD,ER_cfg2_des9_swapped_GD,0.94533384,0.8581,14.188148
ER_cfg2_des9,ER,HO,ER_cfg2_des9_swapped_HO,0.38827616,0.856,18.434391
ER_cfg2_des9,ER,LA,ER_cfg2_des9_swapped_LA,0.32881117,0.8577,20.22715
ER_cfg2_des9,ER,LU,ER_cfg2_des9_swapped_LU,0.26057315,0.8551,14.238521
ER_cfg2_des9,ER,MN,ER_cfg2_des9_swapped_MN,0.80845153,0.8573,20.074797
ER_cfg2_des9,ER,ND,ER_cfg2_des9_swapped_ND,0.84771675,0.8585,14.243288
ER_cfg2_des9,ER,NI,ER_cfg2_des9_swapped_NI,0.537143,0.855,20.311909
ER_cfg2_des9,ER,PM,ER_cfg2_des9_swapped_PM,1.7883785,0.8553,19.321342
ER_cfg2_des9,ER,PR,ER_cfg2_des9_swapped_PR,0.36819655,0.8561,11.58597
ER_cfg2_des9,ER,SM,ER_cfg2_des9_swapped_SM,0.36751175,0.8543,14.693539
ER_cfg2_des9,ER,TB,ER_cfg2_des9_swapped_TB,0.40228188,0.8564,14.694414
ER_cfg2_des9,ER,TM,ER_cfg2_des9_swapped_TM,0.8188028,0.8545,20.322021
ER_cfg2_des9,ER,YB,ER_cfg2_des9_swapped_YB,0.7567005,0.8589,20.685207
ER_cfg2_des9,ER,ZN,ER_cfg2_des9_swapped_ZN,0.6886337,0.8475,14.6566515
ER_cfg3_des10,ER,CE,ER_cfg3_des10_swapped_CE,0.38382193,0.8498,19.877691
ER_cfg3_des10,ER,CO,ER_cfg3_des10_swapped_CO,0.46529254,0.8544,11.78582
ER_cfg3_des10,ER,CU,ER_cfg3_des10_swapped_CU,0.36571023,0.8418,19.602684
ER_cfg3_des10,ER,DY,ER_cfg3_des10_swapped_DY,0.6692114,0.8537,7.666694
ER_cfg3_des10,ER,EU,ER_cfg3_des10_swapped_EU,0.40957332,0.8469,21.265009
ER_cfg3_des10,ER,FE,ER_cfg3_des10_swapped_FE,0.4295283,0.8428,13.869437
ER_cfg3_des10,ER,GD,ER_cfg3_des10_swapped_GD,0.47919726,0.8543,19.974176
ER_cfg3_des10,ER,HO,ER_cfg3_des10_swapped_HO,0.404008,0.8524,16.763521
ER_cfg3_des10,ER,LA,ER_cfg3_des10_swapped_LA,0.35302162,0.857,11.086464
ER_cfg3_des10,ER,LU,ER_cfg3_des10_swapped_LU,0.39226678,0.8494,7.484549
ER_cfg3_des10,ER,MN,ER_cfg3_des10_swapped_MN,0.34200355,0.8522,16.119167
ER_cfg3_des10,ER,ND,ER_cfg3_des10_swapped_ND,0.6072872,0.8517,20.85373
ER_cfg3_des10,ER,NI,ER_cfg3_des10_swapped_NI,0.7559276,0.8539,17.5482
ER_cfg3_des10,ER,PM,ER_cfg3_des10_swapped_PM,0.6382395,0.8504,11.978391
ER_cfg3_des10,ER,PR,ER_cfg3_des10_swapped_PR,0.3968084,0.8527,10.120044
ER_cfg3_des10,ER,SM,ER_cfg3_des10_swapped_SM,0.4234023,0.854,21.551535
ER_cfg3_des10,ER,TB,ER_cfg3_des10_swapped_TB,0.34643084,0.8528,9.3425455
ER_cfg3_des10,ER,TM,ER_cfg3_des10_swapped_TM,0.6425125,0.852,11.098545
ER_cfg3_des10,ER,YB,ER_cfg3_des10_swapped_YB,0.6262454,0.8539,16.810585
ER_cfg3_des10,ER,ZN,ER_cfg3_des10_swapped_ZN,0.5504159,0.8488,18.286718
ER_cfg3_des7,ER,CE,ER_cfg3_des7_swapped_CE,0.28034282,0.8399,16.305971
ER_cfg3_des7,ER,CO,ER_cfg3_des7_swapped_CO,0.2461977,0.844,13.997285
ER_cfg3_des7,ER,CU,ER_cfg3_des7_swapped_CU,0.3320132,0.8347,14.46103
ER_cfg3_des7,ER,DY,ER_cfg3_des7_swapped_DY,0.22317436,0.8467,6.005005
ER_cfg3_des7,ER,EU,ER_cfg3_des7_swapped_EU,0.31758898,0.8432,10.7864065
ER_cfg3_des7,ER,FE,ER_cfg3_des7_swapped_FE,0.31925482,0.8325,12.214363
ER_cfg3_des7,ER,GD,ER_cfg3_des7_swapped_GD,0.45253813,0.8434,11.651142
ER_cfg3_des7,ER,HO,ER_cfg3_des7_swapped_HO,0.28088504,0.8455,14.860958
ER_cfg3_des7,ER,LA,ER_cfg3_des7_swapped_LA,0.3381446,0.851,15.938049
ER_cfg3_des7,ER,LU,ER_cfg3_des7_swapped_LU,0.26009744,0.8418,13.068408
ER_cfg3_des7,ER,MN,ER_cfg3_des7_swapped_MN,0.27166364,0.8431,12.134106
ER_cfg3_des7,ER,ND,ER_cfg3_des7_swapped_ND,0.28178942,0.8432,12.638031
ER_cfg3_des7,ER,NI,ER_cfg3_des7_swapped_NI,0.25040355,0.8448,12.822952
ER_cfg3_des7,ER,PM,ER_cfg3_des7_swapped_PM,0.31698057,0.8418,11.627498
ER_cfg3_des7,ER,PR,ER_cfg3_des7_swapped_PR,0.2363095,0.8461,7.7973824
ER_cfg3_des7,ER,SM,ER_cfg3_des7_swapped_SM,0.4244292,0.8484,13.004646
ER_cfg3_des7,ER,TB,ER_cfg3_des7_swapped_TB,0.38251537,0.8433,13.962749
ER_cfg3_des7,ER,TM,ER_cfg3_des7_swapped_TM,0.27806905,0.8426,10.762291
ER_cfg3_des7,ER,YB,ER_cfg3_des7_swapped_YB,0.3352933,0.8452,14.085202
ER_cfg3_des7,ER,ZN,ER_cfg3_des7_swapped_ZN,0.2779576,0.8449,13.174939
ER_cfg3_des6,ER,CE,ER_cfg3_des6_swapped_CE,0.67917013,0.8466,7.878389
ER_cfg3_des6,ER,CO,ER_cfg3_des6_swapped_CO,0.6571821,0.8547,7.7044106
ER_cfg3_des6,ER,CU,ER_cfg3_des6_swapped_CU,0.823085,0.8419,16.418318
ER_cfg3_des6,ER,DY,ER_cfg3_des6_swapped_DY,0.97174543,0.8493,8.126682
ER_cfg3_des6,ER,EU,ER_cfg3_des6_swapped_EU,0.8424686,0.8486,13.840833
ER_cfg3_des6,ER,FE,ER_cfg3_des6_swapped_FE,0.4647369,0.8439,16.2518
ER_cfg3_des6,ER,GD,ER_cfg3_des6_swapped_GD,0.575448,0.8516,11.982396
ER_cfg3_des6,ER,HO,ER_cfg3_des6_swapped_HO,0.9165054,0.8517,18.53295
ER_cfg3_des6,ER,LA,ER_cfg3_des6_swapped_LA,0.8877249,0.8475,18.236227
ER_cfg3_des6,ER,LU,ER_cfg3_des6_swapped_LU,0.8337186,0.8487,7.842329
ER_cfg3_des6,ER,MN,ER_cfg3_des6_swapped_MN,0.65311915,0.8482,7.699411
ER_cfg3_des6,ER,ND,ER_cfg3_des6_swapped_ND,0.72330767,0.8464,7.790237
ER_cfg3_des6,ER,NI,ER_cfg3_des6_swapped_NI,0.8643087,0.8538,16.477121
ER_cfg3_des6,ER,PM,ER_cfg3_des6_swapped_PM,0.5173393,0.8416,12.126881
ER_cfg3_des6,ER,PR,ER_cfg3_des6_swapped_PR,1.0322977,0.8501,17.104414
ER_cfg3_des6,ER,SM,ER_cfg3_des6_swapped_SM,0.8684358,0.8498,17.18889
ER_cfg3_des6,ER,TB,ER_cfg3_des6_swapped_TB,0.4486677,0.8516,13.601325
ER_cfg3_des6,ER,TM,ER_cfg3_des6_swapped_TM,0.80641025,0.8453,7.9080787
ER_cfg3_des6,ER,YB,ER_cfg3_des6_swapped_YB,0.68083936,0.8516,7.6606126
ER_cfg3_des6,ER,ZN,ER_cfg3_des6_swapped_ZN,1.2030215,0.8447,16.63251
EU_cfg3_des10,EU,CE,EU_cfg3_des10_swapped_CE,1.3879151,0.8516,16.204254
EU_cfg3_des10,EU,CO,EU_cfg3_des10_swapped_CO,0.823928,0.8618,16.297544
EU_cfg3_des10,EU,CU,EU_cfg3_des10_swapped_CU,1.0946369,0.8509,13.901887
EU_cfg3_des10,EU,DY,EU_cfg3_des10_swapped_DY,0.74511844,0.8559,16.545336
EU_cfg3_des10,EU,ER,EU_cfg3_des10_swapped_ER,1.3456728,0.8522,13.859837
EU_cfg3_des10,EU,FE,EU_cfg3_des10_swapped_FE,0.6241052,0.8525,13.651458
EU_cfg3_des10,EU,GD,EU_cfg3_des10_swapped_GD,1.3682613,0.8531,14.370349
EU_cfg3_des10,EU,HO,EU_cfg3_des10_swapped_HO,1.0977726,0.8551,14.310285
EU_cfg3_des10,EU,LA,EU_cfg3_des10_swapped_LA,1.377165,0.8536,14.376556
EU_cfg3_des10,EU,LU,EU_cfg3_des10_swapped_LU,1.0832608,0.8536,14.091388
EU_cfg3_des10,EU,MN,EU_cfg3_des10_swapped_MN,1.3486943,0.8556,17.197216
EU_cfg3_des10,EU,ND,EU_cfg3_des10_swapped_ND,0.84192306,0.8506,14.12403
EU_cfg3_des10,EU,NI,EU_cfg3_des10_swapped_NI,0.95791227,0.8597,14.990237
EU_cfg3_des10,EU,PM,EU_cfg3_des10_swapped_PM,0.9060654,0.8538,17.940092
EU_cfg3_des10,EU,PR,EU_cfg3_des10_swapped_PR,1.1325278,0.8534,8.462922
EU_cfg3_des10,EU,SM,EU_cfg3_des10_swapped_SM,1.3217846,0.8536,14.854657
EU_cfg3_des10,EU,TB,EU_cfg3_des10_swapped_TB,0.81036884,0.8543,14.664909
EU_cfg3_des10,EU,TM,EU_cfg3_des10_swapped_TM,1.3982806,0.8489,14.046857
EU_cfg3_des10,EU,YB,EU_cfg3_des10_swapped_YB,0.6769712,0.8544,14.782056
EU_cfg3_des10,EU,ZN,EU_cfg3_des10_swapped_ZN,0.6544526,0.8529,14.0803385
EU_cfg3_des9,EU,CE,EU_cfg3_des9_swapped_CE,1.6494973,0.8495,8.14705
EU_cfg3_des9,EU,CO,EU_cfg3_des9_swapped_CO,1.6051186,0.8579,19.623526
EU_cfg3_des9,EU,CU,EU_cfg3_des9_swapped_CU,0.5618186,0.8392,21.040306
EU_cfg3_des9,EU,DY,EU_cfg3_des9_swapped_DY,1.0669968,0.8571,13.330475
EU_cfg3_des9,EU,ER,EU_cfg3_des9_swapped_ER,1.0718709,0.8516,15.009059
EU_cfg3_des9,EU,FE,EU_cfg3_des9_swapped_FE,1.0727736,0.8462,15.278995
EU_cfg3_des9,EU,GD,EU_cfg3_des9_swapped_GD,0.47494686,0.859,14.60569
EU_cfg3_des9,EU,HO,EU_cfg3_des9_swapped_HO,0.40804425,0.8582,12.648799
EU_cfg3_des9,EU,LA,EU_cfg3_des9_swapped_LA,1.1152482,0.8567,5.767693
EU_cfg3_des9,EU,LU,EU_cfg3_des9_swapped_LU,1.6380602,0.8545,18.37086
EU_cfg3_des9,EU,MN,EU_cfg3_des9_swapped_MN,0.606767,0.8605,12.664979
EU_cfg3_des9,EU,ND,EU_cfg3_des9_swapped_ND,0.6322648,0.8537,17.5243
EU_cfg3_des9,EU,NI,EU_cfg3_des9_swapped_NI,1.1192248,0.8519,19.879007
EU_cfg3_des9,EU,PM,EU_cfg3_des9_swapped_PM,0.46873933,0.8524,10.149707
EU_cfg3_des9,EU,PR,EU_cfg3_des9_swapped_PR,1.0011541,0.857,14.627106
EU_cfg3_des9,EU,SM,EU_cfg3_des9_swapped_SM,0.97919875,0.8554,15.230831
EU_cfg3_des9,EU,TB,EU_cfg3_des9_swapped_TB,0.46321726,0.8566,15.179282
EU_cfg3_des9,EU,TM,EU_cfg3_des9_swapped_TM,0.45560294,0.8559,20.982725
EU_cfg3_des9,EU,YB,EU_cfg3_des9_swapped_YB,0.58900845,0.8573,11.173668
EU_cfg3_des9,EU,ZN,EU_cfg3_des9_swapped_ZN,0.45922664,0.8464,21.896324
EU_cfg1_des1,EU,CE,EU_cfg1_des1_swapped_CE,0.55523324,0.8498,15.144266
EU_cfg1_des1,EU,CO,EU_cfg1_des1_swapped_CO,0.3373733,0.8578,18.85547
EU_cfg1_des1,EU,CU,EU_cfg1_des1_swapped_CU,1.2441361,0.8441,15.2063
EU_cfg1_des1,EU,DY,EU_cfg1_des1_swapped_DY,1.2901266,0.8565,14.466445
EU_cfg1_des1,EU,ER,EU_cfg1_des1_swapped_ER,1.0866104,0.8487,16.719212
EU_cfg1_des1,EU,FE,EU_cfg1_des1_swapped_FE,0.40493894,0.8498,16.253452
EU_cfg1_des1,EU,GD,EU_cfg1_des1_swapped_GD,0.62404054,0.8518,19.226482
EU_cfg1_des1,EU,HO,EU_cfg1_des1_swapped_HO,0.50231445,0.8546,15.456881
EU_cfg1_des1,EU,LA,EU_cfg1_des1_swapped_LA,1.1349363,0.8537,13.326862
EU_cfg1_des1,EU,LU,EU_cfg1_des1_swapped_LU,0.71674,0.851,14.806637
EU_cfg1_des1,EU,MN,EU_cfg1_des1_swapped_MN,0.76033,0.8554,15.645975
EU_cfg1_des1,EU,ND,EU_cfg1_des1_swapped_ND,0.6127437,0.8515,22.252247
EU_cfg1_des1,EU,NI,EU_cfg1_des1_swapped_NI,0.3812011,0.8584,14.800323
EU_cfg1_des1,EU,PM,EU_cfg1_des1_swapped_PM,1.4328173,0.8458,21.801044
EU_cfg1_des1,EU,PR,EU_cfg1_des1_swapped_PR,1.0503398,0.8531,14.974304
EU_cfg1_des1,EU,SM,EU_cfg1_des1_swapped_SM,0.8128259,0.8532,15.718216
EU_cfg1_des1,EU,TB,EU_cfg1_des1_swapped_TB,0.5057135,0.855,14.967602
EU_cfg1_des1,EU,TM,EU_cfg1_des1_swapped_TM,0.45942706,0.8466,20.809513
EU_cfg1_des1,EU,YB,EU_cfg1_des1_swapped_YB,0.5429944,0.8552,15.879093
EU_cfg1_des1,EU,ZN,EU_cfg1_des1_swapped_ZN,1.0111642,0.849,15.420462
EU_cfg1_des8,EU,CE,EU_cfg1_des8_swapped_CE,1.7600536,0.8433,14.13208
EU_cfg1_des8,EU,CO,EU_cfg1_des8_swapped_CO,1.0437953,0.8482,19.56966
EU_cfg1_des8,EU,CU,EU_cfg1_des8_swapped_CU,2.0859356,0.8173,10.305466
EU_cfg1_des8,EU,DY,EU_cfg1_des8_swapped_DY,0.98768455,0.8501,19.615145
EU_cfg1_des8,EU,ER,EU_cfg1_des8_swapped_ER,1.1140109,0.846,18.645336
EU_cfg1_des8,EU,FE,EU_cfg1_des8_swapped_FE,1.1828895,0.8433,19.115608
EU_cfg1_des8,EU,GD,EU_cfg1_des8_swapped_GD,1.7299858,0.848,24.277409
EU_cfg1_des8,EU,HO,EU_cfg1_des8_swapped_HO,1.0537667,0.848,19.258444
EU_cfg1_des8,EU,LA,EU_cfg1_des8_swapped_LA,1.0463063,0.8498,14.265753
EU_cfg1_des8,EU,LU,EU_cfg1_des8_swapped_LU,0.8868421,0.8466,12.29567
EU_cfg1_des8,EU,MN,EU_cfg1_des8_swapped_MN,1.1847749,0.8487,11.9475155
EU_cfg1_des8,EU,ND,EU_cfg1_des8_swapped_ND,1.1445949,0.8453,14.090861
EU_cfg1_des8,EU,NI,EU_cfg1_des8_swapped_NI,2.2965164,0.8262,15.597897
EU_cfg1_des8,EU,PM,EU_cfg1_des8_swapped_PM,2.7207885,0.825,14.462109
EU_cfg1_des8,EU,PR,EU_cfg1_des8_swapped_PR,0.9728683,0.8492,24.807457
EU_cfg1_des8,EU,SM,EU_cfg1_des8_swapped_SM,1.0755647,0.8502,12.031619
EU_cfg1_des8,EU,TB,EU_cfg1_des8_swapped_TB,1.0761497,0.8488,19.283716
EU_cfg1_des8,EU,TM,EU_cfg1_des8_swapped_TM,1.1106818,0.8471,14.203823
EU_cfg1_des8,EU,YB,EU_cfg1_des8_swapped_YB,1.2771504,0.8491,18.811632
EU_cfg1_des8,EU,ZN,EU_cfg1_des8_swapped_ZN,0.9859157,0.8355,19.089844
EU_cfg4_des0,EU,CE,EU_cfg4_des0_swapped_CE,0.9958639,0.8402,17.939104
EU_cfg4_des0,EU,CO,EU_cfg4_des0_swapped_CO,1.3161753,0.843,20.956127
EU_cfg4_des0,EU,CU,EU_cfg4_des0_swapped_CU,0.8560548,0.8324,18.354
EU_cfg4_des0,EU,DY,EU_cfg4_des0_swapped_DY,1.1812421,0.8414,19.66455
EU_cfg4_des0,EU,ER,EU_cfg4_des0_swapped_ER,1.0353755,0.8383,21.253437
EU_cfg4_des0,EU,FE,EU_cfg4_des0_swapped_FE,1.1978437,0.8343,18.908878
EU_cfg4_des0,EU,GD,EU_cfg4_des0_swapped_GD,0.8705919,0.8412,14.78997
EU_cfg4_des0,EU,HO,EU_cfg4_des0_swapped_HO,0.97948563,0.8411,25.011866
EU_cfg4_des0,EU,LA,EU_cfg4_des0_swapped_LA,0.940111,0.8411,16.245424
EU_cfg4_des0,EU,LU,EU_cfg4_des0_swapped_LU,1.1838387,0.8409,13.870684
EU_cfg4_des0,EU,MN,EU_cfg4_des0_swapped_MN,0.96794724,0.8389,21.07468
EU_cfg4_des0,EU,ND,EU_cfg4_des0_swapped_ND,0.89013606,0.8408,13.559481
EU_cfg4_des0,EU,NI,EU_cfg4_des0_swapped_NI,1.0079387,0.8427,19.02848
EU_cfg4_des0,EU,PM,EU_cfg4_des0_swapped_PM,1.25722,0.8411,12.080601
EU_cfg4_des0,EU,PR,EU_cfg4_des0_swapped_PR,0.9279396,0.8409,19.75277
EU_cfg4_des0,EU,SM,EU_cfg4_des0_swapped_SM,0.99775076,0.8385,19.971975
EU_cfg4_des0,EU,TB,EU_cfg4_des0_swapped_TB,1.8062595,0.8427,17.651524
EU_cfg4_des0,EU,TM,EU_cfg4_des0_swapped_TM,1.384275,0.8381,20.489536
EU_cfg4_des0,EU,YB,EU_cfg4_des0_swapped_YB,1.0217104,0.8433,21.621288
EU_cfg4_des0,EU,ZN,EU_cfg4_des0_swapped_ZN,1.3923916,0.8342,21.917498
FE_cfg2_des13,FE,CE,FE_cfg2_des13_swapped_CE,0.7870327,0.8566,13.855606
FE_cfg2_des13,FE,CO,FE_cfg2_des13_swapped_CO,0.7214142,0.8706,11.5364
FE_cfg2_des13,FE,CU,FE_cfg2_des13_swapped_CU,0.68113685,0.8594,17.911047
FE_cfg2_des13,FE,DY,FE_cfg2_des13_swapped_DY,0.7059375,0.8697,15.157135
FE_cfg2_des13,FE,ER,FE_cfg2_des13_swapped_ER,0.80856377,0.8642,14.608337
FE_cfg2_des13,FE,EU,FE_cfg2_des13_swapped_EU,0.6120893,0.8675,14.895009
FE_cfg2_des13,FE,GD,FE_cfg2_des13_swapped_GD,0.63034654,0.8636,17.408783
FE_cfg2_des13,FE,HO,FE_cfg2_des13_swapped_HO,0.5746545,0.8672,6.5094714
FE_cfg2_des13,FE,LA,FE_cfg2_des13_swapped_LA,0.8212792,0.8658,17.071424
FE_cfg2_des13,FE,LU,FE_cfg2_des13_swapped_LU,0.5512105,0.8638,16.725693
FE_cfg2_des13,FE,MN,FE_cfg2_des13_swapped_MN,0.70948285,0.8647,14.772629
FE_cfg2_des13,FE,ND,FE_cfg2_des13_swapped_ND,0.6979428,0.8579,12.335511
FE_cfg2_des13,FE,NI,FE_cfg2_des13_swapped_NI,0.64060193,0.8683,17.639399
FE_cfg2_des13,FE,PM,FE_cfg2_des13_swapped_PM,0.89624673,0.8579,13.1573
FE_cfg2_des13,FE,PR,FE_cfg2_des13_swapped_PR,0.6176042,0.8646,6.6391397
FE_cfg2_des13,FE,SM,FE_cfg2_des13_swapped_SM,0.71839786,0.8661,15.046559
FE_cfg2_des13,FE,TB,FE_cfg2_des13_swapped_TB,0.645197,0.866,14.747977
FE_cfg2_des13,FE,TM,FE_cfg2_des13_swapped_TM,0.74286205,0.8616,14.721873
FE_cfg2_des13,FE,YB,FE_cfg2_des13_swapped_YB,0.5233946,0.8634,19.758812
FE_cfg2_des13,FE,ZN,FE_cfg2_des13_swapped_ZN,0.7544962,0.8624,11.133824
FE_cfg2_des14,FE,CE,FE_cfg2_des14_swapped_CE,0.25498223,0.8542,16.145365
FE_cfg2_des14,FE,CO,FE_cfg2_des14_swapped_CO,0.40378198,0.8648,11.781247
FE_cfg2_des14,FE,CU,FE_cfg2_des14_swapped_CU,0.43362257,0.8573,9.733554
FE_cfg2_des14,FE,DY,FE_cfg2_des14_swapped_DY,0.40505022,0.8646,14.818379
FE_cfg2_des14,FE,ER,FE_cfg2_des14_swapped_ER,0.3371603,0.8595,16.466837
FE_cfg2_des14,FE,EU,FE_cfg2_des14_swapped_EU,0.23510356,0.8663,14.83474
FE_cfg2_des14,FE,GD,FE_cfg2_des14_swapped_GD,0.44150567,0.8628,16.462717
FE_cfg2_des14,FE,HO,FE_cfg2_des14_swapped_HO,0.38777876,0.8634,14.833192
FE_cfg2_des14,FE,LA,FE_cfg2_des14_swapped_LA,0.31662202,0.8638,14.62656
FE_cfg2_des14,FE,LU,FE_cfg2_des14_swapped_LU,0.2903866,0.8623,16.768793
FE_cfg2_des14,FE,MN,FE_cfg2_des14_swapped_MN,0.4500257,0.8615,11.756267
FE_cfg2_des14,FE,ND,FE_cfg2_des14_swapped_ND,0.28662506,0.8575,14.555672
FE_cfg2_des14,FE,NI,FE_cfg2_des14_swapped_NI,0.26655573,0.863,11.964482
FE_cfg2_des14,FE,PM,FE_cfg2_des14_swapped_PM,0.45238557,0.8607,16.63253
FE_cfg2_des14,FE,PR,FE_cfg2_des14_swapped_PR,0.28022322,0.8628,9.883767
FE_cfg2_des14,FE,SM,FE_cfg2_des14_swapped_SM,0.3185428,0.8624,14.672108
FE_cfg2_des14,FE,TB,FE_cfg2_des14_swapped_TB,0.37902093,0.8645,16.810492
FE_cfg2_des14,FE,TM,FE_cfg2_des14_swapped_TM,0.517033,0.8603,14.3703
FE_cfg2_des14,FE,YB,FE_cfg2_des14_swapped_YB,0.21477294,0.8618,13.641744
FE_cfg2_des14,FE,ZN,FE_cfg2_des14_swapped_ZN,0.24551347,0.8572,6.494222
FE_cfg2_des12,FE,CE,FE_cfg2_des12_swapped_CE,0.7223242,0.855,13.493779
FE_cfg2_des12,FE,CO,FE_cfg2_des12_swapped_CO,0.7333461,0.8661,18.050695
FE_cfg2_des12,FE,CU,FE_cfg2_des12_swapped_CU,0.58186287,0.8538,17.981749
FE_cfg2_des12,FE,DY,FE_cfg2_des12_swapped_DY,0.62379396,0.8655,14.95403
FE_cfg2_des12,FE,ER,FE_cfg2_des12_swapped_ER,0.45332524,0.8631,8.596812
FE_cfg2_des12,FE,EU,FE_cfg2_des12_swapped_EU,0.5779441,0.8623,14.960706
FE_cfg2_des12,FE,GD,FE_cfg2_des12_swapped_GD,0.6165736,0.859,17.30851
FE_cfg2_des12,FE,HO,FE_cfg2_des12_swapped_HO,0.6838649,0.8642,14.745025
FE_cfg2_des12,FE,LA,FE_cfg2_des12_swapped_LA,0.7043558,0.8631,14.564612
FE_cfg2_des12,FE,LU,FE_cfg2_des12_swapped_LU,0.56647635,0.8591,17.378105
FE_cfg2_des12,FE,MN,FE_cfg2_des12_swapped_MN,1.0521722,0.8613,14.803052
FE_cfg2_des12,FE,ND,FE_cfg2_des12_swapped_ND,0.7630034,0.8567,17.273537
FE_cfg2_des12,FE,NI,FE_cfg2_des12_swapped_NI,0.7482339,0.8636,19.343355
FE_cfg2_des12,FE,PM,FE_cfg2_des12_swapped_PM,1.025347,0.8561,8.646571
FE_cfg2_des12,FE,PR,FE_cfg2_des12_swapped_PR,0.6730179,0.8607,15.139412
FE_cfg2_des12,FE,SM,FE_cfg2_des12_swapped_SM,0.68542725,0.8626,14.831334
FE_cfg2_des12,FE,TB,FE_cfg2_des12_swapped_TB,0.6394134,0.8606,17.445961
FE_cfg2_des12,FE,TM,FE_cfg2_des12_swapped_TM,0.72957426,0.8587,14.545768
FE_cfg2_des12,FE,YB,FE_cfg2_des12_swapped_YB,0.5392472,0.8588,17.319414
FE_cfg2_des12,FE,ZN,FE_cfg2_des12_swapped_ZN,0.7263231,0.8599,4.3166413
FE_cfg2_des2,FE,CE,FE_cfg2_des2_swapped_CE,0.539535,0.8525,14.575241
FE_cfg2_des2,FE,CO,FE_cfg2_des2_swapped_CO,0.31312546,0.8629,11.455872
FE_cfg2_des2,FE,CU,FE_cfg2_des2_swapped_CU,0.26671514,0.8497,17.794737
FE_cfg2_des2,FE,DY,FE_cfg2_des2_swapped_DY,5.5739055,0.7941,10.684499
FE_cfg2_des2,FE,ER,FE_cfg2_des2_swapped_ER,0.62601393,0.8553,16.18485
FE_cfg2_des2,FE,EU,FE_cfg2_des2_swapped_EU,0.3222806,0.8619,17.689781
FE_cfg2_des2,FE,GD,FE_cfg2_des2_swapped_GD,0.26130784,0.8589,15.206608
FE_cfg2_des2,FE,HO,FE_cfg2_des2_swapped_HO,0.4307505,0.8618,10.601166
FE_cfg2_des2,FE,LA,FE_cfg2_des2_swapped_LA,0.39740846,0.8607,14.839355
FE_cfg2_des2,FE,LU,FE_cfg2_des2_swapped_LU,0.40964502,0.8581,10.217055
FE_cfg2_des2,FE,MN,FE_cfg2_des2_swapped_MN,0.20831986,0.8556,11.211761
FE_cfg2_des2,FE,ND,FE_cfg2_des2_swapped_ND,0.5041721,0.8556,16.64665
FE_cfg2_des2,FE,NI,FE_cfg2_des2_swapped_NI,6.5799546,0.7929,10.213345
FE_cfg2_des2,FE,PM,FE_cfg2_des2_swapped_PM,0.5430382,0.852,13.696219
FE_cfg2_des2,FE,PR,FE_cfg2_des2_swapped_PR,0.3341082,0.8588,11.731411
FE_cfg2_des2,FE,SM,FE_cfg2_des2_swapped_SM,0.29305133,0.8597,11.65453
FE_cfg2_des2,FE,TB,FE_cfg2_des2_swapped_TB,0.49223378,0.8586,11.433994
FE_cfg2_des2,FE,TM,FE_cfg2_des2_swapped_TM,0.5137311,0.8547,14.476062
FE_cfg2_des2,FE,YB,FE_cfg2_des2_swapped_YB,0.40093893,0.8595,12.332837
FE_cfg2_des2,FE,ZN,FE_cfg2_des2_swapped_ZN,6.7862167,0.7835,9.762636
FE_cfg2_des0,FE,CE,FE_cfg2_des0_swapped_CE,1.2751552,0.854,14.571115
FE_cfg2_des0,FE,CO,FE_cfg2_des0_swapped_CO,0.91751885,0.8636,15.469007
FE_cfg2_des0,FE,CU,FE_cfg2_des0_swapped_CU,0.5616081,0.8552,17.826128
FE_cfg2_des0,FE,DY,FE_cfg2_des0_swapped_DY,0.67797816,0.8624,15.56302
FE_cfg2_des0,FE,ER,FE_cfg2_des0_swapped_ER,0.6675362,0.8595,17.241358
FE_cfg2_des0,FE,EU,FE_cfg2_des0_swapped_EU,0.50372,0.8613,18.017448
FE_cfg2_des0,FE,GD,FE_cfg2_des0_swapped_GD,0.5754134,0.8603,17.831453
FE_cfg2_des0,FE,HO,FE_cfg2_des0_swapped_HO,0.7075845,0.8617,14.637666
FE_cfg2_des0,FE,LA,FE_cfg2_des0_swapped_LA,1.0869535,0.8618,14.771493
FE_cfg2_des0,FE,LU,FE_cfg2_des0_swapped_LU,0.729001,0.8588,18.08556
FE_cfg2_des0,FE,MN,FE_cfg2_des0_swapped_MN,0.7449263,0.8599,15.637837
FE_cfg2_des0,FE,ND,FE_cfg2_des0_swapped_ND,0.9883316,0.8549,17.148378
FE_cfg2_des0,FE,NI,FE_cfg2_des0_swapped_NI,1.0788603,0.8621,18.049162
FE_cfg2_des0,FE,PM,FE_cfg2_des0_swapped_PM,0.6684803,0.858,13.194618
FE_cfg2_des0,FE,PR,FE_cfg2_des0_swapped_PR,0.8091421,0.8604,14.657529
FE_cfg2_des0,FE,SM,FE_cfg2_des0_swapped_SM,0.6140065,0.8611,15.36272
FE_cfg2_des0,FE,TB,FE_cfg2_des0_swapped_TB,0.44608808,0.8607,15.507831
FE_cfg2_des0,FE,TM,FE_cfg2_des0_swapped_TM,0.7002883,0.8583,14.50575
FE_cfg2_des0,FE,YB,FE_cfg2_des0_swapped_YB,0.66283727,0.8596,17.431154
FE_cfg2_des0,FE,ZN,FE_cfg2_des0_swapped_ZN,0.61989045,0.8591,14.63429
GD_cfg4_des13,GD,CE,GD_cfg4_des13_swapped_CE,0.8053916,0.8622,20.250334
GD_cfg4_des13,GD,CO,GD_cfg4_des13_swapped_CO,0.5437109,0.865,15.457103
GD_cfg4_des13,GD,CU,GD_cfg4_des13_swapped_CU,0.5407735,0.8569,24.376122
GD_cfg4_des13,GD,DY,GD_cfg4_des13_swapped_DY,0.5504797,0.8607,18.321186
GD_cfg4_des13,GD,ER,GD_cfg4_des13_swapped_ER,0.5298041,0.8596,19.053051
GD_cfg4_des13,GD,EU,GD_cfg4_des13_swapped_EU,0.43801454,0.8638,19.125973
GD_cfg4_des13,GD,FE,GD_cfg4_des13_swapped_FE,0.64517224,0.8579,19.024506
GD_cfg4_des13,GD,HO,GD_cfg4_des13_swapped_HO,0.35322797,0.8624,18.515497
GD_cfg4_des13,GD,LA,GD_cfg4_des13_swapped_LA,0.48485377,0.8618,12.277389
GD_cfg4_des13,GD,LU,GD_cfg4_des13_swapped_LU,0.47897688,0.8617,12.435432
GD_cfg4_des13,GD,MN,GD_cfg4_des13_swapped_MN,0.7522933,0.8632,14.472506
GD_cfg4_des13,GD,ND,GD_cfg4_des13_swapped_ND,0.42914394,0.8624,11.989
GD_cfg4_des13,GD,NI,GD_cfg4_des13_swapped_NI,0.49974692,0.8636,20.219233
GD_cfg4_des13,GD,PM,GD_cfg4_des13_swapped_PM,0.2818021,0.8596,17.281431
GD_cfg4_des13,GD,PR,GD_cfg4_des13_swapped_PR,0.4448901,0.862,12.302622
GD_cfg4_des13,GD,SM,GD_cfg4_des13_swapped_SM,0.41047922,0.8595,18.582098
GD_cfg4_des13,GD,TB,GD_cfg4_des13_swapped_TB,0.45356122,0.8631,14.820833
GD_cfg4_des13,GD,TM,GD_cfg4_des13_swapped_TM,0.44594383,0.8599,18.227135
GD_cfg4_des13,GD,YB,GD_cfg4_des13_swapped_YB,0.44438863,0.8637,12.419346
GD_cfg4_des13,GD,ZN,GD_cfg4_des13_swapped_ZN,0.5578945,0.8567,20.574203
GD_cfg4_des3,GD,CE,GD_cfg4_des3_swapped_CE,0.49477717,0.8591,17.80588
GD_cfg4_des3,GD,CO,GD_cfg4_des3_swapped_CO,0.5093429,0.8654,11.685273
GD_cfg4_des3,GD,CU,GD_cfg4_des3_swapped_CU,0.6157893,0.8512,9.802498
GD_cfg4_des3,GD,DY,GD_cfg4_des3_swapped_DY,0.22797704,0.86,11.836416
GD_cfg4_des3,GD,ER,GD_cfg4_des3_swapped_ER,0.21971782,0.8563,11.932817
GD_cfg4_des3,GD,EU,GD_cfg4_des3_swapped_EU,0.769637,0.8625,14.076092
GD_cfg4_des3,GD,FE,GD_cfg4_des3_swapped_FE,0.36219135,0.8556,17.48698
GD_cfg4_des3,GD,HO,GD_cfg4_des3_swapped_HO,0.34342143,0.8617,11.68089
GD_cfg4_des3,GD,LA,GD_cfg4_des3_swapped_LA,0.25223416,0.8604,19.840197
GD_cfg4_des3,GD,LU,GD_cfg4_des3_swapped_LU,0.56817836,0.861,13.887205
GD_cfg4_des3,GD,MN,GD_cfg4_des3_swapped_MN,0.4800241,0.8632,17.959097
GD_cfg4_des3,GD,ND,GD_cfg4_des3_swapped_ND,0.46655253,0.8605,17.91489
GD_cfg4_des3,GD,NI,GD_cfg4_des3_swapped_NI,0.5515186,0.8646,11.934673
GD_cfg4_des3,GD,PM,GD_cfg4_des3_swapped_PM,0.41101193,0.8564,9.754285
GD_cfg4_des3,GD,PR,GD_cfg4_des3_swapped_PR,0.27292323,0.8609,19.964882
GD_cfg4_des3,GD,SM,GD_cfg4_des3_swapped_SM,0.58853126,0.8589,11.665635
GD_cfg4_des3,GD,TB,GD_cfg4_des3_swapped_TB,0.30446297,0.8616,19.613373
GD_cfg4_des3,GD,TM,GD_cfg4_des3_swapped_TM,0.20955977,0.8576,19.6407
GD_cfg4_des3,GD,YB,GD_cfg4_des3_swapped_YB,0.33752605,0.8633,13.881548
GD_cfg4_des3,GD,ZN,GD_cfg4_des3_swapped_ZN,0.5384909,0.8538,14.038364
GD_cfg0_des4,GD,CE,GD_cfg0_des4_swapped_CE,0.3300074,0.8475,20.255148
GD_cfg0_des4,GD,CO,GD_cfg0_des4_swapped_CO,0.8723634,0.8581,11.38878
GD_cfg0_des4,GD,CU,GD_cfg0_des4_swapped_CU,1.1906707,0.8438,17.335245
GD_cfg0_des4,GD,DY,GD_cfg0_des4_swapped_DY,1.1804528,0.8568,21.500074
GD_cfg0_des4,GD,ER,GD_cfg0_des4_swapped_ER,1.3782283,0.8469,10.929827
GD_cfg0_des4,GD,EU,GD_cfg0_des4_swapped_EU,1.0698471,0.8494,21.596788
GD_cfg0_des4,GD,FE,GD_cfg0_des4_swapped_FE,1.4065403,0.8431,20.723
GD_cfg0_des4,GD,HO,GD_cfg0_des4_swapped_HO,1.0616882,0.8541,16.717402
GD_cfg0_des4,GD,LA,GD_cfg0_des4_swapped_LA,1.2385948,0.8539,20.593502
GD_cfg0_des4,GD,LU,GD_cfg0_des4_swapped_LU,1.1896768,0.8565,12.228173
GD_cfg0_des4,GD,MN,GD_cfg0_des4_swapped_MN,1.2949929,0.8539,21.501291
GD_cfg0_des4,GD,ND,GD_cfg0_des4_swapped_ND,0.56481797,0.8476,21.922426
GD_cfg0_des4,GD,NI,GD_cfg0_des4_swapped_NI,0.4743817,0.8561,15.59529
GD_cfg0_des4,GD,PM,GD_cfg0_des4_swapped_PM,1.3584796,0.8391,14.764769
GD_cfg0_des4,GD,PR,GD_cfg0_des4_swapped_PR,1.2374923,0.8533,17.198772
GD_cfg0_des4,GD,SM,GD_cfg0_des4_swapped_SM,0.42040542,0.8538,22.723885
GD_cfg0_des4,GD,TB,GD_cfg0_des4_swapped_TB,1.125594,0.859,11.275381
GD_cfg0_des4,GD,TM,GD_cfg0_des4_swapped_TM,1.1604036,0.8464,21.40128
GD_cfg0_des4,GD,YB,GD_cfg0_des4_swapped_YB,1.217278,0.8544,21.185429
GD_cfg0_des4,GD,ZN,GD_cfg0_des4_swapped_ZN,0.44856003,0.8486,20.373627
GD_cfg4_des9,GD,CE,GD_cfg4_des9_swapped_CE,5.0383925,0.8486,15.921103
GD_cfg4_des9,GD,CO,GD_cfg4_des9_swapped_CO,0.5511525,0.855,19.593792
GD_cfg4_des9,GD,CU,GD_cfg4_des9_swapped_CU,0.8456796,0.8405,9.280468
GD_cfg4_des9,GD,DY,GD_cfg4_des9_swapped_DY,0.9481174,0.8553,17.979645
GD_cfg4_des9,GD,ER,GD_cfg4_des9_swapped_ER,0.76020193,0.8491,19.89793
GD_cfg4_des9,GD,EU,GD_cfg4_des9_swapped_EU,0.82772315,0.8567,14.617353
GD_cfg4_des9,GD,FE,GD_cfg4_des9_swapped_FE,0.8583573,0.8507,15.786314
GD_cfg4_des9,GD,HO,GD_cfg4_des9_swapped_HO,1.0314226,0.8545,16.555765
GD_cfg4_des9,GD,LA,GD_cfg4_des9_swapped_LA,0.9817241,0.8546,16.726637
GD_cfg4_des9,GD,LU,GD_cfg4_des9_swapped_LU,0.57783943,0.8517,14.131915
GD_cfg4_des9,GD,MN,GD_cfg4_des9_swapped_MN,0.8808588,0.8557,17.816723
GD_cfg4_des9,GD,ND,GD_cfg4_des9_swapped_ND,0.79438215,0.8504,19.789
GD_cfg4_des9,GD,NI,GD_cfg4_des9_swapped_NI,0.77994394,0.8553,23.383144
GD_cfg4_des9,GD,PM,GD_cfg4_des9_swapped_PM,0.7915464,0.8504,18.742313
GD_cfg4_des9,GD,PR,GD_cfg4_des9_swapped_PR,0.83482325,0.8541,16.70583
GD_cfg4_des9,GD,SM,GD_cfg4_des9_swapped_SM,0.7762671,0.8535,17.836874
GD_cfg4_des9,GD,TB,GD_cfg4_des9_swapped_TB,0.76140094,0.8555,16.642921
GD_cfg4_des9,GD,TM,GD_cfg4_des9_swapped_TM,0.9009572,0.8518,19.971006
GD_cfg4_des9,GD,YB,GD_cfg4_des9_swapped_YB,0.7411509,0.8546,17.81032
GD_cfg4_des9,GD,ZN,GD_cfg4_des9_swapped_ZN,0.85584474,0.8464,17.880444
GD_cfg3_des2,GD,CE,GD_cfg3_des2_swapped_CE,0.23459615,0.8519,16.551231
GD_cfg3_des2,GD,CO,GD_cfg3_des2_swapped_CO,0.2399067,0.8602,22.48603
GD_cfg3_des2,GD,CU,GD_cfg3_des2_swapped_CU,0.24771076,0.8479,17.057161
GD_cfg3_des2,GD,DY,GD_cfg3_des2_swapped_DY,0.4367149,0.8546,18.745361
GD_cfg3_des2,GD,ER,GD_cfg3_des2_swapped_ER,0.2442647,0.8509,14.810406
GD_cfg3_des2,GD,EU,GD_cfg3_des2_swapped_EU,0.21252683,0.8562,14.254427
GD_cfg3_des2,GD,FE,GD_cfg3_des2_swapped_FE,0.24228227,0.8531,20.507921
GD_cfg3_des2,GD,HO,GD_cfg3_des2_swapped_HO,0.21660346,0.8542,14.666098
GD_cfg3_des2,GD,LA,GD_cfg3_des2_swapped_LA,0.2583861,0.8517,20.248573
GD_cfg3_des2,GD,LU,GD_cfg3_des2_swapped_LU,0.3159353,0.8527,14.732855
GD_cfg3_des2,GD,MN,GD_cfg3_des2_swapped_MN,0.2949382,0.8557,13.251944
GD_cfg3_des2,GD,ND,GD_cfg3_des2_swapped_ND,0.24835078,0.8537,16.74289
GD_cfg3_des2,GD,NI,GD_cfg3_des2_swapped_NI,0.22771731,0.8589,13.729719
GD_cfg3_des2,GD,PM,GD_cfg3_des2_swapped_PM,0.29930097,0.8507,10.803534
GD_cfg3_des2,GD,PR,GD_cfg3_des2_swapped_PR,0.20067197,0.8528,12.196684
GD_cfg3_des2,GD,SM,GD_cfg3_des2_swapped_SM,0.2477501,0.8511,14.814072
GD_cfg3_des2,GD,TB,GD_cfg3_des2_swapped_TB,0.27986526,0.8536,14.713211
GD_cfg3_des2,GD,TM,GD_cfg3_des2_swapped_TM,0.25751966,0.8506,20.539022
GD_cfg3_des2,GD,YB,GD_cfg3_des2_swapped_YB,0.45200196,0.8565,17.764837
GD_cfg3_des2,GD,ZN,GD_cfg3_des2_swapped_ZN,0.32929832,0.8477,20.384924
HO_cfg2_des9,HO,CE,HO_cfg2_des9_swapped_CE,0.3151767,0.8577,11.90627
HO_cfg2_des9,HO,CO,HO_cfg2_des9_swapped_CO,0.21954368,0.8668,15.060571
HO_cfg2_des9,HO,CU,HO_cfg2_des9_swapped_CU,0.33045903,0.8523,13.976439
HO_cfg2_des9,HO,DY,HO_cfg2_des9_swapped_DY,0.28932822,0.8665,15.016732
HO_cfg2_des9,HO,ER,HO_cfg2_des9_swapped_ER,0.27019373,0.859,13.82428
HO_cfg2_des9,HO,EU,HO_cfg2_des9_swapped_EU,0.2380487,0.861,13.659908
HO_cfg2_des9,HO,FE,HO_cfg2_des9_swapped_FE,0.3606023,0.8552,14.664174
HO_cfg2_des9,HO,GD,HO_cfg2_des9_swapped_GD,0.3181761,0.8627,15.645986
HO_cfg2_des9,HO,LA,HO_cfg2_des9_swapped_LA,0.28290358,0.8642,13.801102
HO_cfg2_des9,HO,LU,HO_cfg2_des9_swapped_LU,0.4367275,0.8591,16.50464
HO_cfg2_des9,HO,MN,HO_cfg2_des9_swapped_MN,0.2064629,0.8637,13.179912
HO_cfg2_des9,HO,ND,HO_cfg2_des9_swapped_ND,0.24943796,0.8583,13.127617
HO_cfg2_des9,HO,NI,HO_cfg2_des9_swapped_NI,0.3125998,0.8649,14.983354
HO_cfg2_des9,HO,PM,HO_cfg2_des9_swapped_PM,0.2724698,0.8598,16.827547
HO_cfg2_des9,HO,PR,HO_cfg2_des9_swapped_PR,0.28260735,0.863,14.610677
HO_cfg2_des9,HO,SM,HO_cfg2_des9_swapped_SM,0.38527888,0.8648,13.494403
HO_cfg2_des9,HO,TB,HO_cfg2_des9_swapped_TB,0.25138268,0.8626,13.6575365
HO_cfg2_des9,HO,TM,HO_cfg2_des9_swapped_TM,0.23747998,0.8556,11.797921
HO_cfg2_des9,HO,YB,HO_cfg2_des9_swapped_YB,0.23491313,0.8623,15.056419
HO_cfg2_des9,HO,ZN,HO_cfg2_des9_swapped_ZN,0.27236113,0.8587,15.077019
HO_cfg2_des2,HO,CE,HO_cfg2_des2_swapped_CE,0.31023538,0.8585,15.071518
HO_cfg2_des2,HO,CO,HO_cfg2_des2_swapped_CO,0.31823102,0.864,17.63489
HO_cfg2_des2,HO,CU,HO_cfg2_des2_swapped_CU,0.32858023,0.8518,17.116152
HO_cfg2_des2,HO,DY,HO_cfg2_des2_swapped_DY,0.37563807,0.8643,21.549059
HO_cfg2_des2,HO,ER,HO_cfg2_des2_swapped_ER,0.2628419,0.8602,11.693597
HO_cfg2_des2,HO,EU,HO_cfg2_des2_swapped_EU,0.25518477,0.8621,11.754979
HO_cfg2_des2,HO,FE,HO_cfg2_des2_swapped_FE,0.36065865,0.8552,13.983345
HO_cfg2_des2,HO,GD,HO_cfg2_des2_swapped_GD,0.33299655,0.8616,11.616923
HO_cfg2_des2,HO,LA,HO_cfg2_des2_swapped_LA,0.31022435,0.8635,14.969691
HO_cfg2_des2,HO,LU,HO_cfg2_des2_swapped_LU,0.32674044,0.8618,15.57872
HO_cfg2_des2,HO,MN,HO_cfg2_des2_swapped_MN,0.43343416,0.8619,17.168995
HO_cfg2_des2,HO,ND,HO_cfg2_des2_swapped_ND,0.3745759,0.8604,13.393453
HO_cfg2_des2,HO,NI,HO_cfg2_des2_swapped_NI,0.34793955,0.8623,15.982846
HO_cfg2_des2,HO,PM,HO_cfg2_des2_swapped_PM,0.32348156,0.8595,12.280617
HO_cfg2_des2,HO,PR,HO_cfg2_des2_swapped_PR,0.335259,0.8632,17.13507
HO_cfg2_des2,HO,SM,HO_cfg2_des2_swapped_SM,0.36461312,0.8627,14.195628
HO_cfg2_des2,HO,TB,HO_cfg2_des2_swapped_TB,0.2663836,0.8632,13.95824
HO_cfg2_des2,HO,TM,HO_cfg2_des2_swapped_TM,0.39130712,0.8586,13.315421
HO_cfg2_des2,HO,YB,HO_cfg2_des2_swapped_YB,0.31239533,0.8631,16.663944
HO_cfg2_des2,HO,ZN,HO_cfg2_des2_swapped_ZN,0.29675493,0.8552,18.203821
HO_cfg2_des3,HO,CE,HO_cfg2_des3_swapped_CE,0.3455511,0.853,11.499862
HO_cfg2_des3,HO,CO,HO_cfg2_des3_swapped_CO,0.4602466,0.861,11.472703
HO_cfg2_des3,HO,CU,HO_cfg2_des3_swapped_CU,0.2908656,0.8509,14.233506
HO_cfg2_des3,HO,DY,HO_cfg2_des3_swapped_DY,0.24519025,0.8585,11.395539
HO_cfg2_des3,HO,ER,HO_cfg2_des3_swapped_ER,0.35384032,0.8547,17.828283
HO_cfg2_des3,HO,EU,HO_cfg2_des3_swapped_EU,0.21659568,0.8576,21.27884
HO_cfg2_des3,HO,FE,HO_cfg2_des3_swapped_FE,0.448317,0.8515,9.709945
HO_cfg2_des3,HO,GD,HO_cfg2_des3_swapped_GD,0.31716257,0.859,13.39405
HO_cfg2_des3,HO,LA,HO_cfg2_des3_swapped_LA,0.24502657,0.8555,11.456357
HO_cfg2_des3,HO,LU,HO_cfg2_des3_swapped_LU,0.29308534,0.8574,15.707283
HO_cfg2_des3,HO,MN,HO_cfg2_des3_swapped_MN,12.44783,0.8064,15.505107
HO_cfg2_des3,HO,ND,HO_cfg2_des3_swapped_ND,0.2849589,0.8508,20.368986
HO_cfg2_des3,HO,NI,HO_cfg2_des3_swapped_NI,0.33206716,0.8626,20.894663
HO_cfg2_des3,HO,PM,HO_cfg2_des3_swapped_PM,0.3011843,0.8532,12.247785
HO_cfg2_des3,HO,PR,HO_cfg2_des3_swapped_PR,0.32078037,0.8589,20.879225
HO_cfg2_des3,HO,SM,HO_cfg2_des3_swapped_SM,0.5636298,0.856,17.906239
HO_cfg2_des3,HO,TB,HO_cfg2_des3_swapped_TB,12.44801,0.7675,15.429459
HO_cfg2_des3,HO,TM,HO_cfg2_des3_swapped_TM,0.371615,0.8515,15.375651
HO_cfg2_des3,HO,YB,HO_cfg2_des3_swapped_YB,0.31001675,0.8555,21.779425
HO_cfg2_des3,HO,ZN,HO_cfg2_des3_swapped_ZN,0.3716218,0.8543,17.915487
HO_cfg2_des8,HO,CE,HO_cfg2_des8_swapped_CE,0.2967542,0.8589,13.339818
HO_cfg2_des8,HO,CO,HO_cfg2_des8_swapped_CO,0.25688732,0.8616,11.256848
HO_cfg2_des8,HO,CU,HO_cfg2_des8_swapped_CU,0.34404773,0.8441,14.716586
HO_cfg2_des8,HO,DY,HO_cfg2_des8_swapped_DY,0.3120363,0.86,22.307396
HO_cfg2_des8,HO,ER,HO_cfg2_des8_swapped_ER,0.25223917,0.8551,10.783942
HO_cfg2_des8,HO,EU,HO_cfg2_des8_swapped_EU,0.23115192,0.8599,19.161077
HO_cfg2_des8,HO,FE,HO_cfg2_des8_swapped_FE,0.29718035,0.8552,14.447352
HO_cfg2_des8,HO,GD,HO_cfg2_des8_swapped_GD,0.33618286,0.8586,13.7759905
HO_cfg2_des8,HO,LA,HO_cfg2_des8_swapped_LA,0.29307243,0.859,13.61802
HO_cfg2_des8,HO,LU,HO_cfg2_des8_swapped_LU,0.24516062,0.8593,13.279706
HO_cfg2_des8,HO,MN,HO_cfg2_des8_swapped_MN,0.25955182,0.8608,17.093351
HO_cfg2_des8,HO,ND,HO_cfg2_des8_swapped_ND,0.2690728,0.86,11.724702
HO_cfg2_des8,HO,NI,HO_cfg2_des8_swapped_NI,0.22228833,0.8607,16.369162
HO_cfg2_des8,HO,PM,HO_cfg2_des8_swapped_PM,1.3821875,0.8569,15.515813
HO_cfg2_des8,HO,PR,HO_cfg2_des8_swapped_PR,0.23634091,0.8602,21.341528
HO_cfg2_des8,HO,SM,HO_cfg2_des8_swapped_SM,0.2214084,0.8588,13.553086
HO_cfg2_des8,HO,TB,HO_cfg2_des8_swapped_TB,0.2137379,0.8609,16.085527
HO_cfg2_des8,HO,TM,HO_cfg2_des8_swapped_TM,0.36743668,0.8533,13.512349
HO_cfg2_des8,HO,YB,HO_cfg2_des8_swapped_YB,0.3360189,0.8619,16.080578
HO_cfg2_des8,HO,ZN,HO_cfg2_des8_swapped_ZN,0.32730198,0.8507,13.598579
HO_cfg2_des1,HO,CE,HO_cfg2_des1_swapped_CE,0.35565442,0.853,11.644383
HO_cfg2_des1,HO,CO,HO_cfg2_des1_swapped_CO,0.5810716,0.8587,17.260237
HO_cfg2_des1,HO,CU,HO_cfg2_des1_swapped_CU,0.5910258,0.8411,14.1154585
HO_cfg2_des1,HO,DY,HO_cfg2_des1_swapped_DY,0.37356076,0.8598,20.20218
HO_cfg2_des1,HO,ER,HO_cfg2_des1_swapped_ER,0.48905644,0.8549,18.59079
HO_cfg2_des1,HO,EU,HO_cfg2_des1_swapped_EU,0.4954979,0.858,20.606821
HO_cfg2_des1,HO,FE,HO_cfg2_des1_swapped_FE,0.41166925,0.8522,9.991768
HO_cfg2_des1,HO,GD,HO_cfg2_des1_swapped_GD,0.29524946,0.8552,21.357447
HO_cfg2_des1,HO,LA,HO_cfg2_des1_swapped_LA,0.29723594,0.8584,13.725541
HO_cfg2_des1,HO,LU,HO_cfg2_des1_swapped_LU,0.396778,0.8556,21.331656
HO_cfg2_des1,HO,MN,HO_cfg2_des1_swapped_MN,0.35730734,0.8566,10.004424
HO_cfg2_des1,HO,ND,HO_cfg2_des1_swapped_ND,0.5139871,0.8552,16.515871
HO_cfg2_des1,HO,NI,HO_cfg2_des1_swapped_NI,0.4795549,0.8575,12.634353
HO_cfg2_des1,HO,PM,HO_cfg2_des1_swapped_PM,0.39244363,0.8549,13.156306
HO_cfg2_des1,HO,PR,HO_cfg2_des1_swapped_PR,0.37841946,0.8577,11.633758
HO_cfg2_des1,HO,SM,HO_cfg2_des1_swapped_SM,0.34645137,0.8578,20.256447
HO_cfg2_des1,HO,TB,HO_cfg2_des1_swapped_TB,0.39198762,0.8567,15.10481
HO_cfg2_des1,HO,TM,HO_cfg2_des1_swapped_TM,0.3942093,0.8534,14.109197
HO_cfg2_des1,HO,YB,HO_cfg2_des1_swapped_YB,0.42184365,0.8563,13.731682
HO_cfg2_des1,HO,ZN,HO_cfg2_des1_swapped_ZN,0.5442817,0.8484,20.180895
LA_cfg2_des0,LA,CE,LA_cfg2_des0_swapped_CE,0.4943686,0.8607,18.19628
LA_cfg2_des0,LA,CO,LA_cfg2_des0_swapped_CO,0.37755084,0.8687,14.866538
LA_cfg2_des0,LA,CU,LA_cfg2_des0_swapped_CU,0.5781625,0.8564,15.797155
LA_cfg2_des0,LA,DY,LA_cfg2_des0_swapped_DY,0.34856015,0.8657,9.661474
LA_cfg2_des0,LA,ER,LA_cfg2_des0_swapped_ER,0.22569822,0.8599,21.815254
LA_cfg2_des0,LA,EU,LA_cfg2_des0_swapped_EU,0.29120177,0.8676,22.612604
LA_cfg2_des0,LA,FE,LA_cfg2_des0_swapped_FE,0.67668724,0.8584,14.469133
LA_cfg2_des0,LA,GD,LA_cfg2_des0_swapped_GD,0.34602767,0.8651,15.832248
LA_cfg2_des0,LA,HO,LA_cfg2_des0_swapped_HO,0.35751775,0.8647,15.750824
LA_cfg2_des0,LA,LU,LA_cfg2_des0_swapped_LU,0.31563663,0.8647,14.768959
LA_cfg2_des0,LA,MN,LA_cfg2_des0_swapped_MN,0.33477283,0.8649,21.818768
LA_cfg2_des0,LA,ND,LA_cfg2_des0_swapped_ND,1.0767084,0.8636,21.204098
LA_cfg2_des0,LA,NI,LA_cfg2_des0_swapped_NI,0.28195953,0.868,13.783442
LA_cfg2_des0,LA,PM,LA_cfg2_des0_swapped_PM,0.38739902,0.8588,13.698135
LA_cfg2_des0,LA,PR,LA_cfg2_des0_swapped_PR,0.29153478,0.8647,16.763681
LA_cfg2_des0,LA,SM,LA_cfg2_des0_swapped_SM,0.2301435,0.8638,16.056868
LA_cfg2_des0,LA,TB,LA_cfg2_des0_swapped_TB,0.19796497,0.866,15.972691
LA_cfg2_des0,LA,TM,LA_cfg2_des0_swapped_TM,0.27204543,0.8587,21.543201
LA_cfg2_des0,LA,YB,LA_cfg2_des0_swapped_YB,0.36159068,0.8672,19.733652
LA_cfg2_des0,LA,ZN,LA_cfg2_des0_swapped_ZN,0.34873635,0.862,14.690107
LA_cfg2_des11,LA,CE,LA_cfg2_des11_swapped_CE,0.5221112,0.8582,16.75511
LA_cfg2_des11,LA,CO,LA_cfg2_des11_swapped_CO,0.63498706,0.8632,10.762147
LA_cfg2_des11,LA,CU,LA_cfg2_des11_swapped_CU,0.3744984,0.8459,12.773057
LA_cfg2_des11,LA,DY,LA_cfg2_des11_swapped_DY,0.274128,0.8615,22.61673
LA_cfg2_des11,LA,ER,LA_cfg2_des11_swapped_ER,0.3481679,0.8572,15.644924
LA_cfg2_des11,LA,EU,LA_cfg2_des11_swapped_EU,0.27254403,0.8644,14.934763
LA_cfg2_des11,LA,FE,LA_cfg2_des11_swapped_FE,0.36046484,0.856,12.448881
LA_cfg2_des11,LA,GD,LA_cfg2_des11_swapped_GD,0.33283594,0.864,22.499926
LA_cfg2_des11,LA,HO,LA_cfg2_des11_swapped_HO,0.28622076,0.8598,15.597828
LA_cfg2_des11,LA,LU,LA_cfg2_des11_swapped_LU,0.5638268,0.8593,19.588367
LA_cfg2_des11,LA,MN,LA_cfg2_des11_swapped_MN,0.40271467,0.8632,15.837983
LA_cfg2_des11,LA,ND,LA_cfg2_des11_swapped_ND,0.3199632,0.8605,16.550106
LA_cfg2_des11,LA,NI,LA_cfg2_des11_swapped_NI,0.2779064,0.8633,13.193958
LA_cfg2_des11,LA,PM,LA_cfg2_des11_swapped_PM,0.45686492,0.8565,10.29007
LA_cfg2_des11,LA,PR,LA_cfg2_des11_swapped_PR,0.29498276,0.8623,16.06385
LA_cfg2_des11,LA,SM,LA_cfg2_des11_swapped_SM,0.2139489,0.8609,12.638347
LA_cfg2_des11,LA,TB,LA_cfg2_des11_swapped_TB,0.32064205,0.8619,20.568892
LA_cfg2_des11,LA,TM,LA_cfg2_des11_swapped_TM,0.43566167,0.8617,15.707601
LA_cfg2_des11,LA,YB,LA_cfg2_des11_swapped_YB,0.25573587,0.8651,17.381226
LA_cfg2_des11,LA,ZN,LA_cfg2_des11_swapped_ZN,0.33535907,0.8535,20.994823
LA_cfg2_des13,LA,CE,LA_cfg2_des13_swapped_CE,0.6403977,0.8627,12.256216
LA_cfg2_des13,LA,CO,LA_cfg2_des13_swapped_CO,0.36674047,0.8679,17.318375
LA_cfg2_des13,LA,CU,LA_cfg2_des13_swapped_CU,0.66494024,0.8576,17.77747
LA_cfg2_des13,LA,DY,LA_cfg2_des13_swapped_DY,0.4130672,0.86,17.834896
LA_cfg2_des13,LA,ER,LA_cfg2_des13_swapped_ER,0.37754154,0.8601,16.201939
LA_cfg2_des13,LA,EU,LA_cfg2_des13_swapped_EU,0.35169962,0.8628,18.148048
LA_cfg2_des13,LA,FE,LA_cfg2_des13_swapped_FE,0.36387396,0.863,17.617908
LA_cfg2_des13,LA,GD,LA_cfg2_des13_swapped_GD,0.34903702,0.8617,17.782303
LA_cfg2_des13,LA,HO,LA_cfg2_des13_swapped_HO,0.46831942,0.8611,18.297832
LA_cfg2_des13,LA,LU,LA_cfg2_des13_swapped_LU,0.34447646,0.8621,18.413654
LA_cfg2_des13,LA,MN,LA_cfg2_des13_swapped_MN,0.51640934,0.866,22.461884
LA_cfg2_des13,LA,ND,LA_cfg2_des13_swapped_ND,0.33775663,0.8626,18.126656
LA_cfg2_des13,LA,NI,LA_cfg2_des13_swapped_NI,0.4093166,0.8678,17.281273
LA_cfg2_des13,LA,PM,LA_cfg2_des13_swapped_PM,0.33468,0.8611,13.805981
LA_cfg2_des13,LA,PR,LA_cfg2_des13_swapped_PR,0.320333,0.8636,18.057976
LA_cfg2_des13,LA,SM,LA_cfg2_des13_swapped_SM,0.65195113,0.8585,18.183372
LA_cfg2_des13,LA,TB,LA_cfg2_des13_swapped_TB,0.29171342,0.863,18.867012
LA_cfg2_des13,LA,TM,LA_cfg2_des13_swapped_TM,0.33377367,0.8606,21.356615
LA_cfg2_des13,LA,YB,LA_cfg2_des13_swapped_YB,0.17767689,0.8652,18.189007
LA_cfg2_des13,LA,ZN,LA_cfg2_des13_swapped_ZN,0.3149911,0.8592,17.37252
LA_cfg1_des10,LA,CE,LA_cfg1_des10_swapped_CE,0.28359634,0.8558,19.740168
LA_cfg1_des10,LA,CO,LA_cfg1_des10_swapped_CO,0.35916165,0.861,25.33516
LA_cfg1_des10,LA,CU,LA_cfg1_des10_swapped_CU,2.4032195,0.8462,20.436901
LA_cfg1_des10,LA,DY,LA_cfg1_des10_swapped_DY,0.1735147,0.8598,18.48666
LA_cfg1_des10,LA,ER,LA_cfg1_des10_swapped_ER,0.34742132,0.8601,24.311974
LA_cfg1_des10,LA,EU,LA_cfg1_des10_swapped_EU,0.2625369,0.8588,24.692055
LA_cfg1_des10,LA,FE,LA_cfg1_des10_swapped_FE,0.2981218,0.8521,20.475492
LA_cfg1_des10,LA,GD,LA_cfg1_des10_swapped_GD,0.19273919,0.8628,13.070093
LA_cfg1_des10,LA,HO,LA_cfg1_des10_swapped_HO,0.30278352,0.8602,16.788519
LA_cfg1_des10,LA,LU,LA_cfg1_des10_swapped_LU,1.7515148,0.8596,24.755667
LA_cfg1_des10,LA,MN,LA_cfg1_des10_swapped_MN,0.34997177,0.8592,20.403831
LA_cfg1_des10,LA,ND,LA_cfg1_des10_swapped_ND,0.61418384,0.8579,21.488491
LA_cfg1_des10,LA,NI,LA_cfg1_des10_swapped_NI,2.3615205,0.8532,20.324728
LA_cfg1_des10,LA,PM,LA_cfg1_des10_swapped_PM,0.8092406,0.8579,16.231825
LA_cfg1_des10,LA,PR,LA_cfg1_des10_swapped_PR,0.31299546,0.8622,25.030851
LA_cfg1_des10,LA,SM,LA_cfg1_des10_swapped_SM,0.52245015,0.8603,24.70282
LA_cfg1_des10,LA,TB,LA_cfg1_des10_swapped_TB,0.3454246,0.8623,24.468393
LA_cfg1_des10,LA,TM,LA_cfg1_des10_swapped_TM,1.2775145,0.8619,12.282642
LA_cfg1_des10,LA,YB,LA_cfg1_des10_swapped_YB,0.31525016,0.8604,18.434296
LA_cfg1_des10,LA,ZN,LA_cfg1_des10_swapped_ZN,2.5946813,0.8531,18.237148
LA_cfg2_des3,LA,CE,LA_cfg2_des3_swapped_CE,0.43497872,0.852,18.120235
LA_cfg2_des3,LA,CO,LA_cfg2_des3_swapped_CO,0.7670533,0.8615,22.123253
LA_cfg2_des3,LA,CU,LA_cfg2_des3_swapped_CU,0.5516979,0.8489,18.915203
LA_cfg2_des3,LA,DY,LA_cfg2_des3_swapped_DY,0.37495568,0.8597,15.403271
LA_cfg2_des3,LA,ER,LA_cfg2_des3_swapped_ER,0.7149692,0.8547,15.747705
LA_cfg2_des3,LA,EU,LA_cfg2_des3_swapped_EU,0.3140925,0.8606,15.690842
LA_cfg2_des3,LA,FE,LA_cfg2_des3_swapped_FE,0.616875,0.8507,20.891634
LA_cfg2_des3,LA,GD,LA_cfg2_des3_swapped_GD,0.5985112,0.8592,15.540789
LA_cfg2_des3,LA,HO,LA_cfg2_des3_swapped_HO,0.41890538,0.8608,15.31459
LA_cfg2_des3,LA,LU,LA_cfg2_des3_swapped_LU,0.3382237,0.858,17.000591
LA_cfg2_des3,LA,MN,LA_cfg2_des3_swapped_MN,0.33308756,0.8578,20.591705
LA_cfg2_des3,LA,ND,LA_cfg2_des3_swapped_ND,0.44974467,0.8534,16.778515
LA_cfg2_des3,LA,NI,LA_cfg2_des3_swapped_NI,0.55885047,0.8604,14.20786
LA_cfg2_des3,LA,PM,LA_cfg2_des3_swapped_PM,0.56751496,0.8558,10.3008
LA_cfg2_des3,LA,PR,LA_cfg2_des3_swapped_PR,0.3804681,0.8606,22.655544
LA_cfg2_des3,LA,SM,LA_cfg2_des3_swapped_SM,0.33734185,0.8599,15.645259
LA_cfg2_des3,LA,TB,LA_cfg2_des3_swapped_TB,0.40600216,0.8612,15.774717
LA_cfg2_des3,LA,TM,LA_cfg2_des3_swapped_TM,0.3702812,0.8568,15.641298
LA_cfg2_des3,LA,YB,LA_cfg2_des3_swapped_YB,0.601891,0.8593,15.629276
LA_cfg2_des3,LA,ZN,LA_cfg2_des3_swapped_ZN,0.60852456,0.8492,15.534927
LU_cfg4_des9,LU,CE,LU_cfg4_des9_swapped_CE,0.3867277,0.8576,14.587006
LU_cfg4_des9,LU,CO,LU_cfg4_des9_swapped_CO,0.39266887,0.8614,14.5081005
LU_cfg4_des9,LU,CU,LU_cfg4_des9_swapped_CU,0.29070997,0.8489,19.862808
LU_cfg4_des9,LU,DY,LU_cfg4_des9_swapped_DY,0.2822013,0.8594,19.224998
LU_cfg4_des9,LU,ER,LU_cfg4_des9_swapped_ER,0.24351642,0.8523,18.46957
LU_cfg4_des9,LU,EU,LU_cfg4_des9_swapped_EU,0.24910197,0.8576,14.73312
LU_cfg4_des9,LU,FE,LU_cfg4_des9_swapped_FE,0.29414907,0.8529,19.807468
LU_cfg4_des9,LU,GD,LU_cfg4_des9_swapped_GD,0.2854424,0.8582,12.308216
LU_cfg4_des9,LU,HO,LU_cfg4_des9_swapped_HO,0.29848686,0.858,12.165388
LU_cfg4_des9,LU,LA,LU_cfg4_des9_swapped_LA,0.2594498,0.8576,18.43795
LU_cfg4_des9,LU,MN,LU_cfg4_des9_swapped_MN,0.22467549,0.8607,19.7644
LU_cfg4_des9,LU,ND,LU_cfg4_des9_swapped_ND,0.34035286,0.8588,19.620245
LU_cfg4_des9,LU,NI,LU_cfg4_des9_swapped_NI,0.19982415,0.8617,19.835133
LU_cfg4_des9,LU,PM,LU_cfg4_des9_swapped_PM,0.35236967,0.8517,20.126713
LU_cfg4_des9,LU,PR,LU_cfg4_des9_swapped_PR,0.24638043,0.8601,12.259975
LU_cfg4_des9,LU,SM,LU_cfg4_des9_swapped_SM,0.34650984,0.8595,19.905527
LU_cfg4_des9,LU,TB,LU_cfg4_des9_swapped_TB,0.27582258,0.8585,19.844658
LU_cfg4_des9,LU,TM,LU_cfg4_des9_swapped_TM,0.29969662,0.8508,14.586081
LU_cfg4_des9,LU,YB,LU_cfg4_des9_swapped_YB,0.37946612,0.8624,14.537035
LU_cfg4_des9,LU,ZN,LU_cfg4_des9_swapped_ZN,0.36587524,0.8521,25.63517
LU_cfg4_des0,LU,CE,LU_cfg4_des0_swapped_CE,0.5229786,0.8561,21.821442
LU_cfg4_des0,LU,CO,LU_cfg4_des0_swapped_CO,0.4610678,0.8586,16.029453
LU_cfg4_des0,LU,CU,LU_cfg4_des0_swapped_CU,1.4282752,0.8507,20.860294
LU_cfg4_des0,LU,DY,LU_cfg4_des0_swapped_DY,0.7504478,0.8559,13.300922
LU_cfg4_des0,LU,ER,LU_cfg4_des0_swapped_ER,0.70996755,0.8567,12.917436
LU_cfg4_des0,LU,EU,LU_cfg4_des0_swapped_EU,0.80897254,0.8573,26.706146
LU_cfg4_des0,LU,FE,LU_cfg4_des0_swapped_FE,0.36999473,0.8481,20.128609
LU_cfg4_des0,LU,GD,LU_cfg4_des0_swapped_GD,0.89830303,0.8572,14.428103
LU_cfg4_des0,LU,HO,LU_cfg4_des0_swapped_HO,0.2691399,0.8562,14.394476
LU_cfg4_des0,LU,LA,LU_cfg4_des0_swapped_LA,0.4380288,0.858,14.6004505
LU_cfg4_des0,LU,MN,LU_cfg4_des0_swapped_MN,0.4629291,0.8579,26.199238
LU_cfg4_des0,LU,ND,LU_cfg4_des0_swapped_ND,0.6630862,0.8566,20.05671
LU_cfg4_des0,LU,NI,LU_cfg4_des0_swapped_NI,0.42019773,0.8595,14.683514
LU_cfg4_des0,LU,PM,LU_cfg4_des0_swapped_PM,0.3756836,0.8571,14.314564
LU_cfg4_des0,LU,PR,LU_cfg4_des0_swapped_PR,0.3352555,0.8576,25.631851
LU_cfg4_des0,LU,SM,LU_cfg4_des0_swapped_SM,0.6370804,0.8559,13.339174
LU_cfg4_des0,LU,TB,LU_cfg4_des0_swapped_TB,0.8126588,0.8564,13.65636
LU_cfg4_des0,LU,TM,LU_cfg4_des0_swapped_TM,0.27899647,0.8538,14.542969
LU_cfg4_des0,LU,YB,LU_cfg4_des0_swapped_YB,0.7921093,0.8571,18.72745
LU_cfg4_des0,LU,ZN,LU_cfg4_des0_swapped_ZN,0.6396209,0.8513,25.556887
LU_cfg4_des13,LU,CE,LU_cfg4_des13_swapped_CE,0.5764048,0.8554,18.35894
LU_cfg4_des13,LU,CO,LU_cfg4_des13_swapped_CO,0.5732928,0.867,18.286974
LU_cfg4_des13,LU,CU,LU_cfg4_des13_swapped_CU,0.59208286,0.848,21.13126
LU_cfg4_des13,LU,DY,LU_cfg4_des13_swapped_DY,0.4182762,0.8627,14.581318
LU_cfg4_des13,LU,ER,LU_cfg4_des13_swapped_ER,0.41957965,0.856,18.053423
LU_cfg4_des13,LU,EU,LU_cfg4_des13_swapped_EU,0.49603063,0.8591,14.531956
LU_cfg4_des13,LU,FE,LU_cfg4_des13_swapped_FE,0.7131899,0.8524,14.374767
LU_cfg4_des13,LU,GD,LU_cfg4_des13_swapped_GD,0.6198838,0.8595,17.623228
LU_cfg4_des13,LU,HO,LU_cfg4_des13_swapped_HO,0.67551285,0.8603,17.743813
LU_cfg4_des13,LU,LA,LU_cfg4_des13_swapped_LA,0.5233718,0.8614,16.52702
LU_cfg4_des13,LU,MN,LU_cfg4_des13_swapped_MN,0.6646611,0.8637,18.051096
LU_cfg4_des13,LU,ND,LU_cfg4_des13_swapped_ND,0.68371457,0.8565,14.479729
LU_cfg4_des13,LU,NI,LU_cfg4_des13_swapped_NI,0.36557543,0.867,14.457662
LU_cfg4_des13,LU,PM,LU_cfg4_des13_swapped_PM,0.4982027,0.8564,10.643562
LU_cfg4_des13,LU,PR,LU_cfg4_des13_swapped_PR,0.34940556,0.8602,17.970873
LU_cfg4_des13,LU,SM,LU_cfg4_des13_swapped_SM,0.6823403,0.8607,12.306313
LU_cfg4_des13,LU,TB,LU_cfg4_des13_swapped_TB,0.38412154,0.8608,18.334103
LU_cfg4_des13,LU,TM,LU_cfg4_des13_swapped_TM,0.66101766,0.8573,18.170506
LU_cfg4_des13,LU,YB,LU_cfg4_des13_swapped_YB,0.6141616,0.862,12.3635025
LU_cfg4_des13,LU,ZN,LU_cfg4_des13_swapped_ZN,0.61289465,0.8556,18.010086
LU_cfg2_des5,LU,CE,LU_cfg2_des5_swapped_CE,0.762568,0.8558,12.115242
LU_cfg2_des5,LU,CO,LU_cfg2_des5_swapped_CO,0.849401,0.8583,20.837639
LU_cfg2_des5,LU,CU,LU_cfg2_des5_swapped_CU,0.7798131,0.8472,8.8633175
LU_cfg2_des5,LU,DY,LU_cfg2_des5_swapped_DY,0.5430012,0.8595,11.755932
LU_cfg2_des5,LU,ER,LU_cfg2_des5_swapped_ER,0.510125,0.8534,8.658184
LU_cfg2_des5,LU,EU,LU_cfg2_des5_swapped_EU,0.5391461,0.8541,25.556652
LU_cfg2_des5,LU,FE,LU_cfg2_des5_swapped_FE,1.2787778,0.8424,20.661512
LU_cfg2_des5,LU,GD,LU_cfg2_des5_swapped_GD,0.641895,0.8564,20.837782
LU_cfg2_des5,LU,HO,LU_cfg2_des5_swapped_HO,0.5897368,0.8558,17.739979
LU_cfg2_des5,LU,LA,LU_cfg2_des5_swapped_LA,0.5786038,0.855,14.550225
LU_cfg2_des5,LU,MN,LU_cfg2_des5_swapped_MN,0.8324227,0.8542,18.444004
LU_cfg2_des5,LU,ND,LU_cfg2_des5_swapped_ND,1.0362855,0.8537,14.606064
LU_cfg2_des5,LU,NI,LU_cfg2_des5_swapped_NI,0.4647135,0.8602,13.972877
LU_cfg2_des5,LU,PM,LU_cfg2_des5_swapped_PM,0.7308015,0.8509,20.794275
LU_cfg2_des5,LU,PR,LU_cfg2_des5_swapped_PR,0.7369848,0.8584,6.389946
LU_cfg2_des5,LU,SM,LU_cfg2_des5_swapped_SM,0.5039001,0.8601,11.76692
LU_cfg2_des5,LU,TB,LU_cfg2_des5_swapped_TB,0.652062,0.8575,16.913385
LU_cfg2_des5,LU,TM,LU_cfg2_des5_swapped_TM,0.70936793,0.8526,13.974911
LU_cfg2_des5,LU,YB,LU_cfg2_des5_swapped_YB,0.8561641,0.8574,26.044868
LU_cfg2_des5,LU,ZN,LU_cfg2_des5_swapped_ZN,0.7131104,0.8553,25.400555
LU_cfg1_des9,LU,CE,LU_cfg1_des9_swapped_CE,0.61219287,0.846,12.066549
LU_cfg1_des9,LU,CO,LU_cfg1_des9_swapped_CO,0.826048,0.8571,14.425969
LU_cfg1_des9,LU,CU,LU_cfg1_des9_swapped_CU,0.59754694,0.8457,17.282642
LU_cfg1_des9,LU,DY,LU_cfg1_des9_swapped_DY,0.49807027,0.8552,16.266363
LU_cfg1_des9,LU,ER,LU_cfg1_des9_swapped_ER,0.3591659,0.8493,13.066728
LU_cfg1_des9,LU,EU,LU_cfg1_des9_swapped_EU,0.49550614,0.8547,10.24633
LU_cfg1_des9,LU,FE,LU_cfg1_des9_swapped_FE,0.39096335,0.8455,12.002337
LU_cfg1_des9,LU,GD,LU_cfg1_des9_swapped_GD,0.48513407,0.8533,18.49893
LU_cfg1_des9,LU,HO,LU_cfg1_des9_swapped_HO,0.33759797,0.8539,10.294422
LU_cfg1_des9,LU,LA,LU_cfg1_des9_swapped_LA,0.37401566,0.8533,17.53794
LU_cfg1_des9,LU,MN,LU_cfg1_des9_swapped_MN,0.579783,0.8499,12.374942
LU_cfg1_des9,LU,ND,LU_cfg1_des9_swapped_ND,0.7428955,0.8491,17.776329
LU_cfg1_des9,LU,NI,LU_cfg1_des9_swapped_NI,0.5943813,0.8569,11.053558
LU_cfg1_des9,LU,PM,LU_cfg1_des9_swapped_PM,0.6043491,0.8483,14.06469
LU_cfg1_des9,LU,PR,LU_cfg1_des9_swapped_PR,0.45484117,0.8537,19.734982
LU_cfg1_des9,LU,SM,LU_cfg1_des9_swapped_SM,0.37591958,0.8535,19.685522
LU_cfg1_des9,LU,TB,LU_cfg1_des9_swapped_TB,0.5566319,0.8544,18.15916
LU_cfg1_des9,LU,TM,LU_cfg1_des9_swapped_TM,0.51062524,0.8451,13.979916
LU_cfg1_des9,LU,YB,LU_cfg1_des9_swapped_YB,0.50067455,0.8522,17.344547
LU_cfg1_des9,LU,ZN,LU_cfg1_des9_swapped_ZN,1.0346495,0.8497,10.481791
MN_cfg3_des10,MN,CE,MN_cfg3_des10_swapped_CE,0.8393902,0.8597,20.785667
MN_cfg3_des10,MN,CO,MN_cfg3_des10_swapped_CO,0.7626875,0.864,22.276024
MN_cfg3_des10,MN,CU,MN_cfg3_des10_swapped_CU,0.9607221,0.8366,11.527903
MN_cfg3_des10,MN,DY,MN_cfg3_des10_swapped_DY,0.773192,0.8579,15.984263
MN_cfg3_des10,MN,ER,MN_cfg3_des10_swapped_ER,0.83980215,0.861,16.672394
MN_cfg3_des10,MN,EU,MN_cfg3_des10_swapped_EU,0.5562729,0.8622,25.429434
MN_cfg3_des10,MN,FE,MN_cfg3_des10_swapped_FE,0.98708785,0.8561,18.430614
MN_cfg3_des10,MN,GD,MN_cfg3_des10_swapped_GD,1.0675558,0.8623,25.157375
MN_cfg3_des10,MN,HO,MN_cfg3_des10_swapped_HO,0.745761,0.8597,17.190083
MN_cfg3_des10,MN,LA,MN_cfg3_des10_swapped_LA,0.47639906,0.8638,16.900135
MN_cfg3_des10,MN,LU,MN_cfg3_des10_swapped_LU,0.82305926,0.8593,12.220579
MN_cfg3_des10,MN,ND,MN_cfg3_des10_swapped_ND,0.65627795,0.8616,21.516935
MN_cfg3_des10,MN,NI,MN_cfg3_des10_swapped_NI,1.0280024,0.8633,20.998196
MN_cfg3_des10,MN,PM,MN_cfg3_des10_swapped_PM,0.6794308,0.858,15.286732
MN_cfg3_des10,MN,PR,MN_cfg3_des10_swapped_PR,0.863034,0.8606,16.862713
MN_cfg3_des10,MN,SM,MN_cfg3_des10_swapped_SM,0.5013427,0.8579,12.67687
MN_cfg3_des10,MN,TB,MN_cfg3_des10_swapped_TB,0.6894956,0.8599,19.795525
MN_cfg3_des10,MN,TM,MN_cfg3_des10_swapped_TM,0.7283136,0.8603,12.430407
MN_cfg3_des10,MN,YB,MN_cfg3_des10_swapped_YB,0.75256646,0.8615,20.089098
MN_cfg3_des10,MN,ZN,MN_cfg3_des10_swapped_ZN,0.7120712,0.8372,11.870676
MN_cfg3_des8,MN,CE,MN_cfg3_des8_swapped_CE,0.71461654,0.8465,18.649443
MN_cfg3_des8,MN,CO,MN_cfg3_des8_swapped_CO,0.41812643,0.8561,21.542103
MN_cfg3_des8,MN,CU,MN_cfg3_des8_swapped_CU,0.69392496,0.8472,13.466419
MN_cfg3_des8,MN,DY,MN_cfg3_des8_swapped_DY,0.4136217,0.8524,21.453121
MN_cfg3_des8,MN,ER,MN_cfg3_des8_swapped_ER,0.6251611,0.8483,12.2663
MN_cfg3_des8,MN,EU,MN_cfg3_des8_swapped_EU,0.3693991,0.8515,21.848679
MN_cfg3_des8,MN,FE,MN_cfg3_des8_swapped_FE,0.44934413,0.8458,16.925377
MN_cfg3_des8,MN,GD,MN_cfg3_des8_swapped_GD,0.87560034,0.8524,17.432304
MN_cfg3_des8,MN,HO,MN_cfg3_des8_swapped_HO,0.4290847,0.853,21.390507
MN_cfg3_des8,MN,LA,MN_cfg3_des8_swapped_LA,0.33675385,0.8521,19.916843
MN_cfg3_des8,MN,LU,MN_cfg3_des8_swapped_LU,0.4478138,0.8504,21.603977
MN_cfg3_des8,MN,ND,MN_cfg3_des8_swapped_ND,0.5740413,0.849,17.176647
MN_cfg3_des8,MN,NI,MN_cfg3_des8_swapped_NI,0.84735894,0.8564,21.77628
MN_cfg3_des8,MN,PM,MN_cfg3_des8_swapped_PM,0.7109035,0.8476,14.326666
MN_cfg3_des8,MN,PR,MN_cfg3_des8_swapped_PR,0.5353383,0.851,15.367844
MN_cfg3_des8,MN,SM,MN_cfg3_des8_swapped_SM,0.780561,0.8506,21.607018
MN_cfg3_des8,MN,TB,MN_cfg3_des8_swapped_TB,0.2510673,0.8518,21.933434
MN_cfg3_des8,MN,TM,MN_cfg3_des8_swapped_TM,0.3028809,0.8464,20.961185
MN_cfg3_des8,MN,YB,MN_cfg3_des8_swapped_YB,0.2594882,0.8534,22.04723
MN_cfg3_des8,MN,ZN,MN_cfg3_des8_swapped_ZN,0.42967683,0.8463,21.49844
MN_cfg4_des1,MN,CE,MN_cfg4_des1_swapped_CE,0.41084296,0.8455,18.653532
MN_cfg4_des1,MN,CO,MN_cfg4_des1_swapped_CO,0.7303999,0.8577,18.01851
MN_cfg4_des1,MN,CU,MN_cfg4_des1_swapped_CU,0.22970113,0.8328,18.472256
MN_cfg4_des1,MN,DY,MN_cfg4_des1_swapped_DY,0.21091144,0.853,16.773685
MN_cfg4_des1,MN,ER,MN_cfg4_des1_swapped_ER,0.2704322,0.8485,15.521894
MN_cfg4_des1,MN,EU,MN_cfg4_des1_swapped_EU,0.75561213,0.8481,17.945518
MN_cfg4_des1,MN,FE,MN_cfg4_des1_swapped_FE,0.35681966,0.8384,18.536068
MN_cfg4_des1,MN,GD,MN_cfg4_des1_swapped_GD,0.25394008,0.848,19.373117
MN_cfg4_des1,MN,HO,MN_cfg4_des1_swapped_HO,0.34605932,0.8508,17.839901
MN_cfg4_des1,MN,LA,MN_cfg4_des1_swapped_LA,0.36840343,0.8497,24.055851
MN_cfg4_des1,MN,LU,MN_cfg4_des1_swapped_LU,0.88158643,0.8478,13.977636
MN_cfg4_des1,MN,ND,MN_cfg4_des1_swapped_ND,0.29335284,0.8464,20.589415
MN_cfg4_des1,MN,NI,MN_cfg4_des1_swapped_NI,0.30706412,0.8568,21.20697
MN_cfg4_des1,MN,PM,MN_cfg4_des1_swapped_PM,1.7213831,0.8352,17.913116
MN_cfg4_des1,MN,PR,MN_cfg4_des1_swapped_PR,0.4811079,0.8534,18.224041
MN_cfg4_des1,MN,SM,MN_cfg4_des1_swapped_SM,0.29268247,0.8542,14.418864
MN_cfg4_des1,MN,TB,MN_cfg4_des1_swapped_TB,0.2675036,0.8543,24.881264
MN_cfg4_des1,MN,TM,MN_cfg4_des1_swapped_TM,0.31348258,0.8482,19.218014
MN_cfg4_des1,MN,YB,MN_cfg4_des1_swapped_YB,0.21311408,0.8561,17.536324
MN_cfg4_des1,MN,ZN,MN_cfg4_des1_swapped_ZN,0.26075748,0.8414,18.472101
MN_cfg3_des13,MN,CE,MN_cfg3_des13_swapped_CE,1.6984494,0.8226,13.106655
MN_cfg3_des13,MN,CO,MN_cfg3_des13_swapped_CO,1.654027,0.8397,18.96773
MN_cfg3_des13,MN,CU,MN_cfg3_des13_swapped_CU,1.674563,0.826,17.314228
MN_cfg3_des13,MN,DY,MN_cfg3_des13_swapped_DY,0.8667755,0.854,16.589748
MN_cfg3_des13,MN,ER,MN_cfg3_des13_swapped_ER,1.335405,0.8274,21.972063
MN_cfg3_des13,MN,EU,MN_cfg3_des13_swapped_EU,1.7648255,0.8314,22.835665
MN_cfg3_des13,MN,FE,MN_cfg3_des13_swapped_FE,1.5456867,0.8237,17.739706
MN_cfg3_des13,MN,GD,MN_cfg3_des13_swapped_GD,1.5526316,0.8333,22.307093
MN_cfg3_des13,MN,HO,MN_cfg3_des13_swapped_HO,0.65970916,0.8543,13.383893
MN_cfg3_des13,MN,LA,MN_cfg3_des13_swapped_LA,0.5619042,0.85,20.078035
MN_cfg3_des13,MN,LU,MN_cfg3_des13_swapped_LU,1.7726128,0.8314,17.89222
MN_cfg3_des13,MN,ND,MN_cfg3_des13_swapped_ND,1.9447411,0.8255,22.051973
MN_cfg3_des13,MN,NI,MN_cfg3_des13_swapped_NI,1.5526096,0.8374,17.329151
MN_cfg3_des13,MN,PM,MN_cfg3_des13_swapped_PM,1.6505607,0.8278,9.769887
MN_cfg3_des13,MN,PR,MN_cfg3_des13_swapped_PR,1.9451418,0.834,16.89985
MN_cfg3_des13,MN,SM,MN_cfg3_des13_swapped_SM,0.7003018,0.8514,18.057209
MN_cfg3_des13,MN,TB,MN_cfg3_des13_swapped_TB,1.0172495,0.8527,21.94068
MN_cfg3_des13,MN,TM,MN_cfg3_des13_swapped_TM,0.8089778,0.845,20.799427
MN_cfg3_des13,MN,YB,MN_cfg3_des13_swapped_YB,1.7174869,0.8338,15.534947
MN_cfg3_des13,MN,ZN,MN_cfg3_des13_swapped_ZN,1.5091195,0.8246,15.004414
MN_cfg3_des11,MN,CE,MN_cfg3_des11_swapped_CE,1.3345518,0.8446,16.047363
MN_cfg3_des11,MN,CO,MN_cfg3_des11_swapped_CO,1.3153603,0.8485,15.967368
MN_cfg3_des11,MN,CU,MN_cfg3_des11_swapped_CU,1.3701081,0.8278,11.937166
MN_cfg3_des11,MN,DY,MN_cfg3_des11_swapped_DY,1.383718,0.8451,23.079136
MN_cfg3_des11,MN,ER,MN_cfg3_des11_swapped_ER,1.3925707,0.8448,19.20512
MN_cfg3_des11,MN,EU,MN_cfg3_des11_swapped_EU,1.0698608,0.845,25.62284
MN_cfg3_des11,MN,FE,MN_cfg3_des11_swapped_FE,0.8931957,0.8351,16.169216
MN_cfg3_des11,MN,GD,MN_cfg3_des11_swapped_GD,1.1204138,0.8424,12.765572
MN_cfg3_des11,MN,HO,MN_cfg3_des11_swapped_HO,0.98986655,0.8449,17.178276
MN_cfg3_des11,MN,LA,MN_cfg3_des11_swapped_LA,0.99319386,0.8422,21.57484
MN_cfg3_des11,MN,LU,MN_cfg3_des11_swapped_LU,1.3665345,0.8424,18.00394
MN_cfg3_des11,MN,ND,MN_cfg3_des11_swapped_ND,0.95845824,0.8454,12.110827
MN_cfg3_des11,MN,NI,MN_cfg3_des11_swapped_NI,1.1418676,0.8452,14.346645
MN_cfg3_des11,MN,PM,MN_cfg3_des11_swapped_PM,0.8489652,0.8379,11.770023
MN_cfg3_des11,MN,PR,MN_cfg3_des11_swapped_PR,0.8831833,0.8447,17.399536
MN_cfg3_des11,MN,SM,MN_cfg3_des11_swapped_SM,0.8674444,0.8456,24.409088
MN_cfg3_des11,MN,TB,MN_cfg3_des11_swapped_TB,1.0098628,0.8446,22.5933
MN_cfg3_des11,MN,TM,MN_cfg3_des11_swapped_TM,1.4931576,0.8385,16.200298
MN_cfg3_des11,MN,YB,MN_cfg3_des11_swapped_YB,1.0045725,0.8464,21.204529
MN_cfg3_des11,MN,ZN,MN_cfg3_des11_swapped_ZN,1.1155081,0.8364,21.044756
ND_cfg3_des6,ND,CE,ND_cfg3_des6_swapped_CE,0.2323103,0.8615,15.138287
ND_cfg3_des6,ND,CO,ND_cfg3_des6_swapped_CO,0.22483955,0.8661,14.494471
ND_cfg3_des6,ND,CU,ND_cfg3_des6_swapped_CU,0.23422857,0.8575,25.996923
ND_cfg3_des6,ND,DY,ND_cfg3_des6_swapped_DY,0.30320504,0.8657,26.14331
ND_cfg3_des6,ND,ER,ND_cfg3_des6_swapped_ER,0.22784543,0.8635,26.18565
ND_cfg3_des6,ND,EU,ND_cfg3_des6_swapped_EU,0.25814846,0.8638,25.139894
ND_cfg3_des6,ND,FE,ND_cfg3_des6_swapped_FE,0.25096557,0.8581,14.630732
ND_cfg3_des6,ND,GD,ND_cfg3_des6_swapped_GD,0.28892213,0.8633,26.313126
ND_cfg3_des6,ND,HO,ND_cfg3_des6_swapped_HO,0.22978231,0.8639,16.008732
ND_cfg3_des6,ND,LA,ND_cfg3_des6_swapped_LA,0.25599226,0.8649,19.124619
ND_cfg3_des6,ND,LU,ND_cfg3_des6_swapped_LU,0.6132148,0.8614,25.922674
ND_cfg3_des6,ND,MN,ND_cfg3_des6_swapped_MN,0.22916245,0.8642,13.269375
ND_cfg3_des6,ND,NI,ND_cfg3_des6_swapped_NI,0.252988,0.8649,15.146805
ND_cfg3_des6,ND,PM,ND_cfg3_des6_swapped_PM,0.2369911,0.8601,21.438675
ND_cfg3_des6,ND,PR,ND_cfg3_des6_swapped_PR,0.27444243,0.8639,26.540659
ND_cfg3_des6,ND,SM,ND_cfg3_des6_swapped_SM,0.20338762,0.8658,26.505743
ND_cfg3_des6,ND,TB,ND_cfg3_des6_swapped_TB,0.2724648,0.8633,13.284272
ND_cfg3_des6,ND,TM,ND_cfg3_des6_swapped_TM,0.2851955,0.8601,19.785353
ND_cfg3_des6,ND,YB,ND_cfg3_des6_swapped_YB,0.26334146,0.8645,20.509615
ND_cfg3_des6,ND,ZN,ND_cfg3_des6_swapped_ZN,0.43083066,0.8583,25.930506
ND_cfg0_des14,ND,CE,ND_cfg0_des14_swapped_CE,0.4657516,0.859,21.434078
ND_cfg0_des14,ND,CO,ND_cfg0_des14_swapped_CO,0.22167437,0.8674,13.53736
ND_cfg0_des14,ND,CU,ND_cfg0_des14_swapped_CU,0.9871357,0.8577,12.352449
ND_cfg0_des14,ND,DY,ND_cfg0_des14_swapped_DY,0.4009518,0.8607,17.529713
ND_cfg0_des14,ND,ER,ND_cfg0_des14_swapped_ER,0.42840806,0.8564,19.270365
ND_cfg0_des14,ND,EU,ND_cfg0_des14_swapped_EU,1.2381136,0.8594,13.394374
ND_cfg0_des14,ND,FE,ND_cfg0_des14_swapped_FE,1.3149631,0.8591,21.348824
ND_cfg0_des14,ND,GD,ND_cfg0_des14_swapped_GD,0.6020134,0.8616,13.440238
ND_cfg0_des14,ND,HO,ND_cfg0_des14_swapped_HO,0.283188,0.8623,9.725254
ND_cfg0_des14,ND,LA,ND_cfg0_des14_swapped_LA,1.3052738,0.8583,13.408403
ND_cfg0_des14,ND,LU,ND_cfg0_des14_swapped_LU,0.3269079,0.8607,11.163914
ND_cfg0_des14,ND,MN,ND_cfg0_des14_swapped_MN,0.33501375,0.8643,19.298082
ND_cfg0_des14,ND,NI,ND_cfg0_des14_swapped_NI,0.24692209,0.8655,12.414242
ND_cfg0_des14,ND,PM,ND_cfg0_des14_swapped_PM,0.2934295,0.8512,18.23294
ND_cfg0_des14,ND,PR,ND_cfg0_des14_swapped_PR,0.4816226,0.8629,12.967027
ND_cfg0_des14,ND,SM,ND_cfg0_des14_swapped_SM,0.32697228,0.8609,21.280428
ND_cfg0_des14,ND,TB,ND_cfg0_des14_swapped_TB,0.38774285,0.8626,11.304877
ND_cfg0_des14,ND,TM,ND_cfg0_des14_swapped_TM,0.53744113,0.8536,12.763691
ND_cfg0_des14,ND,YB,ND_cfg0_des14_swapped_YB,0.4476171,0.8643,11.497479
ND_cfg0_des14,ND,ZN,ND_cfg0_des14_swapped_ZN,0.2336084,0.8555,13.529295
ND_cfg0_des1,ND,CE,ND_cfg0_des1_swapped_CE,1.1215038,0.855,14.698425
ND_cfg0_des1,ND,CO,ND_cfg0_des1_swapped_CO,0.6988924,0.8625,21.597378
ND_cfg0_des1,ND,CU,ND_cfg0_des1_swapped_CU,1.0096838,0.8484,14.586037
ND_cfg0_des1,ND,DY,ND_cfg0_des1_swapped_DY,1.0747076,0.8597,14.461729
ND_cfg0_des1,ND,ER,ND_cfg0_des1_swapped_ER,0.400417,0.8595,17.102665
ND_cfg0_des1,ND,EU,ND_cfg0_des1_swapped_EU,0.7940673,0.8576,17.93329
ND_cfg0_des1,ND,FE,ND_cfg0_des1_swapped_FE,1.1142662,0.8546,16.216284
ND_cfg0_des1,ND,GD,ND_cfg0_des1_swapped_GD,0.47638637,0.8609,13.273989
ND_cfg0_des1,ND,HO,ND_cfg0_des1_swapped_HO,0.97538483,0.8602,15.133493
ND_cfg0_des1,ND,LA,ND_cfg0_des1_swapped_LA,0.7290581,0.8654,15.002103
ND_cfg0_des1,ND,LU,ND_cfg0_des1_swapped_LU,1.116896,0.8561,21.589596
ND_cfg0_des1,ND,MN,ND_cfg0_des1_swapped_MN,0.5754916,0.864,15.08642
ND_cfg0_des1,ND,NI,ND_cfg0_des1_swapped_NI,0.9911599,0.8605,12.742823
ND_cfg0_des1,ND,PM,ND_cfg0_des1_swapped_PM,0.63994014,0.8563,18.30149
ND_cfg0_des1,ND,PR,ND_cfg0_des1_swapped_PR,0.85434735,0.8614,13.295064
ND_cfg0_des1,ND,SM,ND_cfg0_des1_swapped_SM,0.9737765,0.8605,14.56304
ND_cfg0_des1,ND,TB,ND_cfg0_des1_swapped_TB,1.0608544,0.8597,14.106563
ND_cfg0_des1,ND,TM,ND_cfg0_des1_swapped_TM,0.51249784,0.86,14.422918
ND_cfg0_des1,ND,YB,ND_cfg0_des1_swapped_YB,0.45347622,0.8633,15.882158
ND_cfg0_des1,ND,ZN,ND_cfg0_des1_swapped_ZN,0.84944296,0.8534,14.530985
ND_cfg3_des7,ND,CE,ND_cfg3_des7_swapped_CE,0.43051237,0.8573,18.754848
ND_cfg3_des7,ND,CO,ND_cfg3_des7_swapped_CO,0.53821564,0.859,20.132727
ND_cfg3_des7,ND,CU,ND_cfg3_des7_swapped_CU,0.56041586,0.8437,24.604298
ND_cfg3_des7,ND,DY,ND_cfg3_des7_swapped_DY,0.32388866,0.8596,14.284227
ND_cfg3_des7,ND,ER,ND_cfg3_des7_swapped_ER,0.36965004,0.8546,24.651781
ND_cfg3_des7,ND,EU,ND_cfg3_des7_swapped_EU,0.33296216,0.8616,12.672173
ND_cfg3_des7,ND,FE,ND_cfg3_des7_swapped_FE,0.5263346,0.8544,19.14347
ND_cfg3_des7,ND,GD,ND_cfg3_des7_swapped_GD,0.37703833,0.8597,13.923777
ND_cfg3_des7,ND,HO,ND_cfg3_des7_swapped_HO,0.32646725,0.8582,13.903759
ND_cfg3_des7,ND,LA,ND_cfg3_des7_swapped_LA,0.62693,0.8604,18.79786
ND_cfg3_des7,ND,LU,ND_cfg3_des7_swapped_LU,0.2881478,0.8586,18.80456
ND_cfg3_des7,ND,MN,ND_cfg3_des7_swapped_MN,0.25502893,0.8555,12.6876545
ND_cfg3_des7,ND,NI,ND_cfg3_des7_swapped_NI,0.3319707,0.8595,15.697741
ND_cfg3_des7,ND,PM,ND_cfg3_des7_swapped_PM,0.45089945,0.8539,16.616465
ND_cfg3_des7,ND,PR,ND_cfg3_des7_swapped_PR,0.514632,0.8595,13.076166
ND_cfg3_des7,ND,SM,ND_cfg3_des7_swapped_SM,0.79355997,0.8585,12.969186
ND_cfg3_des7,ND,TB,ND_cfg3_des7_swapped_TB,0.2325554,0.8606,13.158778
ND_cfg3_des7,ND,TM,ND_cfg3_des7_swapped_TM,0.31914774,0.8565,18.662737
ND_cfg3_des7,ND,YB,ND_cfg3_des7_swapped_YB,0.32342938,0.861,18.936544
ND_cfg3_des7,ND,ZN,ND_cfg3_des7_swapped_ZN,0.45900342,0.85,13.895632
ND_cfg3_des2,ND,CE,ND_cfg3_des2_swapped_CE,0.6473907,0.8565,20.850712
ND_cfg3_des2,ND,CO,ND_cfg3_des2_swapped_CO,0.49671972,0.8657,19.208797
ND_cfg3_des2,ND,CU,ND_cfg3_des2_swapped_CU,0.4139554,0.852,15.717558
ND_cfg3_des2,ND,DY,ND_cfg3_des2_swapped_DY,0.44013524,0.8616,18.640104
ND_cfg3_des2,ND,ER,ND_cfg3_des2_swapped_ER,0.4232983,0.8534,18.14914
ND_cfg3_des2,ND,EU,ND_cfg3_des2_swapped_EU,0.5262798,0.8637,19.812094
ND_cfg3_des2,ND,FE,ND_cfg3_des2_swapped_FE,0.46435192,0.8579,8.797279
ND_cfg3_des2,ND,GD,ND_cfg3_des2_swapped_GD,0.6257036,0.8612,14.567719
ND_cfg3_des2,ND,HO,ND_cfg3_des2_swapped_HO,0.47950858,0.8603,14.601894
ND_cfg3_des2,ND,LA,ND_cfg3_des2_swapped_LA,0.6189522,0.8601,8.405979
ND_cfg3_des2,ND,LU,ND_cfg3_des2_swapped_LU,0.5421796,0.8594,19.62482
ND_cfg3_des2,ND,MN,ND_cfg3_des2_swapped_MN,0.5413097,0.8593,13.610042
ND_cfg3_des2,ND,NI,ND_cfg3_des2_swapped_NI,0.6615355,0.864,19.277561
ND_cfg3_des2,ND,PM,ND_cfg3_des2_swapped_PM,0.606296,0.8544,9.809254
ND_cfg3_des2,ND,PR,ND_cfg3_des2_swapped_PR,0.20926511,0.8606,19.581547
ND_cfg3_des2,ND,SM,ND_cfg3_des2_swapped_SM,0.4433486,0.8595,19.836521
ND_cfg3_des2,ND,TB,ND_cfg3_des2_swapped_TB,0.5443874,0.8616,19.11451
ND_cfg3_des2,ND,TM,ND_cfg3_des2_swapped_TM,0.31153628,0.8543,18.16693
ND_cfg3_des2,ND,YB,ND_cfg3_des2_swapped_YB,0.49152374,0.8619,12.277607
ND_cfg3_des2,ND,ZN,ND_cfg3_des2_swapped_ZN,0.5661669,0.8559,20.270546
NI_cfg2_des11,NI,CE,NI_cfg2_des11_swapped_CE,0.55846655,0.8604,7.767854
NI_cfg2_des11,NI,CO,NI_cfg2_des11_swapped_CO,0.3726564,0.8739,8.25602
NI_cfg2_des11,NI,CU,NI_cfg2_des11_swapped_CU,0.3914163,0.8609,7.373361
NI_cfg2_des11,NI,DY,NI_cfg2_des11_swapped_DY,0.34601355,0.8727,14.427094
NI_cfg2_des11,NI,ER,NI_cfg2_des11_swapped_ER,0.44151202,0.8677,10.391425
NI_cfg2_des11,NI,EU,NI_cfg2_des11_swapped_EU,0.34596127,0.8698,17.365946
NI_cfg2_des11,NI,FE,NI_cfg2_des11_swapped_FE,0.4648132,0.8621,19.069395
NI_cfg2_des11,NI,GD,NI_cfg2_des11_swapped_GD,0.3506741,0.8661,10.139624
NI_cfg2_des11,NI,HO,NI_cfg2_des11_swapped_HO,0.37869227,0.8705,15.231357
NI_cfg2_des11,NI,LA,NI_cfg2_des11_swapped_LA,0.4704522,0.8685,14.414279
NI_cfg2_des11,NI,LU,NI_cfg2_des11_swapped_LU,0.3223074,0.867,16.629423
NI_cfg2_des11,NI,MN,NI_cfg2_des11_swapped_MN,0.468806,0.8677,15.341449
NI_cfg2_des11,NI,ND,NI_cfg2_des11_swapped_ND,0.5917278,0.8621,17.994587
NI_cfg2_des11,NI,PM,NI_cfg2_des11_swapped_PM,0.41463527,0.8601,12.849945
NI_cfg2_des11,NI,PR,NI_cfg2_des11_swapped_PR,0.46534887,0.8687,14.119674
NI_cfg2_des11,NI,SM,NI_cfg2_des11_swapped_SM,0.43708286,0.8689,10.057509
NI_cfg2_des11,NI,TB,NI_cfg2_des11_swapped_TB,0.30116212,0.8704,18.727814
NI_cfg2_des11,NI,TM,NI_cfg2_des11_swapped_TM,0.47434023,0.8663,17.32161
NI_cfg2_des11,NI,YB,NI_cfg2_des11_swapped_YB,0.24121426,0.8689,17.25638
NI_cfg2_des11,NI,ZN,NI_cfg2_des11_swapped_ZN,0.2321495,0.8653,17.187908
NI_cfg3_des3,NI,CE,NI_cfg3_des3_swapped_CE,0.37493965,0.8586,24.347382
NI_cfg3_des3,NI,CO,NI_cfg3_des3_swapped_CO,0.21164939,0.8661,9.932775
NI_cfg3_des3,NI,CU,NI_cfg3_des3_swapped_CU,0.218115,0.8552,24.848343
NI_cfg3_des3,NI,DY,NI_cfg3_des3_swapped_DY,0.53768426,0.8602,17.24381
NI_cfg3_des3,NI,ER,NI_cfg3_des3_swapped_ER,0.3574602,0.8566,23.9965
NI_cfg3_des3,NI,EU,NI_cfg3_des3_swapped_EU,0.41242036,0.8591,24.141027
NI_cfg3_des3,NI,FE,NI_cfg3_des3_swapped_FE,0.3939656,0.8577,17.220245
NI_cfg3_des3,NI,GD,NI_cfg3_des3_swapped_GD,0.5155291,0.8585,17.158222
NI_cfg3_des3,NI,HO,NI_cfg3_des3_swapped_HO,0.32074857,0.8586,19.648006
NI_cfg3_des3,NI,LA,NI_cfg3_des3_swapped_LA,0.41578773,0.858,17.021973
NI_cfg3_des3,NI,LU,NI_cfg3_des3_swapped_LU,0.39985958,0.8589,19.961992
NI_cfg3_des3,NI,MN,NI_cfg3_des3_swapped_MN,0.28480583,0.8604,24.452911
NI_cfg3_des3,NI,ND,NI_cfg3_des3_swapped_ND,0.56830704,0.8568,24.135588
NI_cfg3_des3,NI,PM,NI_cfg3_des3_swapped_PM,0.32202268,0.8595,12.361023
NI_cfg3_des3,NI,PR,NI_cfg3_des3_swapped_PR,0.34884045,0.8593,12.118888
NI_cfg3_des3,NI,SM,NI_cfg3_des3_swapped_SM,0.50524837,0.8605,17.211414
NI_cfg3_des3,NI,TB,NI_cfg3_des3_swapped_TB,0.8673805,0.8597,20.633865
NI_cfg3_des3,NI,TM,NI_cfg3_des3_swapped_TM,0.30913463,0.8531,19.795732
NI_cfg3_des3,NI,YB,NI_cfg3_des3_swapped_YB,0.38668105,0.8617,17.268333
NI_cfg3_des3,NI,ZN,NI_cfg3_des3_swapped_ZN,0.27848876,0.8582,17.262918
NI_cfg1_des11,NI,CE,NI_cfg1_des11_swapped_CE,0.74680173,0.8563,17.10693
NI_cfg1_des11,NI,CO,NI_cfg1_des11_swapped_CO,0.6564347,0.8629,21.379168
NI_cfg1_des11,NI,CU,NI_cfg1_des11_swapped_CU,0.6533623,0.8503,21.267094
NI_cfg1_des11,NI,DY,NI_cfg1_des11_swapped_DY,0.9386171,0.8574,17.354538
NI_cfg1_des11,NI,ER,NI_cfg1_des11_swapped_ER,0.7448922,0.8563,21.359516
NI_cfg1_des11,NI,EU,NI_cfg1_des11_swapped_EU,0.57561934,0.8559,19.073265
NI_cfg1_des11,NI,FE,NI_cfg1_des11_swapped_FE,0.76628464,0.8566,21.509893
NI_cfg1_des11,NI,GD,NI_cfg1_des11_swapped_GD,0.48762995,0.8557,21.45451
NI_cfg1_des11,NI,HO,NI_cfg1_des11_swapped_HO,0.7528521,0.8572,15.191421
NI_cfg1_des11,NI,LA,NI_cfg1_des11_swapped_LA,0.5878216,0.856,20.993698
NI_cfg1_des11,NI,LU,NI_cfg1_des11_swapped_LU,1.0284088,0.8554,17.102804
NI_cfg1_des11,NI,MN,NI_cfg1_des11_swapped_MN,0.42702982,0.8624,20.71541
NI_cfg1_des11,NI,ND,NI_cfg1_des11_swapped_ND,0.865689,0.856,16.462265
NI_cfg1_des11,NI,PM,NI_cfg1_des11_swapped_PM,0.78050417,0.858,16.646587
NI_cfg1_des11,NI,PR,NI_cfg1_des11_swapped_PR,0.5116181,0.8577,11.588461
NI_cfg1_des11,NI,SM,NI_cfg1_des11_swapped_SM,0.9132557,0.8559,17.426548
NI_cfg1_des11,NI,TB,NI_cfg1_des11_swapped_TB,0.8349173,0.8587,16.173704
NI_cfg1_des11,NI,TM,NI_cfg1_des11_swapped_TM,1.0357566,0.8554,20.803984
NI_cfg1_des11,NI,YB,NI_cfg1_des11_swapped_YB,0.6106838,0.8595,20.400116
NI_cfg1_des11,NI,ZN,NI_cfg1_des11_swapped_ZN,0.9255393,0.8558,21.550695
NI_cfg1_des7,NI,CE,NI_cfg1_des7_swapped_CE,0.57138103,0.8485,19.991436
NI_cfg1_des7,NI,CO,NI_cfg1_des7_swapped_CO,0.56583863,0.8634,17.066746
NI_cfg1_des7,NI,CU,NI_cfg1_des7_swapped_CU,0.5235666,0.8497,9.513435
NI_cfg1_des7,NI,DY,NI_cfg1_des7_swapped_DY,0.85845727,0.8558,20.593948
NI_cfg1_des7,NI,ER,NI_cfg1_des7_swapped_ER,0.5627034,0.8493,20.422344
NI_cfg1_des7,NI,EU,NI_cfg1_des7_swapped_EU,0.37194774,0.8558,20.785875
NI_cfg1_des7,NI,FE,NI_cfg1_des7_swapped_FE,0.5479638,0.8508,20.52708
NI_cfg1_des7,NI,GD,NI_cfg1_des7_swapped_GD,0.3674302,0.8539,16.006176
NI_cfg1_des7,NI,HO,NI_cfg1_des7_swapped_HO,0.8656402,0.8561,16.021559
NI_cfg1_des7,NI,LA,NI_cfg1_des7_swapped_LA,0.52028424,0.8527,20.676846
NI_cfg1_des7,NI,LU,NI_cfg1_des7_swapped_LU,0.31891125,0.8549,17.124054
NI_cfg1_des7,NI,MN,NI_cfg1_des7_swapped_MN,0.68601876,0.8552,20.062284
NI_cfg1_des7,NI,ND,NI_cfg1_des7_swapped_ND,0.87188804,0.8483,21.470457
NI_cfg1_des7,NI,PM,NI_cfg1_des7_swapped_PM,0.4313041,0.8478,11.7076435
NI_cfg1_des7,NI,PR,NI_cfg1_des7_swapped_PR,0.24632809,0.8556,20.478392
NI_cfg1_des7,NI,SM,NI_cfg1_des7_swapped_SM,0.8656828,0.8535,20.405622
NI_cfg1_des7,NI,TB,NI_cfg1_des7_swapped_TB,0.3411316,0.858,20.127563
NI_cfg1_des7,NI,TM,NI_cfg1_des7_swapped_TM,0.47977257,0.8502,21.703255
NI_cfg1_des7,NI,YB,NI_cfg1_des7_swapped_YB,0.50934887,0.8553,20.362103
NI_cfg1_des7,NI,ZN,NI_cfg1_des7_swapped_ZN,0.48086208,0.8493,19.98478
NI_cfg3_des10,NI,CE,NI_cfg3_des10_swapped_CE,0.3455307,0.8543,18.312153
NI_cfg3_des10,NI,CO,NI_cfg3_des10_swapped_CO,0.35201287,0.863,21.886889
NI_cfg3_des10,NI,CU,NI_cfg3_des10_swapped_CU,0.5039909,0.8476,22.152939
NI_cfg3_des10,NI,DY,NI_cfg3_des10_swapped_DY,0.19837858,0.8548,18.266392
NI_cfg3_des10,NI,ER,NI_cfg3_des10_swapped_ER,0.47703892,0.8545,14.948744
NI_cfg3_des10,NI,EU,NI_cfg3_des10_swapped_EU,0.27906954,0.856,17.975073
NI_cfg3_des10,NI,FE,NI_cfg3_des10_swapped_FE,0.47246718,0.8499,17.582645
NI_cfg3_des10,NI,GD,NI_cfg3_des10_swapped_GD,0.5214393,0.8582,18.127367
NI_cfg3_des10,NI,HO,NI_cfg3_des10_swapped_HO,0.306561,0.8556,21.99828
NI_cfg3_des10,NI,LA,NI_cfg3_des10_swapped_LA,0.2719085,0.856,23.58688
NI_cfg3_des10,NI,LU,NI_cfg3_des10_swapped_LU,0.36220995,0.8525,17.76152
NI_cfg3_des10,NI,MN,NI_cfg3_des10_swapped_MN,0.34633505,0.8584,22.039684
NI_cfg3_des10,NI,ND,NI_cfg3_des10_swapped_ND,0.30686682,0.8541,17.491219
NI_cfg3_des10,NI,PM,NI_cfg3_des10_swapped_PM,0.43016398,0.8513,13.92676
NI_cfg3_des10,NI,PR,NI_cfg3_des10_swapped_PR,0.3695915,0.8554,18.543522
NI_cfg3_des10,NI,SM,NI_cfg3_des10_swapped_SM,0.32884696,0.8552,18.324879
NI_cfg3_des10,NI,TB,NI_cfg3_des10_swapped_TB,0.33158463,0.8547,21.941233
NI_cfg3_des10,NI,TM,NI_cfg3_des10_swapped_TM,0.4934192,0.8532,21.561699
NI_cfg3_des10,NI,YB,NI_cfg3_des10_swapped_YB,0.46091494,0.8562,22.110783
NI_cfg3_des10,NI,ZN,NI_cfg3_des10_swapped_ZN,0.28445274,0.8459,17.62431
PM_cfg3_des3,PM,CE,PM_cfg3_des3_swapped_CE,0.7747701,0.8587,20.138706
PM_cfg3_des3,PM,CO,PM_cfg3_des3_swapped_CO,0.90994215,0.8639,23.86739
PM_cfg3_des3,PM,CU,PM_cfg3_des3_swapped_CU,2.8338337,0.8425,11.714438
PM_cfg3_des3,PM,DY,PM_cfg3_des3_swapped_DY,0.74592316,0.86,16.91641
PM_cfg3_des3,PM,ER,PM_cfg3_des3_swapped_ER,1.0164746,0.8601,17.796383
PM_cfg3_des3,PM,EU,PM_cfg3_des3_swapped_EU,0.8876701,0.863,11.8483515
PM_cfg3_des3,PM,FE,PM_cfg3_des3_swapped_FE,0.78513896,0.8563,15.189293
PM_cfg3_des3,PM,GD,PM_cfg3_des3_swapped_GD,0.818929,0.862,18.19398
PM_cfg3_des3,PM,HO,PM_cfg3_des3_swapped_HO,0.790453,0.8584,20.981861
PM_cfg3_des3,PM,LA,PM_cfg3_des3_swapped_LA,0.89798796,0.8618,18.509933
PM_cfg3_des3,PM,LU,PM_cfg3_des3_swapped_LU,0.8801514,0.8595,16.21916
PM_cfg3_des3,PM,MN,PM_cfg3_des3_swapped_MN,0.9185161,0.8592,19.714653
PM_cfg3_des3,PM,ND,PM_cfg3_des3_swapped_ND,0.72366315,0.86,21.459314
PM_cfg3_des3,PM,NI,PM_cfg3_des3_swapped_NI,0.99208486,0.8519,21.904451
PM_cfg3_des3,PM,PR,PM_cfg3_des3_swapped_PR,0.78846365,0.8624,14.699305
PM_cfg3_des3,PM,SM,PM_cfg3_des3_swapped_SM,0.9317319,0.8598,7.934126
PM_cfg3_des3,PM,TB,PM_cfg3_des3_swapped_TB,0.8617539,0.8613,22.526527
PM_cfg3_des3,PM,TM,PM_cfg3_des3_swapped_TM,0.838616,0.856,24.554884
PM_cfg3_des3,PM,YB,PM_cfg3_des3_swapped_YB,0.8780756,0.8624,23.5988
PM_cfg3_des3,PM,ZN,PM_cfg3_des3_swapped_ZN,0.5170177,0.8463,22.105183
PM_cfg3_des10,PM,CE,PM_cfg3_des10_swapped_CE,0.40539452,0.8502,13.851287
PM_cfg3_des10,PM,CO,PM_cfg3_des10_swapped_CO,0.5374619,0.8588,15.829353
PM_cfg3_des10,PM,CU,PM_cfg3_des10_swapped_CU,0.681027,0.8471,14.757394
PM_cfg3_des10,PM,DY,PM_cfg3_des10_swapped_DY,0.46239775,0.8594,14.639393
PM_cfg3_des10,PM,ER,PM_cfg3_des10_swapped_ER,0.25761986,0.8586,23.023315
PM_cfg3_des10,PM,EU,PM_cfg3_des10_swapped_EU,0.42533112,0.8593,21.576725
PM_cfg3_des10,PM,FE,PM_cfg3_des10_swapped_FE,0.3744677,0.8511,14.0995
PM_cfg3_des10,PM,GD,PM_cfg3_des10_swapped_GD,0.35445577,0.8577,24.114958
PM_cfg3_des10,PM,HO,PM_cfg3_des10_swapped_HO,0.37119195,0.8554,19.906818
PM_cfg3_des10,PM,LA,PM_cfg3_des10_swapped_LA,0.4859438,0.8583,19.36609
PM_cfg3_des10,PM,LU,PM_cfg3_des10_swapped_LU,0.41145873,0.8559,23.864006
PM_cfg3_des10,PM,MN,PM_cfg3_des10_swapped_MN,0.3895303,0.8538,20.07943
PM_cfg3_des10,PM,ND,PM_cfg3_des10_swapped_ND,0.32958263,0.8524,21.185627
PM_cfg3_des10,PM,NI,PM_cfg3_des10_swapped_NI,0.46421418,0.8547,21.211975
PM_cfg3_des10,PM,PR,PM_cfg3_des10_swapped_PR,0.3296123,0.8574,23.689829
PM_cfg3_des10,PM,SM,PM_cfg3_des10_swapped_SM,0.32623416,0.857,15.983305
PM_cfg3_des10,PM,TB,PM_cfg3_des10_swapped_TB,0.42519784,0.8582,15.299086
PM_cfg3_des10,PM,TM,PM_cfg3_des10_swapped_TM,0.16277654,0.8577,13.095449
PM_cfg3_des10,PM,YB,PM_cfg3_des10_swapped_YB,0.5214256,0.8544,23.677523
PM_cfg3_des10,PM,ZN,PM_cfg3_des10_swapped_ZN,0.40798518,0.8513,14.66268
PM_cfg3_des14,PM,CE,PM_cfg3_des14_swapped_CE,0.2522802,0.8544,13.174244
PM_cfg3_des14,PM,CO,PM_cfg3_des14_swapped_CO,0.33021176,0.8617,22.850903
PM_cfg3_des14,PM,CU,PM_cfg3_des14_swapped_CU,1.3147902,0.8389,23.818789
PM_cfg3_des14,PM,DY,PM_cfg3_des14_swapped_DY,0.35671872,0.8598,23.183239
PM_cfg3_des14,PM,ER,PM_cfg3_des14_swapped_ER,0.2700989,0.854,23.345568
PM_cfg3_des14,PM,EU,PM_cfg3_des14_swapped_EU,0.2597907,0.8579,16.172121
PM_cfg3_des14,PM,FE,PM_cfg3_des14_swapped_FE,0.32702094,0.8513,19.754908
PM_cfg3_des14,PM,GD,PM_cfg3_des14_swapped_GD,0.542289,0.8578,14.135801
PM_cfg3_des14,PM,HO,PM_cfg3_des14_swapped_HO,0.21107858,0.8579,15.230982
PM_cfg3_des14,PM,LA,PM_cfg3_des14_swapped_LA,0.25821233,0.8586,20.601673
PM_cfg3_des14,PM,LU,PM_cfg3_des14_swapped_LU,0.28272954,0.8549,21.842697
PM_cfg3_des14,PM,MN,PM_cfg3_des14_swapped_MN,0.4434064,0.8627,23.86029
PM_cfg3_des14,PM,ND,PM_cfg3_des14_swapped_ND,0.3673931,0.8564,14.096809
PM_cfg3_des14,PM,NI,PM_cfg3_des14_swapped_NI,0.9249811,0.85,15.763902
PM_cfg3_des14,PM,PR,PM_cfg3_des14_swapped_PR,0.27931246,0.8582,13.814196
PM_cfg3_des14,PM,SM,PM_cfg3_des14_swapped_SM,0.2735432,0.8599,20.219536
PM_cfg3_des14,PM,TB,PM_cfg3_des14_swapped_TB,0.28368378,0.8576,25.836819
PM_cfg3_des14,PM,TM,PM_cfg3_des14_swapped_TM,0.5297191,0.85,20.000578
PM_cfg3_des14,PM,YB,PM_cfg3_des14_swapped_YB,0.44272622,0.8591,24.705574
PM_cfg3_des14,PM,ZN,PM_cfg3_des14_swapped_ZN,1.1545769,0.8453,21.270575
PM_cfg1_des8,PM,CE,PM_cfg1_des8_swapped_CE,1.6691407,0.8413,15.142264
PM_cfg1_des8,PM,CO,PM_cfg1_des8_swapped_CO,0.8650574,0.853,18.862648
PM_cfg1_des8,PM,CU,PM_cfg1_des8_swapped_CU,1.4646004,0.8389,8.893163
PM_cfg1_des8,PM,DY,PM_cfg1_des8_swapped_DY,0.9214255,0.8488,14.455508
PM_cfg1_des8,PM,ER,PM_cfg1_des8_swapped_ER,1.0433599,0.8452,17.40632
PM_cfg1_des8,PM,EU,PM_cfg1_des8_swapped_EU,1.6862466,0.8469,11.350407
PM_cfg1_des8,PM,FE,PM_cfg1_des8_swapped_FE,0.96683455,0.8396,12.588412
PM_cfg1_des8,PM,GD,PM_cfg1_des8_swapped_GD,1.3112241,0.8476,17.639866
PM_cfg1_des8,PM,HO,PM_cfg1_des8_swapped_HO,0.81129235,0.8476,17.5301
PM_cfg1_des8,PM,LA,PM_cfg1_des8_swapped_LA,0.7088702,0.8473,13.530151
PM_cfg1_des8,PM,LU,PM_cfg1_des8_swapped_LU,2.316963,0.8451,19.410767
PM_cfg1_des8,PM,MN,PM_cfg1_des8_swapped_MN,2.82855,0.8467,13.320377
PM_cfg1_des8,PM,ND,PM_cfg1_des8_swapped_ND,1.3005437,0.8431,15.73082
PM_cfg1_des8,PM,NI,PM_cfg1_des8_swapped_NI,1.2119278,0.8529,18.495424
PM_cfg1_des8,PM,PR,PM_cfg1_des8_swapped_PR,0.81111336,0.8477,11.352904
PM_cfg1_des8,PM,SM,PM_cfg1_des8_swapped_SM,1.967687,0.8462,13.485972
PM_cfg1_des8,PM,TB,PM_cfg1_des8_swapped_TB,0.9720592,0.8477,11.580615
PM_cfg1_des8,PM,TM,PM_cfg1_des8_swapped_TM,0.80231893,0.8446,14.08192
PM_cfg1_des8,PM,YB,PM_cfg1_des8_swapped_YB,0.9015129,0.848,18.6425
PM_cfg1_des8,PM,ZN,PM_cfg1_des8_swapped_ZN,2.9793515,0.8334,18.628817
PM_cfg2_des0,PM,CE,PM_cfg2_des0_swapped_CE,1.1246692,0.8428,13.802826
PM_cfg2_des0,PM,CO,PM_cfg2_des0_swapped_CO,1.017259,0.8503,19.124342
PM_cfg2_des0,PM,CU,PM_cfg2_des0_swapped_CU,1.1556902,0.8347,17.221346
PM_cfg2_des0,PM,DY,PM_cfg2_des0_swapped_DY,0.8571818,0.855,13.933197
PM_cfg2_des0,PM,ER,PM_cfg2_des0_swapped_ER,1.1035496,0.8481,7.0953093
PM_cfg2_des0,PM,EU,PM_cfg2_des0_swapped_EU,1.0415676,0.8518,19.210747
PM_cfg2_des0,PM,FE,PM_cfg2_des0_swapped_FE,1.2228848,0.8384,13.982577
PM_cfg2_des0,PM,GD,PM_cfg2_des0_swapped_GD,1.3488418,0.8475,13.941869
PM_cfg2_des0,PM,HO,PM_cfg2_des0_swapped_HO,1.2424159,0.8493,13.865091
PM_cfg2_des0,PM,LA,PM_cfg2_des0_swapped_LA,1.2814852,0.8513,14.131439
PM_cfg2_des0,PM,LU,PM_cfg2_des0_swapped_LU,0.9146872,0.8487,24.841965
PM_cfg2_des0,PM,MN,PM_cfg2_des0_swapped_MN,1.6885189,0.8459,13.95038
PM_cfg2_des0,PM,ND,PM_cfg2_des0_swapped_ND,0.94298154,0.8456,13.839446
PM_cfg2_des0,PM,NI,PM_cfg2_des0_swapped_NI,0.99844116,0.8516,24.474985
PM_cfg2_des0,PM,PR,PM_cfg2_des0_swapped_PR,1.069704,0.8514,14.0622225
PM_cfg2_des0,PM,SM,PM_cfg2_des0_swapped_SM,0.739393,0.8544,12.913143
PM_cfg2_des0,PM,TB,PM_cfg2_des0_swapped_TB,1.178255,0.8519,13.999082
PM_cfg2_des0,PM,TM,PM_cfg2_des0_swapped_TM,1.06388,0.8463,17.95739
PM_cfg2_des0,PM,YB,PM_cfg2_des0_swapped_YB,1.2455467,0.8507,20.128372
PM_cfg2_des0,PM,ZN,PM_cfg2_des0_swapped_ZN,0.83508724,0.8481,13.976398
PR_cfg3_des2,PR,CE,PR_cfg3_des2_swapped_CE,0.2594203,0.8583,15.877253
PR_cfg3_des2,PR,CO,PR_cfg3_des2_swapped_CO,0.36224884,0.8601,19.644375
PR_cfg3_des2,PR,CU,PR_cfg3_des2_swapped_CU,0.38585848,0.8458,13.474779
PR_cfg3_des2,PR,DY,PR_cfg3_des2_swapped_DY,0.38632214,0.8586,23.68623
PR_cfg3_des2,PR,ER,PR_cfg3_des2_swapped_ER,0.5900035,0.8523,11.11305
PR_cfg3_des2,PR,EU,PR_cfg3_des2_swapped_EU,0.3319116,0.8585,21.678488
PR_cfg3_des2,PR,FE,PR_cfg3_des2_swapped_FE,0.3269873,0.8527,12.360295
PR_cfg3_des2,PR,GD,PR_cfg3_des2_swapped_GD,0.3281925,0.8565,16.196875
PR_cfg3_des2,PR,HO,PR_cfg3_des2_swapped_HO,0.37116015,0.8574,17.306423
PR_cfg3_des2,PR,LA,PR_cfg3_des2_swapped_LA,0.28622034,0.8573,18.716406
PR_cfg3_des2,PR,LU,PR_cfg3_des2_swapped_LU,0.45223588,0.8566,16.39515
PR_cfg3_des2,PR,MN,PR_cfg3_des2_swapped_MN,0.38303253,0.8641,20.14601
PR_cfg3_des2,PR,ND,PR_cfg3_des2_swapped_ND,0.30877364,0.861,21.892605
PR_cfg3_des2,PR,NI,PR_cfg3_des2_swapped_NI,0.27047497,0.8607,16.485535
PR_cfg3_des2,PR,PM,PR_cfg3_des2_swapped_PM,0.30836207,0.8562,15.949392
PR_cfg3_des2,PR,SM,PR_cfg3_des2_swapped_SM,0.20963079,0.859,22.676638
PR_cfg3_des2,PR,TB,PR_cfg3_des2_swapped_TB,0.28033367,0.8574,13.5253525
PR_cfg3_des2,PR,TM,PR_cfg3_des2_swapped_TM,0.48777485,0.8478,13.637697
PR_cfg3_des2,PR,YB,PR_cfg3_des2_swapped_YB,0.40229863,0.8609,20.713947
PR_cfg3_des2,PR,ZN,PR_cfg3_des2_swapped_ZN,0.3409981,0.8526,17.34166
PR_cfg2_des1,PR,CE,PR_cfg2_des1_swapped_CE,2.7913306,0.8458,20.637913
PR_cfg2_des1,PR,CO,PR_cfg2_des1_swapped_CO,0.45087954,0.8571,14.5101795
PR_cfg2_des1,PR,CU,PR_cfg2_des1_swapped_CU,2.549617,0.8389,11.434723
PR_cfg2_des1,PR,DY,PR_cfg2_des1_swapped_DY,0.5013303,0.8581,17.300972
PR_cfg2_des1,PR,ER,PR_cfg2_des1_swapped_ER,0.4722046,0.8524,20.230888
PR_cfg2_des1,PR,EU,PR_cfg2_des1_swapped_EU,0.49160188,0.8573,18.28879
PR_cfg2_des1,PR,FE,PR_cfg2_des1_swapped_FE,0.37218302,0.8478,18.118729
PR_cfg2_des1,PR,GD,PR_cfg2_des1_swapped_GD,0.3748682,0.8562,18.078035
PR_cfg2_des1,PR,HO,PR_cfg2_des1_swapped_HO,0.23772448,0.8556,21.078043
PR_cfg2_des1,PR,LA,PR_cfg2_des1_swapped_LA,0.5280907,0.8572,17.091402
PR_cfg2_des1,PR,LU,PR_cfg2_des1_swapped_LU,3.3778229,0.8489,12.133486
PR_cfg2_des1,PR,MN,PR_cfg2_des1_swapped_MN,0.49684763,0.8506,18.144026
PR_cfg2_des1,PR,ND,PR_cfg2_des1_swapped_ND,0.4145833,0.8514,20.119116
PR_cfg2_des1,PR,NI,PR_cfg2_des1_swapped_NI,2.6877532,0.8484,22.851433
PR_cfg2_des1,PR,PM,PR_cfg2_des1_swapped_PM,2.673122,0.8431,19.284002
PR_cfg2_des1,PR,SM,PR_cfg2_des1_swapped_SM,0.4328988,0.8566,17.279348
PR_cfg2_des1,PR,TB,PR_cfg2_des1_swapped_TB,0.47818282,0.8577,19.082943
PR_cfg2_des1,PR,TM,PR_cfg2_des1_swapped_TM,0.7596064,0.8514,19.029888
PR_cfg2_des1,PR,YB,PR_cfg2_des1_swapped_YB,0.37408853,0.8569,17.242447
PR_cfg2_des1,PR,ZN,PR_cfg2_des1_swapped_ZN,3.995781,0.8425,14.7328825
PR_cfg0_des12,PR,CE,PR_cfg0_des12_swapped_CE,0.32767174,0.8523,16.310457
PR_cfg0_des12,PR,CO,PR_cfg0_des12_swapped_CO,0.8679666,0.8614,12.602542
PR_cfg0_des12,PR,CU,PR_cfg0_des12_swapped_CU,0.8508616,0.8496,8.461886
PR_cfg0_des12,PR,DY,PR_cfg0_des12_swapped_DY,0.25643122,0.8541,16.674168
PR_cfg0_des12,PR,ER,PR_cfg0_des12_swapped_ER,0.49473345,0.8523,15.944984
PR_cfg0_des12,PR,EU,PR_cfg0_des12_swapped_EU,1.0763346,0.8566,6.020805
PR_cfg0_des12,PR,FE,PR_cfg0_des12_swapped_FE,0.35340253,0.8526,17.114977
PR_cfg0_des12,PR,GD,PR_cfg0_des12_swapped_GD,0.25222063,0.8561,14.547356
PR_cfg0_des12,PR,HO,PR_cfg0_des12_swapped_HO,0.40882972,0.8571,15.625256
PR_cfg0_des12,PR,LA,PR_cfg0_des12_swapped_LA,0.32728693,0.8558,9.769511
PR_cfg0_des12,PR,LU,PR_cfg0_des12_swapped_LU,0.3828759,0.8551,14.427987
PR_cfg0_des12,PR,MN,PR_cfg0_des12_swapped_MN,0.3104576,0.8562,14.425977
PR_cfg0_des12,PR,ND,PR_cfg0_des12_swapped_ND,0.28598148,0.8536,14.325039
PR_cfg0_des12,PR,NI,PR_cfg0_des12_swapped_NI,0.44555882,0.8608,15.251765
PR_cfg0_des12,PR,PM,PR_cfg0_des12_swapped_PM,0.3036134,0.8558,12.789364
PR_cfg0_des12,PR,SM,PR_cfg0_des12_swapped_SM,0.36119092,0.8536,9.413186
PR_cfg0_des12,PR,TB,PR_cfg0_des12_swapped_TB,0.7304499,0.8568,14.314841
PR_cfg0_des12,PR,TM,PR_cfg0_des12_swapped_TM,0.3288068,0.8528,14.489795
PR_cfg0_des12,PR,YB,PR_cfg0_des12_swapped_YB,0.29596505,0.8587,8.390643
PR_cfg0_des12,PR,ZN,PR_cfg0_des12_swapped_ZN,0.3136862,0.8522,9.78304
PR_cfg0_des6,PR,CE,PR_cfg0_des6_swapped_CE,0.9636169,0.8573,13.224292
PR_cfg0_des6,PR,CO,PR_cfg0_des6_swapped_CO,0.945419,0.8641,14.730639
PR_cfg0_des6,PR,CU,PR_cfg0_des6_swapped_CU,0.5818022,0.8542,14.03881
PR_cfg0_des6,PR,DY,PR_cfg0_des6_swapped_DY,0.8533319,0.8566,14.679085
PR_cfg0_des6,PR,ER,PR_cfg0_des6_swapped_ER,0.7794369,0.8522,14.7948885
PR_cfg0_des6,PR,EU,PR_cfg0_des6_swapped_EU,1.0005028,0.86,14.696897
PR_cfg0_des6,PR,FE,PR_cfg0_des6_swapped_FE,0.6749437,0.855,15.462411
PR_cfg0_des6,PR,GD,PR_cfg0_des6_swapped_GD,0.73472834,0.8559,13.649147
PR_cfg0_des6,PR,HO,PR_cfg0_des6_swapped_HO,0.6142446,0.8558,16.114498
PR_cfg0_des6,PR,LA,PR_cfg0_des6_swapped_LA,0.9814265,0.8553,13.682167
PR_cfg0_des6,PR,LU,PR_cfg0_des6_swapped_LU,0.75382763,0.8574,14.596494
PR_cfg0_des6,PR,MN,PR_cfg0_des6_swapped_MN,0.815194,0.8603,14.592746
PR_cfg0_des6,PR,ND,PR_cfg0_des6_swapped_ND,1.010043,0.8581,14.873328
PR_cfg0_des6,PR,NI,PR_cfg0_des6_swapped_NI,1.1783402,0.8612,14.565112
PR_cfg0_des6,PR,PM,PR_cfg0_des6_swapped_PM,0.8769933,0.8531,15.94563
PR_cfg0_des6,PR,SM,PR_cfg0_des6_swapped_SM,0.9720794,0.8552,14.631864
PR_cfg0_des6,PR,TB,PR_cfg0_des6_swapped_TB,0.6198892,0.8571,19.185934
PR_cfg0_des6,PR,TM,PR_cfg0_des6_swapped_TM,0.91091967,0.8498,12.511047
PR_cfg0_des6,PR,YB,PR_cfg0_des6_swapped_YB,0.68129516,0.8581,14.578217
PR_cfg0_des6,PR,ZN,PR_cfg0_des6_swapped_ZN,0.9766346,0.8504,15.102328
PR_cfg0_des10,PR,CE,PR_cfg0_des10_swapped_CE,0.55233306,0.8521,12.588482
PR_cfg0_des10,PR,CO,PR_cfg0_des10_swapped_CO,0.39866772,0.8582,21.287455
PR_cfg0_des10,PR,CU,PR_cfg0_des10_swapped_CU,1.1681784,0.8426,16.48939
PR_cfg0_des10,PR,DY,PR_cfg0_des10_swapped_DY,0.32007062,0.851,16.522215
PR_cfg0_des10,PR,ER,PR_cfg0_des10_swapped_ER,1.2559065,0.8545,18.47165
PR_cfg0_des10,PR,EU,PR_cfg0_des10_swapped_EU,0.32879215,0.851,10.158095
PR_cfg0_des10,PR,FE,PR_cfg0_des10_swapped_FE,0.44137344,0.8482,13.481735
PR_cfg0_des10,PR,GD,PR_cfg0_des10_swapped_GD,0.3290814,0.8524,14.783954
PR_cfg0_des10,PR,HO,PR_cfg0_des10_swapped_HO,0.29111415,0.8531,12.37292
PR_cfg0_des10,PR,LA,PR_cfg0_des10_swapped_LA,0.38389692,0.8537,12.589486
PR_cfg0_des10,PR,LU,PR_cfg0_des10_swapped_LU,0.3148743,0.8509,19.493364
PR_cfg0_des10,PR,MN,PR_cfg0_des10_swapped_MN,0.5559125,0.8579,12.580231
PR_cfg0_des10,PR,ND,PR_cfg0_des10_swapped_ND,0.5407925,0.8554,14.737338
PR_cfg0_des10,PR,NI,PR_cfg0_des10_swapped_NI,0.83584666,0.8573,16.894205
PR_cfg0_des10,PR,PM,PR_cfg0_des10_swapped_PM,0.70586604,0.8531,15.889465
PR_cfg0_des10,PR,SM,PR_cfg0_des10_swapped_SM,0.29268378,0.8511,19.083961
PR_cfg0_des10,PR,TB,PR_cfg0_des10_swapped_TB,0.2900659,0.8539,12.465823
PR_cfg0_des10,PR,TM,PR_cfg0_des10_swapped_TM,0.5239195,0.8521,14.676051
PR_cfg0_des10,PR,YB,PR_cfg0_des10_swapped_YB,0.4426704,0.8572,12.660816
PR_cfg0_des10,PR,ZN,PR_cfg0_des10_swapped_ZN,0.6289162,0.8493,14.4870825
SM_cfg2_des6,SM,CE,SM_cfg2_des6_swapped_CE,0.4053739,0.8474,20.098497
SM_cfg2_des6,SM,CO,SM_cfg2_des6_swapped_CO,0.4120281,0.8511,8.914778
SM_cfg2_des6,SM,CU,SM_cfg2_des6_swapped_CU,1.5158635,0.8149,20.07786
SM_cfg2_des6,SM,DY,SM_cfg2_des6_swapped_DY,0.4841221,0.8557,14.328733
SM_cfg2_des6,SM,ER,SM_cfg2_des6_swapped_ER,0.32454413,0.8515,8.974615
SM_cfg2_des6,SM,EU,SM_cfg2_des6_swapped_EU,0.28003216,0.8543,14.570891
SM_cfg2_des6,SM,FE,SM_cfg2_des6_swapped_FE,0.49798572,0.845,18.509811
SM_cfg2_des6,SM,GD,SM_cfg2_des6_swapped_GD,0.2314814,0.8531,14.62221
SM_cfg2_des6,SM,HO,SM_cfg2_des6_swapped_HO,0.17046684,0.8531,19.532003
SM_cfg2_des6,SM,LA,SM_cfg2_des6_swapped_LA,0.314903,0.8568,16.818361
SM_cfg2_des6,SM,LU,SM_cfg2_des6_swapped_LU,0.46668983,0.8501,20.95424
SM_cfg2_des6,SM,MN,SM_cfg2_des6_swapped_MN,0.43149,0.85,20.145958
SM_cfg2_des6,SM,ND,SM_cfg2_des6_swapped_ND,0.25577936,0.851,9.022528
SM_cfg2_des6,SM,NI,SM_cfg2_des6_swapped_NI,2.102318,0.8384,25.277863
SM_cfg2_des6,SM,PM,SM_cfg2_des6_swapped_PM,2.26285,0.8371,21.118492
SM_cfg2_des6,SM,PR,SM_cfg2_des6_swapped_PR,0.5044507,0.8529,21.791374
SM_cfg2_des6,SM,TB,SM_cfg2_des6_swapped_TB,0.3147742,0.8529,14.238301
SM_cfg2_des6,SM,TM,SM_cfg2_des6_swapped_TM,0.21962015,0.8513,18.352434
SM_cfg2_des6,SM,YB,SM_cfg2_des6_swapped_YB,0.30748293,0.8526,20.202623
SM_cfg2_des6,SM,ZN,SM_cfg2_des6_swapped_ZN,1.1613458,0.8345,16.911549
SM_cfg2_des2,SM,CE,SM_cfg2_des2_swapped_CE,0.5025106,0.8524,15.885362
SM_cfg2_des2,SM,CO,SM_cfg2_des2_swapped_CO,0.6528486,0.8582,13.487295
SM_cfg2_des2,SM,CU,SM_cfg2_des2_swapped_CU,0.5849853,0.8495,18.463509
SM_cfg2_des2,SM,DY,SM_cfg2_des2_swapped_DY,0.642945,0.8554,17.445663
SM_cfg2_des2,SM,ER,SM_cfg2_des2_swapped_ER,0.34882122,0.8575,19.839321
SM_cfg2_des2,SM,EU,SM_cfg2_des2_swapped_EU,0.6830233,0.8597,20.792671
SM_cfg2_des2,SM,FE,SM_cfg2_des2_swapped_FE,0.45961127,0.8509,25.138166
SM_cfg2_des2,SM,GD,SM_cfg2_des2_swapped_GD,0.3717387,0.858,19.686647
SM_cfg2_des2,SM,HO,SM_cfg2_des2_swapped_HO,0.29367724,0.8562,17.176163
SM_cfg2_des2,SM,LA,SM_cfg2_des2_swapped_LA,0.5726984,0.8576,14.286304
SM_cfg2_des2,SM,LU,SM_cfg2_des2_swapped_LU,0.5211164,0.8558,19.70218
SM_cfg2_des2,SM,MN,SM_cfg2_des2_swapped_MN,0.5982819,0.8546,14.10379
SM_cfg2_des2,SM,ND,SM_cfg2_des2_swapped_ND,0.64496344,0.8559,17.493141
SM_cfg2_des2,SM,NI,SM_cfg2_des2_swapped_NI,0.583295,0.8573,12.461167
SM_cfg2_des2,SM,PM,SM_cfg2_des2_swapped_PM,0.4154978,0.8564,21.27408
SM_cfg2_des2,SM,PR,SM_cfg2_des2_swapped_PR,0.5990489,0.8553,14.439001
SM_cfg2_des2,SM,TB,SM_cfg2_des2_swapped_TB,0.5056837,0.8566,14.461156
SM_cfg2_des2,SM,TM,SM_cfg2_des2_swapped_TM,0.41864225,0.8576,16.03125
SM_cfg2_des2,SM,YB,SM_cfg2_des2_swapped_YB,0.5617051,0.8572,14.302808
SM_cfg2_des2,SM,ZN,SM_cfg2_des2_swapped_ZN,0.585722,0.8486,14.092507
SM_cfg0_des7,SM,CE,SM_cfg0_des7_swapped_CE,1.2214919,0.8411,18.14496
SM_cfg0_des7,SM,CO,SM_cfg0_des7_swapped_CO,0.81338084,0.8554,24.220995
SM_cfg0_des7,SM,CU,SM_cfg0_des7_swapped_CU,12.641507,0.7855,14.409101
SM_cfg0_des7,SM,DY,SM_cfg0_des7_swapped_DY,1.0342354,0.8529,18.986097
SM_cfg0_des7,SM,ER,SM_cfg0_des7_swapped_ER,1.0935667,0.8454,23.438808
SM_cfg0_des7,SM,EU,SM_cfg0_des7_swapped_EU,0.9563463,0.853,18.15829
SM_cfg0_des7,SM,FE,SM_cfg0_des7_swapped_FE,0.96830297,0.8425,13.432405
SM_cfg0_des7,SM,GD,SM_cfg0_des7_swapped_GD,1.0940629,0.8525,11.598604
SM_cfg0_des7,SM,HO,SM_cfg0_des7_swapped_HO,0.84416556,0.8492,11.610557
SM_cfg0_des7,SM,LA,SM_cfg0_des7_swapped_LA,1.0466766,0.8542,14.03054
SM_cfg0_des7,SM,LU,SM_cfg0_des7_swapped_LU,0.9114823,0.8523,18.272242
SM_cfg0_des7,SM,MN,SM_cfg0_des7_swapped_MN,0.8349533,0.8524,19.316624
SM_cfg0_des7,SM,ND,SM_cfg0_des7_swapped_ND,0.88316643,0.8433,11.569693
SM_cfg0_des7,SM,NI,SM_cfg0_des7_swapped_NI,1.0983045,0.8546,21.08357
SM_cfg0_des7,SM,PM,SM_cfg0_des7_swapped_PM,1.2884746,0.8413,15.395639
SM_cfg0_des7,SM,PR,SM_cfg0_des7_swapped_PR,0.7963793,0.8501,11.763221
SM_cfg0_des7,SM,TB,SM_cfg0_des7_swapped_TB,0.9759432,0.8554,11.823307
SM_cfg0_des7,SM,TM,SM_cfg0_des7_swapped_TM,0.9214003,0.8438,14.774088
SM_cfg0_des7,SM,YB,SM_cfg0_des7_swapped_YB,1.0116436,0.851,18.432095
SM_cfg0_des7,SM,ZN,SM_cfg0_des7_swapped_ZN,12.749992,0.7943,17.823713
SM_cfg1_des4,SM,CE,SM_cfg1_des4_swapped_CE,1.281402,0.8426,24.666233
SM_cfg1_des4,SM,CO,SM_cfg1_des4_swapped_CO,1.3140714,0.8543,21.046339
SM_cfg1_des4,SM,CU,SM_cfg1_des4_swapped_CU,1.2449452,0.8352,7.7605615
SM_cfg1_des4,SM,DY,SM_cfg1_des4_swapped_DY,1.2078534,0.8522,7.490862
SM_cfg1_des4,SM,ER,SM_cfg1_des4_swapped_ER,1.1297187,0.8466,24.730825
SM_cfg1_des4,SM,EU,SM_cfg1_des4_swapped_EU,1.1194615,0.8491,15.075832
SM_cfg1_des4,SM,FE,SM_cfg1_des4_swapped_FE,1.2051749,0.8388,8.980101
SM_cfg1_des4,SM,GD,SM_cfg1_des4_swapped_GD,0.8640077,0.8494,20.332205
SM_cfg1_des4,SM,HO,SM_cfg1_des4_swapped_HO,1.3793718,0.8509,19.547031
SM_cfg1_des4,SM,LA,SM_cfg1_des4_swapped_LA,1.1856468,0.8491,16.032974
SM_cfg1_des4,SM,LU,SM_cfg1_des4_swapped_LU,1.0162948,0.8486,14.207316
SM_cfg1_des4,SM,MN,SM_cfg1_des4_swapped_MN,1.1200228,0.8517,16.652233
SM_cfg1_des4,SM,ND,SM_cfg1_des4_swapped_ND,1.1838508,0.8427,24.605923
SM_cfg1_des4,SM,NI,SM_cfg1_des4_swapped_NI,1.111045,0.8543,20.613956
SM_cfg1_des4,SM,PM,SM_cfg1_des4_swapped_PM,6.9804187,0.7785,20.472898
SM_cfg1_des4,SM,PR,SM_cfg1_des4_swapped_PR,1.2705121,0.8516,14.25245
SM_cfg1_des4,SM,TB,SM_cfg1_des4_swapped_TB,1.3622434,0.852,14.534647
SM_cfg1_des4,SM,TM,SM_cfg1_des4_swapped_TM,1.2876846,0.8426,19.10886
SM_cfg1_des4,SM,YB,SM_cfg1_des4_swapped_YB,1.0661943,0.8517,9.413742
SM_cfg1_des4,SM,ZN,SM_cfg1_des4_swapped_ZN,1.1517006,0.8459,17.98735
SM_cfg1_des1,SM,CE,SM_cfg1_des1_swapped_CE,1.1126102,0.8496,20.224598
SM_cfg1_des1,SM,CO,SM_cfg1_des1_swapped_CO,0.5017637,0.8526,14.547403
SM_cfg1_des1,SM,CU,SM_cfg1_des1_swapped_CU,0.7335945,0.8406,16.78872
SM_cfg1_des1,SM,DY,SM_cfg1_des1_swapped_DY,0.98901755,0.8521,17.892776
SM_cfg1_des1,SM,ER,SM_cfg1_des1_swapped_ER,0.9397538,0.8483,18.256233
SM_cfg1_des1,SM,EU,SM_cfg1_des1_swapped_EU,0.76736766,0.8519,20.914272
SM_cfg1_des1,SM,FE,SM_cfg1_des1_swapped_FE,0.61650425,0.8451,19.068977
SM_cfg1_des1,SM,GD,SM_cfg1_des1_swapped_GD,0.40486702,0.8526,14.91373
SM_cfg1_des1,SM,HO,SM_cfg1_des1_swapped_HO,0.9072155,0.8523,18.532518
SM_cfg1_des1,SM,LA,SM_cfg1_des1_swapped_LA,0.40702608,0.8524,18.665703
SM_cfg1_des1,SM,LU,SM_cfg1_des1_swapped_LU,0.6246426,0.851,14.375036
SM_cfg1_des1,SM,MN,SM_cfg1_des1_swapped_MN,1.0531895,0.8502,12.26932
SM_cfg1_des1,SM,ND,SM_cfg1_des1_swapped_ND,1.15659,0.8498,19.17105
SM_cfg1_des1,SM,NI,SM_cfg1_des1_swapped_NI,0.72885555,0.8526,15.870378
SM_cfg1_des1,SM,PM,SM_cfg1_des1_swapped_PM,0.6473193,0.8491,16.0522
SM_cfg1_des1,SM,PR,SM_cfg1_des1_swapped_PR,1.0858321,0.8525,20.590412
SM_cfg1_des1,SM,TB,SM_cfg1_des1_swapped_TB,1.2977442,0.8533,18.075361
SM_cfg1_des1,SM,TM,SM_cfg1_des1_swapped_TM,0.38301626,0.8472,18.593758
SM_cfg1_des1,SM,YB,SM_cfg1_des1_swapped_YB,2.2044075,0.8543,19.47937
SM_cfg1_des1,SM,ZN,SM_cfg1_des1_swapped_ZN,0.91673386,0.8462,19.257092
TB_cfg0_des2,TB,CE,TB_cfg0_des2_swapped_CE,0.678531,0.863,20.84128
TB_cfg0_des2,TB,CO,TB_cfg0_des2_swapped_CO,0.5931146,0.8691,19.949772
TB_cfg0_des2,TB,CU,TB_cfg0_des2_swapped_CU,0.37551057,0.8563,22.086351
TB_cfg0_des2,TB,DY,TB_cfg0_des2_swapped_DY,0.7534743,0.8604,18.170704
TB_cfg0_des2,TB,ER,TB_cfg0_des2_swapped_ER,0.651726,0.8579,20.669796
TB_cfg0_des2,TB,EU,TB_cfg0_des2_swapped_EU,0.5061861,0.8635,21.469995
TB_cfg0_des2,TB,FE,TB_cfg0_des2_swapped_FE,0.66806036,0.8592,20.423565
TB_cfg0_des2,TB,GD,TB_cfg0_des2_swapped_GD,0.5330331,0.8616,19.036194
TB_cfg0_des2,TB,HO,TB_cfg0_des2_swapped_HO,0.57554585,0.8616,20.301823
TB_cfg0_des2,TB,LA,TB_cfg0_des2_swapped_LA,0.6590428,0.862,18.289845
TB_cfg0_des2,TB,LU,TB_cfg0_des2_swapped_LU,0.36515424,0.8632,20.758644
TB_cfg0_des2,TB,MN,TB_cfg0_des2_swapped_MN,0.3955287,0.8653,20.213062
TB_cfg0_des2,TB,ND,TB_cfg0_des2_swapped_ND,0.61134964,0.8636,20.733122
TB_cfg0_des2,TB,NI,TB_cfg0_des2_swapped_NI,0.58256584,0.8657,20.211208
TB_cfg0_des2,TB,PM,TB_cfg0_des2_swapped_PM,0.6957596,0.8573,14.624887
TB_cfg0_des2,TB,PR,TB_cfg0_des2_swapped_PR,0.584497,0.8637,14.026915
TB_cfg0_des2,TB,SM,TB_cfg0_des2_swapped_SM,0.63604534,0.8593,15.037861
TB_cfg0_des2,TB,TM,TB_cfg0_des2_swapped_TM,0.36222762,0.8574,16.786293
TB_cfg0_des2,TB,YB,TB_cfg0_des2_swapped_YB,0.43316075,0.864,20.433395
TB_cfg0_des2,TB,ZN,TB_cfg0_des2_swapped_ZN,0.5470548,0.8552,14.785967
TB_cfg4_des12,TB,CE,TB_cfg4_des12_swapped_CE,0.6327448,0.8606,11.310081
TB_cfg4_des12,TB,CO,TB_cfg4_des12_swapped_CO,1.0452999,0.8641,20.940077
TB_cfg4_des12,TB,CU,TB_cfg4_des12_swapped_CU,1.5277798,0.852,11.947601
TB_cfg4_des12,TB,DY,TB_cfg4_des12_swapped_DY,0.5751646,0.8614,14.321586
TB_cfg4_des12,TB,ER,TB_cfg4_des12_swapped_ER,0.667164,0.8601,9.166874
TB_cfg4_des12,TB,EU,TB_cfg4_des12_swapped_EU,0.71641374,0.8565,13.975089
TB_cfg4_des12,TB,FE,TB_cfg4_des12_swapped_FE,0.6300195,0.8519,11.662304
TB_cfg4_des12,TB,GD,TB_cfg4_des12_swapped_GD,0.6120575,0.8599,10.232213
TB_cfg4_des12,TB,HO,TB_cfg4_des12_swapped_HO,0.6871734,0.859,21.090157
TB_cfg4_des12,TB,LA,TB_cfg4_des12_swapped_LA,0.78457934,0.8618,20.404757
TB_cfg4_des12,TB,LU,TB_cfg4_des12_swapped_LU,1.2676703,0.8572,15.612765
TB_cfg4_des12,TB,MN,TB_cfg4_des12_swapped_MN,0.8718657,0.8639,15.561759
TB_cfg4_des12,TB,ND,TB_cfg4_des12_swapped_ND,0.3397705,0.8602,18.654657
TB_cfg4_des12,TB,NI,TB_cfg4_des12_swapped_NI,0.7273911,0.865,11.541431
TB_cfg4_des12,TB,PM,TB_cfg4_des12_swapped_PM,0.8024051,0.8637,16.222322
TB_cfg4_des12,TB,PR,TB_cfg4_des12_swapped_PR,0.67499506,0.8605,11.708068
TB_cfg4_des12,TB,SM,TB_cfg4_des12_swapped_SM,0.5121973,0.8608,11.876082
TB_cfg4_des12,TB,TM,TB_cfg4_des12_swapped_TM,0.57756585,0.8585,13.394616
TB_cfg4_des12,TB,YB,TB_cfg4_des12_swapped_YB,0.70506704,0.8606,16.556524
TB_cfg4_des12,TB,ZN,TB_cfg4_des12_swapped_ZN,0.72024035,0.8585,15.760152
TB_cfg3_des13,TB,CE,TB_cfg3_des13_swapped_CE,0.53917223,0.854,11.316074
TB_cfg3_des13,TB,CO,TB_cfg3_des13_swapped_CO,0.3279364,0.8628,17.431751
TB_cfg3_des13,TB,CU,TB_cfg3_des13_swapped_CU,0.37864488,0.8466,13.354705
TB_cfg3_des13,TB,DY,TB_cfg3_des13_swapped_DY,0.39967993,0.862,10.32096
TB_cfg3_des13,TB,ER,TB_cfg3_des13_swapped_ER,0.36855608,0.8553,10.308454
TB_cfg3_des13,TB,EU,TB_cfg3_des13_swapped_EU,0.36838022,0.8556,11.693534
TB_cfg3_des13,TB,FE,TB_cfg3_des13_swapped_FE,0.32193807,0.8521,17.125452
TB_cfg3_des13,TB,GD,TB_cfg3_des13_swapped_GD,0.3411619,0.8581,18.350725
TB_cfg3_des13,TB,HO,TB_cfg3_des13_swapped_HO,0.50304556,0.8582,13.233977
TB_cfg3_des13,TB,LA,TB_cfg3_des13_swapped_LA,0.37440088,0.8596,13.383611
TB_cfg3_des13,TB,LU,TB_cfg3_des13_swapped_LU,0.87872833,0.8572,11.540685
TB_cfg3_des13,TB,MN,TB_cfg3_des13_swapped_MN,0.41789895,0.8596,15.340121
TB_cfg3_des13,TB,ND,TB_cfg3_des13_swapped_ND,0.37214595,0.8555,11.285344
TB_cfg3_des13,TB,NI,TB_cfg3_des13_swapped_NI,0.34410667,0.8621,13.932433
TB_cfg3_des13,TB,PM,TB_cfg3_des13_swapped_PM,1.1925591,0.8527,13.30904
TB_cfg3_des13,TB,PR,TB_cfg3_des13_swapped_PR,0.7733314,0.8606,11.375365
TB_cfg3_des13,TB,SM,TB_cfg3_des13_swapped_SM,0.36713627,0.8603,17.81096
TB_cfg3_des13,TB,TM,TB_cfg3_des13_swapped_TM,0.37569615,0.8542,12.774326
TB_cfg3_des13,TB,YB,TB_cfg3_des13_swapped_YB,0.6063323,0.8605,16.464605
TB_cfg3_des13,TB,ZN,TB_cfg3_des13_swapped_ZN,1.0194807,0.8531,13.363584
TB_cfg3_des14,TB,CE,TB_cfg3_des14_swapped_CE,0.3210671,0.8555,13.242226
TB_cfg3_des14,TB,CO,TB_cfg3_des14_swapped_CO,0.30999824,0.8636,17.555672
TB_cfg3_des14,TB,CU,TB_cfg3_des14_swapped_CU,0.3310652,0.8503,13.970565
TB_cfg3_des14,TB,DY,TB_cfg3_des14_swapped_DY,0.24024467,0.8599,14.488759
TB_cfg3_des14,TB,ER,TB_cfg3_des14_swapped_ER,0.2495044,0.8553,18.395948
TB_cfg3_des14,TB,EU,TB_cfg3_des14_swapped_EU,0.24967128,0.8613,15.641976
TB_cfg3_des14,TB,FE,TB_cfg3_des14_swapped_FE,0.27230677,0.8581,17.298693
TB_cfg3_des14,TB,GD,TB_cfg3_des14_swapped_GD,0.2570383,0.8567,14.319737
TB_cfg3_des14,TB,HO,TB_cfg3_des14_swapped_HO,0.27253693,0.8575,14.210643
TB_cfg3_des14,TB,LA,TB_cfg3_des14_swapped_LA,0.24699207,0.8585,10.757504
TB_cfg3_des14,TB,LU,TB_cfg3_des14_swapped_LU,0.27997795,0.8586,21.517342
TB_cfg3_des14,TB,MN,TB_cfg3_des14_swapped_MN,0.17516942,0.8598,18.266165
TB_cfg3_des14,TB,ND,TB_cfg3_des14_swapped_ND,0.22352502,0.8568,13.296756
TB_cfg3_des14,TB,NI,TB_cfg3_des14_swapped_NI,0.2743699,0.8624,13.316867
TB_cfg3_des14,TB,PM,TB_cfg3_des14_swapped_PM,1.0385537,0.8551,12.185258
TB_cfg3_des14,TB,PR,TB_cfg3_des14_swapped_PR,0.47446176,0.8568,18.728287
TB_cfg3_des14,TB,SM,TB_cfg3_des14_swapped_SM,0.2410364,0.8588,13.569835
TB_cfg3_des14,TB,TM,TB_cfg3_des14_swapped_TM,0.40749374,0.8544,13.219014
TB_cfg3_des14,TB,YB,TB_cfg3_des14_swapped_YB,0.28223285,0.8571,13.461371
TB_cfg3_des14,TB,ZN,TB_cfg3_des14_swapped_ZN,0.280467,0.8525,18.256042
TB_cfg3_des2,TB,CE,TB_cfg3_des2_swapped_CE,0.40604007,0.8522,13.08815
TB_cfg3_des2,TB,CO,TB_cfg3_des2_swapped_CO,0.6056665,0.8601,22.969152
TB_cfg3_des2,TB,CU,TB_cfg3_des2_swapped_CU,0.857956,0.8478,22.528458
TB_cfg3_des2,TB,DY,TB_cfg3_des2_swapped_DY,0.43355292,0.8583,16.418978
TB_cfg3_des2,TB,ER,TB_cfg3_des2_swapped_ER,0.4079064,0.8514,13.152542
TB_cfg3_des2,TB,EU,TB_cfg3_des2_swapped_EU,0.34935942,0.8565,13.223084
TB_cfg3_des2,TB,FE,TB_cfg3_des2_swapped_FE,0.89185053,0.853,16.017954
TB_cfg3_des2,TB,GD,TB_cfg3_des2_swapped_GD,0.3145601,0.8563,13.700638
TB_cfg3_des2,TB,HO,TB_cfg3_des2_swapped_HO,0.2637518,0.8558,22.42958
TB_cfg3_des2,TB,LA,TB_cfg3_des2_swapped_LA,0.43704525,0.8573,21.846863
TB_cfg3_des2,TB,LU,TB_cfg3_des2_swapped_LU,0.35758364,0.8565,22.291382
TB_cfg3_des2,TB,MN,TB_cfg3_des2_swapped_MN,0.52072996,0.8589,16.041597
TB_cfg3_des2,TB,ND,TB_cfg3_des2_swapped_ND,0.44934657,0.8532,16.853157
TB_cfg3_des2,TB,NI,TB_cfg3_des2_swapped_NI,0.39410445,0.8611,16.077578
TB_cfg3_des2,TB,PM,TB_cfg3_des2_swapped_PM,0.46043876,0.8507,11.395457
TB_cfg3_des2,TB,PR,TB_cfg3_des2_swapped_PR,0.63722026,0.8563,22.169823
TB_cfg3_des2,TB,SM,TB_cfg3_des2_swapped_SM,0.4626442,0.8571,16.556957
TB_cfg3_des2,TB,TM,TB_cfg3_des2_swapped_TM,0.3687148,0.8522,22.54466
TB_cfg3_des2,TB,YB,TB_cfg3_des2_swapped_YB,0.37830743,0.8583,21.82385
TB_cfg3_des2,TB,ZN,TB_cfg3_des2_swapped_ZN,0.42203504,0.8499,16.283632
TM_cfg4_des0,TM,CE,TM_cfg4_des0_swapped_CE,0.41868782,0.8541,17.195919
TM_cfg4_des0,TM,CO,TM_cfg4_des0_swapped_CO,0.27620366,0.8632,24.161991
TM_cfg4_des0,TM,CU,TM_cfg4_des0_swapped_CU,0.700158,0.8533,11.960589
TM_cfg4_des0,TM,DY,TM_cfg4_des0_swapped_DY,0.93730724,0.8619,17.059422
TM_cfg4_des0,TM,ER,TM_cfg4_des0_swapped_ER,0.41587463,0.8582,16.464056
TM_cfg4_des0,TM,EU,TM_cfg4_des0_swapped_EU,0.42847508,0.8559,17.795086
TM_cfg4_des0,TM,FE,TM_cfg4_des0_swapped_FE,0.38589782,0.8542,17.60372
TM_cfg4_des0,TM,GD,TM_cfg4_des0_swapped_GD,0.3762636,0.862,20.899647
TM_cfg4_des0,TM,HO,TM_cfg4_des0_swapped_HO,0.37159848,0.8607,16.633642
TM_cfg4_des0,TM,LA,TM_cfg4_des0_swapped_LA,0.24002007,0.8613,16.786083
TM_cfg4_des0,TM,LU,TM_cfg4_des0_swapped_LU,0.5369105,0.8577,16.553514
TM_cfg4_des0,TM,MN,TM_cfg4_des0_swapped_MN,0.32554972,0.8614,17.858938
TM_cfg4_des0,TM,ND,TM_cfg4_des0_swapped_ND,0.39762956,0.8546,19.724592
TM_cfg4_des0,TM,NI,TM_cfg4_des0_swapped_NI,0.42187518,0.8633,16.481144
TM_cfg4_des0,TM,PM,TM_cfg4_des0_swapped_PM,0.6015838,0.8585,18.250517
TM_cfg4_des0,TM,PR,TM_cfg4_des0_swapped_PR,0.46189663,0.8606,20.045986
TM_cfg4_des0,TM,SM,TM_cfg4_des0_swapped_SM,0.3201255,0.8616,16.586311
TM_cfg4_des0,TM,TB,TM_cfg4_des0_swapped_TB,0.41835397,0.8613,18.947933
TM_cfg4_des0,TM,YB,TM_cfg4_des0_swapped_YB,0.43505478,0.8605,18.910442
TM_cfg4_des0,TM,ZN,TM_cfg4_des0_swapped_ZN,0.3198592,0.857,24.461445
TM_cfg4_des8,TM,CE,TM_cfg4_des8_swapped_CE,0.2971491,0.8567,11.8744955
TM_cfg4_des8,TM,CO,TM_cfg4_des8_swapped_CO,0.19648033,0.8671,18.466131
TM_cfg4_des8,TM,CU,TM_cfg4_des8_swapped_CU,0.7768774,0.8531,15.599869
TM_cfg4_des8,TM,DY,TM_cfg4_des8_swapped_DY,0.24043931,0.8651,18.66039
TM_cfg4_des8,TM,ER,TM_cfg4_des8_swapped_ER,0.47941878,0.863,10.9845295
TM_cfg4_des8,TM,EU,TM_cfg4_des8_swapped_EU,0.27417734,0.8642,12.868113
TM_cfg4_des8,TM,FE,TM_cfg4_des8_swapped_FE,0.22242025,0.8594,19.559654
TM_cfg4_des8,TM,GD,TM_cfg4_des8_swapped_GD,0.25220233,0.8643,11.211594
TM_cfg4_des8,TM,HO,TM_cfg4_des8_swapped_HO,0.27765012,0.8624,18.45903
TM_cfg4_des8,TM,LA,TM_cfg4_des8_swapped_LA,0.378454,0.8635,16.72968
TM_cfg4_des8,TM,LU,TM_cfg4_des8_swapped_LU,0.23733692,0.8654,11.114649
TM_cfg4_des8,TM,MN,TM_cfg4_des8_swapped_MN,0.2910996,0.8638,18.567062
TM_cfg4_des8,TM,ND,TM_cfg4_des8_swapped_ND,0.30554122,0.8614,11.038736
TM_cfg4_des8,TM,NI,TM_cfg4_des8_swapped_NI,0.22044879,0.8663,18.409786
TM_cfg4_des8,TM,PM,TM_cfg4_des8_swapped_PM,0.28483856,0.8623,14.283144
TM_cfg4_des8,TM,PR,TM_cfg4_des8_swapped_PR,0.2815846,0.8664,19.544394
TM_cfg4_des8,TM,SM,TM_cfg4_des8_swapped_SM,0.21504566,0.866,18.707571
TM_cfg4_des8,TM,TB,TM_cfg4_des8_swapped_TB,0.34195828,0.866,12.054605
TM_cfg4_des8,TM,YB,TM_cfg4_des8_swapped_YB,0.29057458,0.8666,18.620975
TM_cfg4_des8,TM,ZN,TM_cfg4_des8_swapped_ZN,0.3227011,0.8591,18.281435
TM_cfg1_des13,TM,CE,TM_cfg1_des13_swapped_CE,0.31752485,0.866,14.043437
TM_cfg1_des13,TM,CO,TM_cfg1_des13_swapped_CO,0.46899277,0.871,13.742691
TM_cfg1_des13,TM,CU,TM_cfg1_des13_swapped_CU,0.43524337,0.8582,14.184083
TM_cfg1_des13,TM,DY,TM_cfg1_des13_swapped_DY,0.37411585,0.865,14.045445
TM_cfg1_des13,TM,ER,TM_cfg1_des13_swapped_ER,0.34055638,0.8635,11.362979
TM_cfg1_des13,TM,EU,TM_cfg1_des13_swapped_EU,0.46042922,0.8637,19.772993
TM_cfg1_des13,TM,FE,TM_cfg1_des13_swapped_FE,0.4540223,0.8605,13.958611
TM_cfg1_des13,TM,GD,TM_cfg1_des13_swapped_GD,0.59484977,0.8668,11.799039
TM_cfg1_des13,TM,HO,TM_cfg1_des13_swapped_HO,0.33957016,0.8647,11.831767
TM_cfg1_des13,TM,LA,TM_cfg1_des13_swapped_LA,0.37058735,0.8672,14.554218
TM_cfg1_des13,TM,LU,TM_cfg1_des13_swapped_LU,0.23564798,0.8638,17.796865
TM_cfg1_des13,TM,MN,TM_cfg1_des13_swapped_MN,0.5114859,0.8686,13.711746
TM_cfg1_des13,TM,ND,TM_cfg1_des13_swapped_ND,0.2618603,0.8671,13.623631
TM_cfg1_des13,TM,NI,TM_cfg1_des13_swapped_NI,0.33450744,0.87,13.724671
TM_cfg1_des13,TM,PM,TM_cfg1_des13_swapped_PM,0.45874593,0.8628,9.289342
TM_cfg1_des13,TM,PR,TM_cfg1_des13_swapped_PR,0.29689854,0.8669,9.912739
TM_cfg1_des13,TM,SM,TM_cfg1_des13_swapped_SM,0.27780426,0.8654,13.924535
TM_cfg1_des13,TM,TB,TM_cfg1_des13_swapped_TB,0.2856697,0.8663,13.616089
TM_cfg1_des13,TM,YB,TM_cfg1_des13_swapped_YB,0.36887512,0.8692,11.642671
TM_cfg1_des13,TM,ZN,TM_cfg1_des13_swapped_ZN,0.6838686,0.866,14.849232
TM_cfg4_des5,TM,CE,TM_cfg4_des5_swapped_CE,0.34252423,0.8602,12.452324
TM_cfg4_des5,TM,CO,TM_cfg4_des5_swapped_CO,0.41785532,0.8718,19.994453
TM_cfg4_des5,TM,CU,TM_cfg4_des5_swapped_CU,0.25315598,0.8562,20.833519
TM_cfg4_des5,TM,DY,TM_cfg4_des5_swapped_DY,0.4875389,0.8662,15.760359
TM_cfg4_des5,TM,ER,TM_cfg4_des5_swapped_ER,0.36553505,0.8589,23.78738
TM_cfg4_des5,TM,EU,TM_cfg4_des5_swapped_EU,0.26106158,0.868,13.02105
TM_cfg4_des5,TM,FE,TM_cfg4_des5_swapped_FE,0.27586415,0.8646,19.804216
TM_cfg4_des5,TM,GD,TM_cfg4_des5_swapped_GD,0.2996068,0.8662,15.695105
TM_cfg4_des5,TM,HO,TM_cfg4_des5_swapped_HO,0.35843846,0.8651,18.842613
TM_cfg4_des5,TM,LA,TM_cfg4_des5_swapped_LA,0.27712625,0.8677,8.95582
TM_cfg4_des5,TM,LU,TM_cfg4_des5_swapped_LU,0.17358255,0.8645,18.524506
TM_cfg4_des5,TM,MN,TM_cfg4_des5_swapped_MN,0.29174393,0.8656,19.794071
TM_cfg4_des5,TM,ND,TM_cfg4_des5_swapped_ND,0.4145198,0.8627,17.031385
TM_cfg4_des5,TM,NI,TM_cfg4_des5_swapped_NI,0.41796562,0.8713,18.978235
TM_cfg4_des5,TM,PM,TM_cfg4_des5_swapped_PM,0.18364854,0.8557,18.77811
TM_cfg4_des5,TM,PR,TM_cfg4_des5_swapped_PR,0.24929793,0.8668,13.99151
TM_cfg4_des5,TM,SM,TM_cfg4_des5_swapped_SM,0.3480343,0.8674,23.213345
TM_cfg4_des5,TM,TB,TM_cfg4_des5_swapped_TB,0.28371468,0.8663,23.106544
TM_cfg4_des5,TM,YB,TM_cfg4_des5_swapped_YB,0.303063,0.8699,23.848555
TM_cfg4_des5,TM,ZN,TM_cfg4_des5_swapped_ZN,0.36548385,0.861,14.004353
TM_cfg1_des7,TM,CE,TM_cfg1_des7_swapped_CE,0.36302733,0.858,20.521948
TM_cfg1_des7,TM,CO,TM_cfg1_des7_swapped_CO,0.45620996,0.8681,22.132957
TM_cfg1_des7,TM,CU,TM_cfg1_des7_swapped_CU,0.4266565,0.8503,18.039692
TM_cfg1_des7,TM,DY,TM_cfg1_des7_swapped_DY,0.650666,0.8663,22.843554
TM_cfg1_des7,TM,ER,TM_cfg1_des7_swapped_ER,0.24132971,0.8604,21.802284
TM_cfg1_des7,TM,EU,TM_cfg1_des7_swapped_EU,0.5904751,0.8592,22.460726
TM_cfg1_des7,TM,FE,TM_cfg1_des7_swapped_FE,0.6431746,0.8549,14.076037
TM_cfg1_des7,TM,GD,TM_cfg1_des7_swapped_GD,0.3418078,0.8618,22.15602
TM_cfg1_des7,TM,HO,TM_cfg1_des7_swapped_HO,0.3172562,0.8621,22.941244
TM_cfg1_des7,TM,LA,TM_cfg1_des7_swapped_LA,0.38779798,0.8614,21.945482
TM_cfg1_des7,TM,LU,TM_cfg1_des7_swapped_LU,0.5020119,0.8588,21.521627
TM_cfg1_des7,TM,MN,TM_cfg1_des7_swapped_MN,0.5948195,0.8615,13.836414
TM_cfg1_des7,TM,ND,TM_cfg1_des7_swapped_ND,0.4610987,0.8605,13.213965
TM_cfg1_des7,TM,NI,TM_cfg1_des7_swapped_NI,0.41837487,0.8676,10.909276
TM_cfg1_des7,TM,PM,TM_cfg1_des7_swapped_PM,0.20398498,0.8585,11.682835
TM_cfg1_des7,TM,PR,TM_cfg1_des7_swapped_PR,0.28204402,0.8612,22.33464
TM_cfg1_des7,TM,SM,TM_cfg1_des7_swapped_SM,0.54505306,0.8629,13.910858
TM_cfg1_des7,TM,TB,TM_cfg1_des7_swapped_TB,0.42432007,0.8627,22.792501
TM_cfg1_des7,TM,YB,TM_cfg1_des7_swapped_YB,0.21008994,0.8634,22.315323
TM_cfg1_des7,TM,ZN,TM_cfg1_des7_swapped_ZN,0.43780577,0.8596,22.430395
YB_cfg0_des0,YB,CE,YB_cfg0_des0_swapped_CE,0.9313379,0.859,9.998227
YB_cfg0_des0,YB,CO,YB_cfg0_des0_swapped_CO,0.40654078,0.8678,9.791409
YB_cfg0_des0,YB,CU,YB_cfg0_des0_swapped_CU,1.0907606,0.8549,19.797318
YB_cfg0_des0,YB,DY,YB_cfg0_des0_swapped_DY,0.48572874,0.8611,15.808619
YB_cfg0_des0,YB,ER,YB_cfg0_des0_swapped_ER,0.33335397,0.8581,10.556524
YB_cfg0_des0,YB,EU,YB_cfg0_des0_swapped_EU,0.13645686,0.8639,17.936802
YB_cfg0_des0,YB,FE,YB_cfg0_des0_swapped_FE,0.23187149,0.8615,17.771927
YB_cfg0_des0,YB,GD,YB_cfg0_des0_swapped_GD,0.2135657,0.862,18.276237
YB_cfg0_des0,YB,HO,YB_cfg0_des0_swapped_HO,0.25703517,0.8608,12.811179
YB_cfg0_des0,YB,LA,YB_cfg0_des0_swapped_LA,0.19766933,0.8632,18.31007
YB_cfg0_des0,YB,LU,YB_cfg0_des0_swapped_LU,0.70653576,0.8601,17.800596
YB_cfg0_des0,YB,MN,YB_cfg0_des0_swapped_MN,0.19695963,0.862,16.860884
YB_cfg0_des0,YB,ND,YB_cfg0_des0_swapped_ND,0.31056678,0.8599,15.526058
YB_cfg0_des0,YB,NI,YB_cfg0_des0_swapped_NI,0.66310835,0.8664,12.488546
YB_cfg0_des0,YB,PM,YB_cfg0_des0_swapped_PM,0.3001681,0.8598,12.781284
YB_cfg0_des0,YB,PR,YB_cfg0_des0_swapped_PR,0.23199493,0.8631,12.117382
YB_cfg0_des0,YB,SM,YB_cfg0_des0_swapped_SM,0.7243001,0.861,9.231798
YB_cfg0_des0,YB,TB,YB_cfg0_des0_swapped_TB,0.15845355,0.8622,18.983683
YB_cfg0_des0,YB,TM,YB_cfg0_des0_swapped_TM,0.28497306,0.8595,16.984335
YB_cfg0_des0,YB,ZN,YB_cfg0_des0_swapped_ZN,0.344095,0.8552,12.309851
YB_cfg0_des6,YB,CE,YB_cfg0_des6_swapped_CE,0.38313454,0.8519,17.478178
YB_cfg0_des6,YB,CO,YB_cfg0_des6_swapped_CO,0.19328937,0.8602,14.147161
YB_cfg0_des6,YB,CU,YB_cfg0_des6_swapped_CU,0.28043836,0.8478,13.781233
YB_cfg0_des6,YB,DY,YB_cfg0_des6_swapped_DY,0.18830311,0.8579,18.671303
YB_cfg0_des6,YB,ER,YB_cfg0_des6_swapped_ER,0.2752373,0.85,10.123636
YB_cfg0_des6,YB,EU,YB_cfg0_des6_swapped_EU,0.39024496,0.8598,18.18672
YB_cfg0_des6,YB,FE,YB_cfg0_des6_swapped_FE,0.25458258,0.8556,14.01225
YB_cfg0_des6,YB,GD,YB_cfg0_des6_swapped_GD,0.32244992,0.8578,15.4927025
YB_cfg0_des6,YB,HO,YB_cfg0_des6_swapped_HO,0.19644634,0.8553,15.436377
YB_cfg0_des6,YB,LA,YB_cfg0_des6_swapped_LA,0.2520211,0.854,17.03614
YB_cfg0_des6,YB,LU,YB_cfg0_des6_swapped_LU,0.28478223,0.8581,19.03903
YB_cfg0_des6,YB,MN,YB_cfg0_des6_swapped_MN,0.22077076,0.8565,18.153107
YB_cfg0_des6,YB,ND,YB_cfg0_des6_swapped_ND,0.45160353,0.8543,16.791197
YB_cfg0_des6,YB,NI,YB_cfg0_des6_swapped_NI,0.21953444,0.8587,17.206196
YB_cfg0_des6,YB,PM,YB_cfg0_des6_swapped_PM,0.4458728,0.8512,12.746485
YB_cfg0_des6,YB,PR,YB_cfg0_des6_swapped_PR,0.17304845,0.8587,14.080322
YB_cfg0_des6,YB,SM,YB_cfg0_des6_swapped_SM,0.48848084,0.8577,17.372572
YB_cfg0_des6,YB,TB,YB_cfg0_des6_swapped_TB,0.3452198,0.8598,17.538986
YB_cfg0_des6,YB,TM,YB_cfg0_des6_swapped_TM,0.2058366,0.8526,16.902882
YB_cfg0_des6,YB,ZN,YB_cfg0_des6_swapped_ZN,0.1890901,0.8479,12.055873
YB_cfg0_des3,YB,CE,YB_cfg0_des3_swapped_CE,0.6441676,0.8553,13.470779
YB_cfg0_des3,YB,CO,YB_cfg0_des3_swapped_CO,0.6335146,0.8629,14.670086
YB_cfg0_des3,YB,CU,YB_cfg0_des3_swapped_CU,0.51961446,0.8434,11.001427
YB_cfg0_des3,YB,DY,YB_cfg0_des3_swapped_DY,0.9191772,0.8567,14.116834
YB_cfg0_des3,YB,ER,YB_cfg0_des3_swapped_ER,0.4352667,0.8553,12.865136
YB_cfg0_des3,YB,EU,YB_cfg0_des3_swapped_EU,0.548707,0.8559,13.598482
YB_cfg0_des3,YB,FE,YB_cfg0_des3_swapped_FE,0.47484964,0.8524,12.41416
YB_cfg0_des3,YB,GD,YB_cfg0_des3_swapped_GD,0.91896474,0.8576,14.971961
YB_cfg0_des3,YB,HO,YB_cfg0_des3_swapped_HO,0.46831626,0.8568,14.358954
YB_cfg0_des3,YB,LA,YB_cfg0_des3_swapped_LA,0.4820513,0.8587,13.155851
YB_cfg0_des3,YB,LU,YB_cfg0_des3_swapped_LU,0.47738102,0.8549,14.101521
YB_cfg0_des3,YB,MN,YB_cfg0_des3_swapped_MN,0.95019764,0.8625,8.839208
YB_cfg0_des3,YB,ND,YB_cfg0_des3_swapped_ND,0.50059855,0.8585,13.366939
YB_cfg0_des3,YB,NI,YB_cfg0_des3_swapped_NI,0.52130497,0.8627,14.287919
YB_cfg0_des3,YB,PM,YB_cfg0_des3_swapped_PM,0.66466945,0.8573,15.114851
YB_cfg0_des3,YB,PR,YB_cfg0_des3_swapped_PR,0.87913567,0.8576,12.54239
YB_cfg0_des3,YB,SM,YB_cfg0_des3_swapped_SM,0.60807407,0.8565,14.830086
YB_cfg0_des3,YB,TB,YB_cfg0_des3_swapped_TB,0.43740913,0.8577,13.138132
YB_cfg0_des3,YB,TM,YB_cfg0_des3_swapped_TM,0.49705163,0.8513,9.559413
YB_cfg0_des3,YB,ZN,YB_cfg0_des3_swapped_ZN,0.43757436,0.8548,14.716003
YB_cfg3_des11,YB,CE,YB_cfg3_des11_swapped_CE,1.5826936,0.8518,14.364361
YB_cfg3_des11,YB,CO,YB_cfg3_des11_swapped_CO,1.1665192,0.8594,13.105916
YB_cfg3_des11,YB,CU,YB_cfg3_des11_swapped_CU,0.47270703,0.8469,13.240373
YB_cfg3_des11,YB,DY,YB_cfg3_des11_swapped_DY,1.6399065,0.8622,17.417858
YB_cfg3_des11,YB,ER,YB_cfg3_des11_swapped_ER,0.95347005,0.8556,13.418864
YB_cfg3_des11,YB,EU,YB_cfg3_des11_swapped_EU,0.9974123,0.8622,18.518803
YB_cfg3_des11,YB,FE,YB_cfg3_des11_swapped_FE,1.5597581,0.854,12.949522
YB_cfg3_des11,YB,GD,YB_cfg3_des11_swapped_GD,0.8955807,0.8633,20.192635
YB_cfg3_des11,YB,HO,YB_cfg3_des11_swapped_HO,0.8027775,0.8585,20.82796
YB_cfg3_des11,YB,LA,YB_cfg3_des11_swapped_LA,1.1762016,0.8621,22.503714
YB_cfg3_des11,YB,LU,YB_cfg3_des11_swapped_LU,1.0263816,0.8598,10.824656
YB_cfg3_des11,YB,MN,YB_cfg3_des11_swapped_MN,0.6473524,0.8558,15.753207
YB_cfg3_des11,YB,ND,YB_cfg3_des11_swapped_ND,1.5865536,0.8559,14.808862
YB_cfg3_des11,YB,NI,YB_cfg3_des11_swapped_NI,1.130036,0.858,13.112101
YB_cfg3_des11,YB,PM,YB_cfg3_des11_swapped_PM,0.7641238,0.8526,10.870378
YB_cfg3_des11,YB,PR,YB_cfg3_des11_swapped_PR,0.72102493,0.8618,18.907406
YB_cfg3_des11,YB,SM,YB_cfg3_des11_swapped_SM,1.3821836,0.8602,13.23177
YB_cfg3_des11,YB,TB,YB_cfg3_des11_swapped_TB,0.9647746,0.8634,10.408181
YB_cfg3_des11,YB,TM,YB_cfg3_des11_swapped_TM,0.84555924,0.8572,12.163058
YB_cfg3_des11,YB,ZN,YB_cfg3_des11_swapped_ZN,1.7633119,0.8506,18.513332
YB_cfg4_des0,YB,CE,YB_cfg4_des0_swapped_CE,0.40353665,0.853,12.470083
YB_cfg4_des0,YB,CO,YB_cfg4_des0_swapped_CO,0.41665688,0.8582,19.212198
YB_cfg4_des0,YB,CU,YB_cfg4_des0_swapped_CU,0.7081453,0.846,18.563318
YB_cfg4_des0,YB,DY,YB_cfg4_des0_swapped_DY,0.5327742,0.8573,17.825935
YB_cfg4_des0,YB,ER,YB_cfg4_des0_swapped_ER,0.562111,0.8519,5.9476104
YB_cfg4_des0,YB,EU,YB_cfg4_des0_swapped_EU,0.38549626,0.8562,19.288181
YB_cfg4_des0,YB,FE,YB_cfg4_des0_swapped_FE,0.78312284,0.8519,18.331234
YB_cfg4_des0,YB,GD,YB_cfg4_des0_swapped_GD,0.38931197,0.8555,17.68063
YB_cfg4_des0,YB,HO,YB_cfg4_des0_swapped_HO,0.5168999,0.8545,17.04862
YB_cfg4_des0,YB,LA,YB_cfg4_des0_swapped_LA,0.54923,0.8573,17.527983
YB_cfg4_des0,YB,LU,YB_cfg4_des0_swapped_LU,0.5832609,0.854,14.068937
YB_cfg4_des0,YB,MN,YB_cfg4_des0_swapped_MN,0.51264536,0.8555,17.310125
YB_cfg4_des0,YB,ND,YB_cfg4_des0_swapped_ND,0.3601132,0.8559,14.300595
YB_cfg4_des0,YB,NI,YB_cfg4_des0_swapped_NI,0.3888298,0.8594,13.63533
YB_cfg4_des0,YB,PM,YB_cfg4_des0_swapped_PM,0.45317376,0.8505,18.785038
YB_cfg4_des0,YB,PR,YB_cfg4_des0_swapped_PR,0.31690833,0.8565,17.411694
YB_cfg4_des0,YB,SM,YB_cfg4_des0_swapped_SM,0.7024623,0.8562,14.061028
YB_cfg4_des0,YB,TB,YB_cfg4_des0_swapped_TB,0.60915816,0.8567,17.192846
YB_cfg4_des0,YB,TM,YB_cfg4_des0_swapped_TM,0.5938188,0.8502,17.311615
YB_cfg4_des0,YB,ZN,YB_cfg4_des0_swapped_ZN,0.50039774,0.8515,16.959831
ZN_cfg2_des3,ZN,CE,ZN_cfg2_des3_swapped_CE,0.66415155,0.8532,13.798536
ZN_cfg2_des3,ZN,CO,ZN_cfg2_des3_swapped_CO,0.6889272,0.8618,14.433065
ZN_cfg2_des3,ZN,CU,ZN_cfg2_des3_swapped_CU,0.9715627,0.8543,16.020199
ZN_cfg2_des3,ZN,DY,ZN_cfg2_des3_swapped_DY,0.65421045,0.8622,15.316508
ZN_cfg2_des3,ZN,ER,ZN_cfg2_des3_swapped_ER,0.6999367,0.8575,13.950625
ZN_cfg2_des3,ZN,EU,ZN_cfg2_des3_swapped_EU,0.6294337,0.8601,18.55785
ZN_cfg2_des3,ZN,FE,ZN_cfg2_des3_swapped_FE,1.0257893,0.8509,15.895047
ZN_cfg2_des3,ZN,GD,ZN_cfg2_des3_swapped_GD,0.8888516,0.8591,18.520649
ZN_cfg2_des3,ZN,HO,ZN_cfg2_des3_swapped_HO,0.61425024,0.8584,15.735979
ZN_cfg2_des3,ZN,LA,ZN_cfg2_des3_swapped_LA,0.78793955,0.8575,13.123228
ZN_cfg2_des3,ZN,LU,ZN_cfg2_des3_swapped_LU,1.0701051,0.8589,24.658628
ZN_cfg2_des3,ZN,MN,ZN_cfg2_des3_swapped_MN,0.97601,0.8554,24.191982
ZN_cfg2_des3,ZN,ND,ZN_cfg2_des3_swapped_ND,0.9219369,0.8541,14.71279
ZN_cfg2_des3,ZN,NI,ZN_cfg2_des3_swapped_NI,0.59053046,0.8626,22.791237
ZN_cfg2_des3,ZN,PM,ZN_cfg2_des3_swapped_PM,0.96930903,0.8536,18.672188
ZN_cfg2_des3,ZN,PR,ZN_cfg2_des3_swapped_PR,0.5339514,0.86,20.22273
ZN_cfg2_des3,ZN,SM,ZN_cfg2_des3_swapped_SM,0.6593815,0.8609,23.282152
ZN_cfg2_des3,ZN,TB,ZN_cfg2_des3_swapped_TB,0.6688484,0.8605,25.003677
ZN_cfg2_des3,ZN,TM,ZN_cfg2_des3_swapped_TM,0.9543745,0.855,15.383713
ZN_cfg2_des3,ZN,YB,ZN_cfg2_des3_swapped_YB,0.9166395,0.8586,19.904129
ZN_cfg0_des10,ZN,CE,ZN_cfg0_des10_swapped_CE,0.30638695,0.855,16.13311
ZN_cfg0_des10,ZN,CO,ZN_cfg0_des10_swapped_CO,0.3521933,0.8618,19.774471
ZN_cfg0_des10,ZN,CU,ZN_cfg0_des10_swapped_CU,0.47154567,0.8503,18.131136
ZN_cfg0_des10,ZN,DY,ZN_cfg0_des10_swapped_DY,0.28326914,0.8601,9.404345
ZN_cfg0_des10,ZN,ER,ZN_cfg0_des10_swapped_ER,0.7193567,0.8518,17.756657
ZN_cfg0_des10,ZN,EU,ZN_cfg0_des10_swapped_EU,0.18992345,0.8609,12.078315
ZN_cfg0_des10,ZN,FE,ZN_cfg0_des10_swapped_FE,0.3147253,0.8561,20.834265
ZN_cfg0_des10,ZN,GD,ZN_cfg0_des10_swapped_GD,0.17811267,0.8583,17.57882
ZN_cfg0_des10,ZN,HO,ZN_cfg0_des10_swapped_HO,0.23523441,0.8587,23.605293
ZN_cfg0_des10,ZN,LA,ZN_cfg0_des10_swapped_LA,0.19372033,0.8615,20.948608
ZN_cfg0_des10,ZN,LU,ZN_cfg0_des10_swapped_LU,0.1838653,0.8593,16.021385
ZN_cfg0_des10,ZN,MN,ZN_cfg0_des10_swapped_MN,0.17684402,0.857,6.057068
ZN_cfg0_des10,ZN,ND,ZN_cfg0_des10_swapped_ND,0.2168441,0.8587,14.445887
ZN_cfg0_des10,ZN,NI,ZN_cfg0_des10_swapped_NI,0.26937002,0.8633,19.679363
ZN_cfg0_des10,ZN,PM,ZN_cfg0_des10_swapped_PM,0.3700137,0.8523,20.134752
ZN_cfg0_des10,ZN,PR,ZN_cfg0_des10_swapped_PR,0.3466246,0.8588,11.568516
ZN_cfg0_des10,ZN,SM,ZN_cfg0_des10_swapped_SM,0.36032447,0.8589,9.372421
ZN_cfg0_des10,ZN,TB,ZN_cfg0_des10_swapped_TB,0.3779388,0.8607,20.529663
ZN_cfg0_des10,ZN,TM,ZN_cfg0_des10_swapped_TM,0.3899805,0.8535,19.716099
ZN_cfg0_des10,ZN,YB,ZN_cfg0_des10_swapped_YB,0.18060294,0.8646,11.543992
ZN_cfg2_des2,ZN,CE,ZN_cfg2_des2_swapped_CE,0.58930993,0.8511,15.05233
ZN_cfg2_des2,ZN,CO,ZN_cfg2_des2_swapped_CO,0.5864204,0.8554,20.098059
ZN_cfg2_des2,ZN,CU,ZN_cfg2_des2_swapped_CU,0.6764201,0.8423,19.542078
ZN_cfg2_des2,ZN,DY,ZN_cfg2_des2_swapped_DY,0.50261444,0.8573,7.6766925
ZN_cfg2_des2,ZN,ER,ZN_cfg2_des2_swapped_ER,0.48665473,0.8474,13.182498
ZN_cfg2_des2,ZN,EU,ZN_cfg2_des2_swapped_EU,0.48514646,0.8531,12.258575
ZN_cfg2_des2,ZN,FE,ZN_cfg2_des2_swapped_FE,0.6963948,0.8493,23.082405
ZN_cfg2_des2,ZN,GD,ZN_cfg2_des2_swapped_GD,0.56623507,0.8517,13.7734995
ZN_cfg2_des2,ZN,HO,ZN_cfg2_des2_swapped_HO,0.48637205,0.8521,14.129526
ZN_cfg2_des2,ZN,LA,ZN_cfg2_des2_swapped_LA,0.47219828,0.8564,11.842144
ZN_cfg2_des2,ZN,LU,ZN_cfg2_des2_swapped_LU,0.49810413,0.8534,13.473671
ZN_cfg2_des2,ZN,MN,ZN_cfg2_des2_swapped_MN,0.5296481,0.8554,23.047857
ZN_cfg2_des2,ZN,ND,ZN_cfg2_des2_swapped_ND,1.153559,0.8511,14.624089
ZN_cfg2_des2,ZN,NI,ZN_cfg2_des2_swapped_NI,0.5392283,0.8582,11.67824
ZN_cfg2_des2,ZN,PM,ZN_cfg2_des2_swapped_PM,0.49567366,0.848,20.320427
ZN_cfg2_des2,ZN,PR,ZN_cfg2_des2_swapped_PR,0.5154302,0.8547,22.831453
ZN_cfg2_des2,ZN,SM,ZN_cfg2_des2_swapped_SM,0.43778887,0.8567,13.400131
ZN_cfg2_des2,ZN,TB,ZN_cfg2_des2_swapped_TB,0.41536123,0.8583,11.485291
ZN_cfg2_des2,ZN,TM,ZN_cfg2_des2_swapped_TM,0.6977684,0.8488,11.868338
ZN_cfg2_des2,ZN,YB,ZN_cfg2_des2_swapped_YB,0.7011222,0.8565,25.00771
ZN_cfg2_des6,ZN,CE,ZN_cfg2_des6_swapped_CE,0.4922403,0.851,16.354258
ZN_cfg2_des6,ZN,CO,ZN_cfg2_des6_swapped_CO,0.37678736,0.8567,14.174314
ZN_cfg2_des6,ZN,CU,ZN_cfg2_des6_swapped_CU,0.93999285,0.8469,15.193523
ZN_cfg2_des6,ZN,DY,ZN_cfg2_des6_swapped_DY,0.27480146,0.8571,21.139841
ZN_cfg2_des6,ZN,ER,ZN_cfg2_des6_swapped_ER,0.77702534,0.8507,24.01107
ZN_cfg2_des6,ZN,EU,ZN_cfg2_des6_swapped_EU,0.45768607,0.855,21.788048
ZN_cfg2_des6,ZN,FE,ZN_cfg2_des6_swapped_FE,0.49887314,0.8509,24.572037
ZN_cfg2_des6,ZN,GD,ZN_cfg2_des6_swapped_GD,1.0098666,0.8543,21.720901
ZN_cfg2_des6,ZN,HO,ZN_cfg2_des6_swapped_HO,0.5382099,0.8536,19.347599
ZN_cfg2_des6,ZN,LA,ZN_cfg2_des6_swapped_LA,0.7032877,0.8527,15.769003
ZN_cfg2_des6,ZN,LU,ZN_cfg2_des6_swapped_LU,0.7182508,0.8518,20.811941
ZN_cfg2_des6,ZN,MN,ZN_cfg2_des6_swapped_MN,0.5846484,0.8544,18.883757
ZN_cfg2_des6,ZN,ND,ZN_cfg2_des6_swapped_ND,0.31656218,0.8524,9.431268
ZN_cfg2_des6,ZN,NI,ZN_cfg2_des6_swapped_NI,0.6193526,0.8558,19.36743
ZN_cfg2_des6,ZN,PM,ZN_cfg2_des6_swapped_PM,0.7326019,0.8492,16.185555
ZN_cfg2_des6,ZN,PR,ZN_cfg2_des6_swapped_PR,0.5529717,0.854,24.69474
ZN_cfg2_des6,ZN,SM,ZN_cfg2_des6_swapped_SM,0.7296662,0.8526,25.113836
ZN_cfg2_des6,ZN,TB,ZN_cfg2_des6_swapped_TB,0.42764568,0.8544,20.91552
ZN_cfg2_des6,ZN,TM,ZN_cfg2_des6_swapped_TM,1.1401186,0.8497,20.75318
ZN_cfg2_des6,ZN,YB,ZN_cfg2_des6_swapped_YB,0.2861658,0.8542,15.162883
ZN_cfg2_des14,ZN,CE,ZN_cfg2_des14_swapped_CE,0.3648451,0.8537,13.311328
ZN_cfg2_des14,ZN,CO,ZN_cfg2_des14_swapped_CO,0.4505531,0.8559,19.946249
ZN_cfg2_des14,ZN,CU,ZN_cfg2_des14_swapped_CU,0.5184869,0.8436,16.38205
ZN_cfg2_des14,ZN,DY,ZN_cfg2_des14_swapped_DY,0.56969607,0.8526,13.4354925
ZN_cfg2_des14,ZN,ER,ZN_cfg2_des14_swapped_ER,0.5678609,0.8517,13.356779
ZN_cfg2_des14,ZN,EU,ZN_cfg2_des14_swapped_EU,0.6571418,0.8558,15.545848
ZN_cfg2_des14,ZN,FE,ZN_cfg2_des14_swapped_FE,0.46823493,0.8498,24.479359
ZN_cfg2_des14,ZN,GD,ZN_cfg2_des14_swapped_GD,0.64132726,0.8539,16.126734
ZN_cfg2_des14,ZN,HO,ZN_cfg2_des14_swapped_HO,0.36434403,0.8536,10.491634
ZN_cfg2_des14,ZN,LA,ZN_cfg2_des14_swapped_LA,0.5962134,0.8541,20.867464
ZN_cfg2_des14,ZN,LU,ZN_cfg2_des14_swapped_LU,0.50651973,0.8541,15.710627
ZN_cfg2_des14,ZN,MN,ZN_cfg2_des14_swapped_MN,0.6080622,0.8564,13.64974
ZN_cfg2_des14,ZN,ND,ZN_cfg2_des14_swapped_ND,0.575872,0.8538,15.294487
ZN_cfg2_des14,ZN,NI,ZN_cfg2_des14_swapped_NI,0.6411085,0.8561,23.438278
ZN_cfg2_des14,ZN,PM,ZN_cfg2_des14_swapped_PM,0.39094564,0.8495,14.479912
ZN_cfg2_des14,ZN,PR,ZN_cfg2_des14_swapped_PR,0.61448616,0.8564,14.70677
ZN_cfg2_des14,ZN,SM,ZN_cfg2_des14_swapped_SM,0.37454432,0.8516,20.509638
ZN_cfg2_des14,ZN,TB,ZN_cfg2_des14_swapped_TB,0.5423282,0.8557,15.381597
ZN_cfg2_des14,ZN,TM,ZN_cfg2_des14_swapped_TM,0.47569728,0.8525,11.948141
ZN_cfg2_des14,ZN,YB,ZN_cfg2_des14_swapped_YB,0.7104827,0.8574,20.3396
