metal_ion,config_index,design_id,design_number,loop_index,loop_length,loop_sequence,overall_rmsd,loop_rmsd,plddt,ptm,binding_radius_A
ZN,0,ZN_cfg0_des0,0,1,13,DLDGDGTAVSLAE,1.615508,1.0665588,0.8308,0.8848570585250854,23.51061
ZN,0,ZN_cfg0_des0,0,2,14,VKKGCGDGTLTAEE,1.615508,2.973272,0.8308,0.8848570585250854,3.775821
ZN,0,ZN_cfg0_des0,0,3,12,DTDGDGTLSRAE,1.615508,1.1291312,0.8308,0.8848570585250854,25.134909
ZN,0,ZN_cfg0_des0,0,4,14,QVAGDGTGALSAAE,1.615508,2.1111445,0.8308,0.8848570585250854,9.582594
ZN,0,ZN_cfg0_des1,1,1,13,DLDGDGTTISLAE,1.5137695,0.76385,0.8162,0.8724271059036255,22.881828
ZN,0,ZN_cfg0_des1,1,2,14,HPDKCYSPECTVAA,1.5137695,2.8062143,0.8162,0.8724271059036255,8.0795145
ZN,0,ZN_cfg0_des1,1,3,12,DANKDGGLSKAE,1.5137695,1.6794834,0.8162,0.8724271059036255,11.9386835
ZN,0,ZN_cfg0_des1,1,4,14,DAEGNADGVISAAD,1.5137695,1.0884794,0.8162,0.8724271059036255,9.664611
ZN,0,ZN_cfg0_des2,2,1,13,DTICGDGTISLAE,1.3159443,0.81237966,0.8422,0.8978865146636963,3.3631585
ZN,0,ZN_cfg0_des2,2,2,14,QTNKDGSGKLTAEE,1.3159443,1.9774117,0.8422,0.8978865146636963,26.721895
ZN,0,ZN_cfg0_des2,2,3,12,DADGDGTLSRAE,1.3159443,0.9425097,0.8422,0.8978865146636963,2.8346157
ZN,0,ZN_cfg0_des2,2,4,14,LSAGDGAGTLTAAE,1.3159443,1.9990866,0.8422,0.8978865146636963,26.272955
ZN,0,ZN_cfg0_des3,3,1,13,DTLDHNGLLSLAE,2.0455399,3.1645317,0.8257,0.871767520904541,27.28787
ZN,0,ZN_cfg0_des3,3,2,14,AAGDDGDGTLTAEE,2.0455399,1.8690051,0.8257,0.871767520904541,8.645459
ZN,0,ZN_cfg0_des3,3,3,12,DANGDGTLSRAE,2.0455399,1.7381871,0.8257,0.871767520904541,8.540153
ZN,0,ZN_cfg0_des3,3,4,14,STGACGADALSAAE,2.0455399,1.4035546,0.8257,0.871767520904541,15.452991
ZN,0,ZN_cfg0_des4,4,1,13,DTTDHDGTISLAE,2.241102,2.6357884,0.8026,0.8350882530212402,8.38899
ZN,0,ZN_cfg0_des4,4,2,14,CPKGLCSREEAIAE,2.241102,2.146661,0.8026,0.8350882530212402,14.336769
ZN,0,ZN_cfg0_des4,4,3,12,DLNKDGTLSRAE,2.241102,1.8984965,0.8026,0.8350882530212402,23.449781
ZN,0,ZN_cfg0_des4,4,4,14,LAGGDGDGTLSAAE,2.241102,1.414114,0.8026,0.8350882530212402,15.592812
ZN,0,ZN_cfg0_des5,5,1,13,DTTDHDGTISLAE,1.3749682,0.9467676,0.834,0.9107508659362793,23.660425
ZN,0,ZN_cfg0_des5,5,2,14,DKDGLGVMTKPAEE,1.3749682,1.398099,0.834,0.9107508659362793,29.536184
ZN,0,ZN_cfg0_des5,5,3,12,DANGDGTLSKAE,1.3749682,1.0425936,0.834,0.9107508659362793,25.541143
ZN,0,ZN_cfg0_des5,5,4,14,DSGADGDGTLSAAE,1.3749682,2.397472,0.834,0.9107508659362793,8.762656
ZN,0,ZN_cfg0_des6,6,1,13,DLDGDGTAVSLAE,1.1494627,0.55499744,0.8372,0.8891432881355286,2.4717128
ZN,0,ZN_cfg0_des6,6,2,14,VDPASGLGKLTAEE,1.1494627,0.7510097,0.8372,0.8891432881355286,29.745941
ZN,0,ZN_cfg0_des6,6,3,12,DADKDGTLSRAE,1.1494627,0.89910084,0.8372,0.8891432881355286,3.5707872
ZN,0,ZN_cfg0_des6,6,4,14,QVDGAADGTINAAE,1.1494627,2.4292643,0.8372,0.8891432881355286,26.502686
ZN,0,ZN_cfg0_des7,7,1,13,DLDGGDGTISLAE,1.4444603,0.9299884,0.8465,0.9065214395523071,23.333292
ZN,0,ZN_cfg0_des7,7,2,14,DTNKNGDGKLSAEE,1.4444603,2.9319515,0.8465,0.9065214395523071,30.270264
ZN,0,ZN_cfg0_des7,7,3,12,DADGDGTLSRAE,1.4444603,1.0829561,0.8465,0.9065214395523071,9.178785
ZN,0,ZN_cfg0_des7,7,4,14,MAGGDGDGTLTAAE,1.4444603,1.174478,0.8465,0.9065214395523071,8.821137
ZN,0,ZN_cfg0_des8,8,1,13,DADGDGGVISLAE,1.3150293,0.7759676,0.8392,0.8994025588035583,23.24131
ZN,0,ZN_cfg0_des8,8,2,14,MKACGGDGKLTAEE,1.3150293,1.7093772,0.8392,0.8994025588035583,5.002557
ZN,0,ZN_cfg0_des8,8,3,12,DADGDGTLSRAE,1.3150293,1.2185566,0.8392,0.8994025588035583,24.580389
ZN,0,ZN_cfg0_des8,8,4,14,QTAGDGSGVLSAAE,1.3150293,1.9823718,0.8392,0.8994025588035583,9.373575
ZN,0,ZN_cfg0_des9,9,1,13,DTEDHDGTISLAE,1.4887623,0.6268226,0.8378,0.8959872722625732,24.789436
ZN,0,ZN_cfg0_des9,9,2,14,QTNKDGDGTLTAEE,1.4887623,2.9510746,0.8378,0.8959872722625732,8.636577
ZN,0,ZN_cfg0_des9,9,3,12,DADGDGTLSRAE,1.4887623,0.7008951,0.8378,0.8959872722625732,23.271803
ZN,0,ZN_cfg0_des9,9,4,14,QVAGDGDGTLSAAE,1.4887623,2.0529191,0.8378,0.8959872722625732,7.142596
ZN,0,ZN_cfg0_des10,10,1,13,DTCSGDGTISLAE,1.4501522,1.1078078,0.8546,0.9121206402778625,9.086875
ZN,0,ZN_cfg0_des10,10,2,14,DSGEDGDGKLSAEE,1.4501522,2.2957544,0.8546,0.9121206402778625,2.3733025
ZN,0,ZN_cfg0_des10,10,3,12,DADGDGKLSRAE,1.4501522,0.61825943,0.8546,0.9121206402778625,2.3670254
ZN,0,ZN_cfg0_des10,10,4,14,DSGADGDGTLTAAE,1.4501522,2.463788,0.8546,0.9121206402778625,8.886349
ZN,0,ZN_cfg0_des11,11,1,13,EDGSGDGRISRAE,1.3788985,0.8454132,0.8337,0.8951259255409241,2.6522958
ZN,0,ZN_cfg0_des11,11,2,14,LDPAHADGKLTAEE,1.3788985,2.028133,0.8337,0.8951259255409241,30.625765
ZN,0,ZN_cfg0_des11,11,3,12,DADKDGALSRAE,1.3788985,1.2441244,0.8337,0.8951259255409241,5.1202617
ZN,0,ZN_cfg0_des11,11,4,14,AAACGDPSSLSAAE,1.3788985,1.8109356,0.8337,0.8951259255409241,26.891249
ZN,0,ZN_cfg0_des12,12,1,13,DTEDGDGTISLAE,1.4670677,0.6088333,0.8327,0.8924592733383179,8.395455
ZN,0,ZN_cfg0_des12,12,2,14,DKDGSGVCSNAAEE,1.4670677,2.219621,0.8327,0.8924592733383179,26.969847
ZN,0,ZN_cfg0_des12,12,3,12,DTNGDGSLSRAE,1.4670677,1.2979348,0.8327,0.8924592733383179,2.2944894
ZN,0,ZN_cfg0_des12,12,4,14,QTDGKGDGKLNAAE,1.4670677,1.2380062,0.8327,0.8924592733383179,29.85656
ZN,0,ZN_cfg0_des13,13,1,13,DLDGGDGVLSLAE,1.5159342,1.4902308,0.8389,0.8914177417755127,23.263504
ZN,0,ZN_cfg0_des13,13,2,14,QTDGSGDGTLTAEE,1.5159342,2.131156,0.8389,0.8914177417755127,4.4625897
ZN,0,ZN_cfg0_des13,13,3,12,DADGDGTLSRAE,1.5159342,1.4335991,0.8389,0.8914177417755127,23.4597
ZN,0,ZN_cfg0_des13,13,4,14,QTDGADPNALSAAE,1.5159342,1.7165254,0.8389,0.8914177417755127,9.475287
ZN,0,ZN_cfg0_des14,14,1,13,DTADGSGTISLAE,1.6926477,0.849654,0.842,0.9050795435905457,25.029617
ZN,0,ZN_cfg0_des14,14,2,14,SVHATPDGKLTAEE,1.6926477,2.7000158,0.842,0.9050795435905457,9.449241
ZN,0,ZN_cfg0_des14,14,3,12,DADGDGTLSRAE,1.6926477,1.0517131,0.842,0.9050795435905457,23.573135
ZN,0,ZN_cfg0_des14,14,4,14,DTNADGDGTISAAE,1.6926477,2.9814441,0.842,0.9050795435905457,2.3298628
ZN,1,ZN_cfg1_des0,0,1,14,ELDGDGDGTISLAE,1.8638835,2.8890154,0.8474,0.8955397009849548,9.109541
ZN,1,ZN_cfg1_des0,0,2,11,DDGSGTLTAEE,1.8638835,1.5093307,0.8474,0.8955397009849548,8.849869
ZN,1,ZN_cfg1_des0,0,3,12,DADGDGTLSRAE,1.8638835,1.3845772,0.8474,0.8955397009849548,23.394096
ZN,1,ZN_cfg1_des0,0,4,12,DANGDGVINAAE,1.8638835,0.75438106,0.8474,0.8955397009849548,29.45571
ZN,1,ZN_cfg1_des1,1,1,14,ELDGRGDGTISRAE,2.0154445,3.1133976,0.8386,0.8841657042503357,9.205954
ZN,1,ZN_cfg1_des1,1,2,11,DCGDGELSAEE,2.0154445,1.6068695,0.8386,0.8841657042503357,27.03235
ZN,1,ZN_cfg1_des1,1,3,12,DADGDGKLNRPE,2.0154445,1.4283925,0.8386,0.8841657042503357,2.3832777
ZN,1,ZN_cfg1_des1,1,4,12,DANGDGVLSAAE,2.0154445,0.9012332,0.8386,0.8841657042503357,29.64707
ZN,1,ZN_cfg1_des2,2,1,14,ELNKDGDGTISLAE,1.7948108,2.8051581,0.8333,0.8794383406639099,2.5705037
ZN,1,ZN_cfg1_des2,2,2,11,SNGDGTLSAEE,1.7948108,1.8682402,0.8333,0.8794383406639099,28.815025
ZN,1,ZN_cfg1_des2,2,3,12,DADGDGTLTRAE,1.7948108,1.2453156,0.8333,0.8794383406639099,2.324074
ZN,1,ZN_cfg1_des2,2,4,12,DANGDGTLNAAE,1.7948108,0.7715077,0.8333,0.8794383406639099,28.444756
ZN,1,ZN_cfg1_des3,3,1,14,DLDNDGDGTISLAE,0.81200385,0.4932637,0.8408,0.8980832099914551,22.928839
ZN,1,ZN_cfg1_des3,3,2,11,SKGSSTLTAED,0.81200385,1.0765597,0.8408,0.8980832099914551,8.011769
ZN,1,ZN_cfg1_des3,3,3,12,DTDGDGTLSKAE,0.81200385,0.9979837,0.8408,0.8980832099914551,24.14258
ZN,1,ZN_cfg1_des3,3,4,12,DADGDGVLSAAE,0.81200385,0.6888144,0.8408,0.8980832099914551,9.864003
ZN,1,ZN_cfg1_des4,4,1,14,DIDGDGDGTISLAE,0.6322356,0.40339243,0.8422,0.8937060832977295,9.061389
ZN,1,ZN_cfg1_des4,4,2,11,SDGDGVLTAEE,0.6322356,1.2161709,0.8422,0.8937060832977295,9.751235
ZN,1,ZN_cfg1_des4,4,3,12,DADGDGVLSRAE,0.6322356,0.59411436,0.8422,0.8937060832977295,23.85612
ZN,1,ZN_cfg1_des4,4,4,12,DANGDGVISAAE,0.6322356,0.43800268,0.8422,0.8937060832977295,29.614983
ZN,1,ZN_cfg1_des5,5,1,14,ELNKDGSGTISLAE,2.02334,2.8831518,0.8344,0.8799840807914734,23.33821
ZN,1,ZN_cfg1_des5,5,2,11,DNGDGTLSAEE,2.02334,1.6818967,0.8344,0.8799840807914734,2.5312822
ZN,1,ZN_cfg1_des5,5,3,12,DADKDGVLSRAE,2.02334,1.2932113,0.8344,0.8799840807914734,23.79634
ZN,1,ZN_cfg1_des5,5,4,12,DADGCGALSAAE,2.02334,1.2986318,0.8344,0.8799840807914734,4.3885846
ZN,1,ZN_cfg1_des6,6,1,14,DSNADGSGLISLAD,1.2041245,2.6189158,0.8266,0.8916764855384827,9.686014
ZN,1,ZN_cfg1_des6,6,2,11,SDGDGTLGAEE,1.2041245,1.19287,0.8266,0.8916764855384827,26.278738
ZN,1,ZN_cfg1_des6,6,3,12,DADGDGVLDRAE,1.2041245,0.88919544,0.8266,0.8916764855384827,11.177238
ZN,1,ZN_cfg1_des6,6,4,12,DANGDGYLSAAE,1.2041245,0.52760535,0.8266,0.8916764855384827,27.261343
ZN,1,ZN_cfg1_des7,7,1,14,ELDGKGDGTISLAE,1.7113131,2.7254782,0.8362,0.8877854347229004,2.598531
ZN,1,ZN_cfg1_des7,7,2,11,SKCGKTLTAEE,1.7113131,1.4311142,0.8362,0.8877854347229004,29.133486
ZN,1,ZN_cfg1_des7,7,3,12,DADGDGVLNRAE,1.7113131,0.958802,0.8362,0.8877854347229004,2.370745
ZN,1,ZN_cfg1_des7,7,4,12,DANGDGVLSAAE,1.7113131,0.78018284,0.8362,0.8877854347229004,28.60688
ZN,1,ZN_cfg1_des8,8,1,14,ELDGDGDGTISLAE,1.8004594,2.9111311,0.8323,0.8901225924491882,9.002086
ZN,1,ZN_cfg1_des8,8,2,11,DNGCGTLTAEE,1.8004594,1.948117,0.8323,0.8901225924491882,9.058098
ZN,1,ZN_cfg1_des8,8,3,12,DADGDGVLDRAE,1.8004594,1.2900523,0.8323,0.8901225924491882,10.5778475
ZN,1,ZN_cfg1_des8,8,4,12,DANGDGTLNAAE,1.8004594,0.87163407,0.8323,0.8901225924491882,8.912777
ZN,1,ZN_cfg1_des9,9,1,14,ELDRDGDGTISLAE,1.9438798,2.8456109,0.8398,0.8945383429527283,23.003286
ZN,1,ZN_cfg1_des9,9,2,11,SKDGKALTAEE,1.9438798,1.5089684,0.8398,0.8945383429527283,29.079466
ZN,1,ZN_cfg1_des9,9,3,12,DKDGNGVLTRDE,1.9438798,1.4765939,0.8398,0.8945383429527283,22.973679
ZN,1,ZN_cfg1_des9,9,4,12,DANGDGVLSAAE,1.9438798,0.76148856,0.8398,0.8945383429527283,28.273949
ZN,1,ZN_cfg1_des10,10,1,14,ELEGDGDGKISLAE,1.7944688,2.5108807,0.8303,0.8880692720413208,23.25392
ZN,1,ZN_cfg1_des10,10,2,11,SNGDGTLSAEE,1.7944688,2.2823658,0.8303,0.8880692720413208,28.719591
ZN,1,ZN_cfg1_des10,10,3,12,DADGNGVLSRAE,1.7944688,1.1154498,0.8303,0.8880692720413208,24.710655
ZN,1,ZN_cfg1_des10,10,4,12,DLDGDGKLSAAE,1.7944688,1.0021245,0.8303,0.8880692720413208,9.043453
ZN,1,ZN_cfg1_des11,11,1,14,ELNKDGDGTISLAE,1.7139482,2.4542964,0.8377,0.8786248564720154,2.5512977
ZN,1,ZN_cfg1_des11,11,2,11,SNGDGTLSAEE,1.7139482,1.8607409,0.8377,0.8786248564720154,28.773972
ZN,1,ZN_cfg1_des11,11,3,12,DADGDGVLTRAE,1.7139482,1.4369344,0.8377,0.8786248564720154,11.6449
ZN,1,ZN_cfg1_des11,11,4,12,DTNGDGVLNAAE,1.7139482,0.6916512,0.8377,0.8786248564720154,26.70916
ZN,1,ZN_cfg1_des12,12,1,14,ELDGRGDGTISLAE,1.7107654,2.7362645,0.8321,0.8932452201843262,2.6013243
ZN,1,ZN_cfg1_des12,12,2,11,CKCGVALTAEE,1.7107654,1.7974795,0.8321,0.8932452201843262,29.05024
ZN,1,ZN_cfg1_des12,12,3,12,DADGDGTLSRAE,1.7107654,1.4108719,0.8321,0.8932452201843262,2.3427496
ZN,1,ZN_cfg1_des12,12,4,12,DANGDGALSAAE,1.7107654,0.94815964,0.8321,0.8932452201843262,29.337587
ZN,1,ZN_cfg1_des13,13,1,14,DLDGDGDGTISLAE,1.1706806,0.9035259,0.8391,0.8869233727455139,9.073938
ZN,1,ZN_cfg1_des13,13,2,11,SDGDGTLSAEE,1.1706806,1.1278938,0.8391,0.8869233727455139,9.030858
ZN,1,ZN_cfg1_des13,13,3,12,DADGDGKLDRAE,1.1706806,1.5068953,0.8391,0.8869233727455139,24.24259
ZN,1,ZN_cfg1_des13,13,4,12,DANGDGVLNAAE,1.1706806,1.1944894,0.8391,0.8869233727455139,30.341787
ZN,1,ZN_cfg1_des14,14,1,14,ELDGDGDGKISLAE,1.7254145,2.8190274,0.8301,0.8895980715751648,23.229034
ZN,1,ZN_cfg1_des14,14,2,11,DDGCGTLTAEE,1.7254145,1.3789779,0.8301,0.8895980715751648,29.205719
ZN,1,ZN_cfg1_des14,14,3,12,DTDGSGALDRAE,1.7254145,1.0140702,0.8301,0.8895980715751648,23.414179
ZN,1,ZN_cfg1_des14,14,4,12,DADGDGVLSAAE,1.7254145,0.65859324,0.8301,0.8895980715751648,29.887636
ZN,2,ZN_cfg2_des0,0,1,12,DADGDGTISLAE,1.3350964,0.8265087,0.8462,0.9064237475395203,23.108683
ZN,2,ZN_cfg2_des0,0,2,14,DTGKDGDGKLSAEE,1.3350964,2.6617115,0.8462,0.9064237475395203,28.913485
ZN,2,ZN_cfg2_des0,0,3,13,DTADGDGTLSRAE,1.3350964,1.4907981,0.8462,0.9064237475395203,9.056449
ZN,2,ZN_cfg2_des0,0,4,12,DADGDGTLSAAE,1.3350964,0.7656678,0.8462,0.9064237475395203,8.965655
ZN,2,ZN_cfg2_des1,1,1,12,DADGDGVISLAE,11.110229,9.147079,0.7533,0.6509328484535217,30.447504
ZN,2,ZN_cfg2_des1,1,2,14,NPNGDLSWEHMTEE,11.110229,16.77043,0.7533,0.6509328484535217,10.137394
ZN,2,ZN_cfg2_des1,1,3,13,DLDGNGTSFSKAE,11.110229,15.126857,0.7533,0.6509328484535217,30.994257
ZN,2,ZN_cfg2_des1,1,4,12,DADGDGVLNAAE,11.110229,11.615316,0.7533,0.6509328484535217,16.42909
ZN,2,ZN_cfg2_des2,2,1,12,DADGDGTISLAE,1.1698866,0.8058156,0.8493,0.9036889672279358,2.3748329
ZN,2,ZN_cfg2_des2,2,2,14,CDKKDGKGTLSAEE,1.1698866,2.1009586,0.8493,0.9036889672279358,4.4753675
ZN,2,ZN_cfg2_des2,2,3,13,DLDGKDNTLSRAE,1.1698866,1.0670139,0.8493,0.9036889672279358,23.69338
ZN,2,ZN_cfg2_des2,2,4,12,DADGSGTLTAAE,1.1698866,0.7582928,0.8493,0.9036889672279358,26.406174
ZN,2,ZN_cfg2_des3,3,1,12,DADGDGVISLAE,1.621998,1.1444533,0.8557,0.8973364233970642,3.5638838
ZN,2,ZN_cfg2_des3,3,2,14,MKDKDGSGTLSAEE,1.621998,1.794856,0.8557,0.8973364233970642,28.99737
ZN,2,ZN_cfg2_des3,3,3,13,SSDPSSDTLSRAE,1.621998,1.9196963,0.8557,0.8973364233970642,23.357569
ZN,2,ZN_cfg2_des3,3,4,12,DTNGDGVLTAAE,1.621998,1.1439228,0.8557,0.8973364233970642,25.974089
ZN,2,ZN_cfg2_des4,4,1,12,DADGDGVISLAE,2.0425503,0.6839915,0.8323,0.8791965246200562,22.85393
ZN,2,ZN_cfg2_des4,4,2,14,MKDGSETAACSAAE,2.0425503,4.7630024,0.8323,0.8791965246200562,28.45166
ZN,2,ZN_cfg2_des4,4,3,13,DLDGDGGSLSRAE,2.0425503,1.6382055,0.8323,0.8791965246200562,2.4577746
ZN,2,ZN_cfg2_des4,4,4,12,DANGDGVIDAAE,2.0425503,0.3854707,0.8323,0.8791965246200562,9.707057
ZN,2,ZN_cfg2_des5,5,1,12,DADGDGVISLAE,1.686854,1.2330949,0.8253,0.8562935590744019,9.790963
ZN,2,ZN_cfg2_des5,5,2,14,DPSGSTSWAHNVAA,1.686854,2.3075645,0.8253,0.8562935590744019,9.657435
ZN,2,ZN_cfg2_des5,5,3,13,DLDGDGQGLSRAE,1.686854,1.8163644,0.8253,0.8562935590744019,2.7358177
ZN,2,ZN_cfg2_des5,5,4,12,DADGDGVLTAAE,1.686854,1.1864874,0.8253,0.8562935590744019,9.551234
ZN,2,ZN_cfg2_des6,6,1,12,DADGDGVISLAE,0.9086094,0.56735814,0.849,0.8960350155830383,23.151358
ZN,2,ZN_cfg2_des6,6,2,14,QTNKDGSGTLTAEE,0.9086094,1.7279011,0.849,0.8960350155830383,28.923502
ZN,2,ZN_cfg2_des6,6,3,13,DASGGKGVLSRAE,0.9086094,1.3813369,0.849,0.8960350155830383,25.276917
ZN,2,ZN_cfg2_des6,6,4,12,DANGDGVITAAE,0.9086094,0.27702996,0.849,0.8960350155830383,9.685129
ZN,2,ZN_cfg2_des7,7,1,12,DFDGDGAISLAE,1.9572079,1.3713835,0.8305,0.8929696083068848,9.694885
ZN,2,ZN_cfg2_des7,7,2,14,QKTKDGSGTLSAEE,1.9572079,2.4462817,0.8305,0.8929696083068848,10.429033
ZN,2,ZN_cfg2_des7,7,3,13,DTDGHKTSLSRAE,1.9572079,2.3483377,0.8305,0.8929696083068848,23.230087
ZN,2,ZN_cfg2_des7,7,4,12,DANGDGVLTAAE,1.9572079,1.409,0.8305,0.8929696083068848,9.810479
ZN,2,ZN_cfg2_des8,8,1,12,DADGDGLLSRAE,1.447104,1.4661473,0.8413,0.9007462859153748,23.515219
ZN,2,ZN_cfg2_des8,8,2,14,QTDGDGSGRLSAEE,1.447104,2.4235125,0.8413,0.9007462859153748,28.871294
ZN,2,ZN_cfg2_des8,8,3,13,DTVDKDGTLSRAE,1.447104,1.1222552,0.8413,0.9007462859153748,25.992447
ZN,2,ZN_cfg2_des8,8,4,12,DADGDGALDAAE,1.447104,1.1961752,0.8413,0.9007462859153748,9.472566
ZN,2,ZN_cfg2_des9,9,1,12,DADGDGVISRAE,2.7174058,2.0046508,0.831,0.8836104273796082,22.846138
ZN,2,ZN_cfg2_des9,9,2,14,AKDGNKDALEGGTE,2.7174058,4.370034,0.831,0.8836104273796082,30.480108
ZN,2,ZN_cfg2_des9,9,3,13,DLDGDGTSLSRAE,2.7174058,1.8380141,0.831,0.8836104273796082,23.729439
ZN,2,ZN_cfg2_des9,9,4,12,DADGDGVLTAAE,2.7174058,1.8857853,0.831,0.8836104273796082,27.89025
ZN,2,ZN_cfg2_des10,10,1,12,DADGDGVISLAE,12.646759,12.484367,0.7869,0.7761176824569702,16.333014
ZN,2,ZN_cfg2_des10,10,2,14,HPNKDYSWEHTVAE,12.646759,24.155975,0.7869,0.7761176824569702,21.101486
ZN,2,ZN_cfg2_des10,10,3,13,ELDGDGKGLNKAE,12.646759,8.795252,0.7869,0.7761176824569702,21.260246
ZN,2,ZN_cfg2_des10,10,4,12,DANGDGVLTAAE,12.646759,3.3628612,0.7869,0.7761176824569702,16.80453
ZN,2,ZN_cfg2_des11,11,1,12,DADGDGVISLAE,1.673497,1.7028078,0.8233,0.8616828918457031,9.6867285
ZN,2,ZN_cfg2_des11,11,2,14,CPKPKCSFEEAAEA,1.673497,2.2594664,0.8233,0.8616828918457031,9.551425
ZN,2,ZN_cfg2_des11,11,3,13,LTGCGDGSLTKAE,1.673497,2.0150776,0.8233,0.8616828918457031,26.763489
ZN,2,ZN_cfg2_des11,11,4,12,DADGDGVLDAAE,1.673497,1.1636554,0.8233,0.8616828918457031,9.729136
ZN,2,ZN_cfg2_des12,12,1,12,DADGDGVISLAE,2.7773438,1.6202868,0.8396,0.8870393633842468,22.024261
ZN,2,ZN_cfg2_des12,12,2,14,STDPDCGGYLSAEE,2.7773438,4.340253,0.8396,0.8870393633842468,13.151597
ZN,2,ZN_cfg2_des12,12,3,13,DTCGDKTKLSRAE,2.7773438,3.8808672,0.8396,0.8870393633842468,20.593079
ZN,2,ZN_cfg2_des12,12,4,12,DADGDGVLTAAE,2.7773438,1.925201,0.8396,0.8870393633842468,9.638675
ZN,2,ZN_cfg2_des13,13,1,12,DADGDGVIDLAE,2.1272564,1.1913222,0.8285,0.8541330695152283,23.099098
ZN,2,ZN_cfg2_des13,13,2,14,NKNGEDPCRNAAEE,2.1272564,3.2059562,0.8285,0.8541330695152283,3.9818323
ZN,2,ZN_cfg2_des13,13,3,13,AGCGDTSVLSRAE,2.1272564,3.0454879,0.8285,0.8541330695152283,23.48215
ZN,2,ZN_cfg2_des13,13,4,12,DTNGDGVLTAAE,2.1272564,1.3989216,0.8285,0.8541330695152283,9.780162
ZN,2,ZN_cfg2_des14,14,1,12,DADGDGVISLAE,1.0713388,0.8213959,0.8479,0.8967372179031372,9.896592
ZN,2,ZN_cfg2_des14,14,2,14,VDPATADGTLSAEE,1.0713388,1.7770047,0.8479,0.8967372179031372,30.488005
ZN,2,ZN_cfg2_des14,14,3,13,DADGVDGALSRAE,1.0713388,1.1968532,0.8479,0.8967372179031372,2.5043561
ZN,2,ZN_cfg2_des14,14,4,12,DTDGDGVLTAAE,1.0713388,0.9833813,0.8479,0.8967372179031372,9.570382
ZN,3,ZN_cfg3_des0,0,1,15,DLTGAHAGRRISLAE,3.7852101,7.643003,0.811,0.863284170627594,9.93448
ZN,3,ZN_cfg3_des0,0,2,14,FDAPECSIEEAIEE,3.7852101,1.246908,0.811,0.863284170627594,29.13846
ZN,3,ZN_cfg3_des0,0,3,11,LNGDGVFTRAE,3.7852101,2.612595,0.811,0.863284170627594,3.0364141
ZN,3,ZN_cfg3_des0,0,4,13,DFEDGDGLLSAAE,3.7852101,1.6083663,0.811,0.863284170627594,31.602394
ZN,3,ZN_cfg3_des1,1,1,15,DLDGAGAGASVSLAE,4.7404227,10.526954,0.7985,0.8008368015289307,23.441133
ZN,3,ZN_cfg3_des1,1,2,14,DPAGSCTIEEAIEA,4.7404227,2.8948855,0.7985,0.8008368015289307,7.9092865
ZN,3,ZN_cfg3_des1,1,3,11,DDGSSVFTKAE,4.7404227,1.6939843,0.7985,0.8008368015289307,24.274643
ZN,3,ZN_cfg3_des1,1,4,13,NLCGTPDVINAAE,4.7404227,2.5024724,0.7985,0.8008368015289307,31.501066
ZN,3,ZN_cfg3_des2,2,1,15,DGGDDGGAGTISLAE,2.6321783,3.9566429,0.7919,0.797667920589447,25.415869
ZN,3,ZN_cfg3_des2,2,2,14,DPAGECSIEDAIKE,2.6321783,2.9934752,0.7919,0.797667920589447,14.993977
ZN,3,ZN_cfg3_des2,2,3,11,LNGDGKLTRAE,2.6321783,1.6608006,0.7919,0.797667920589447,23.676765
ZN,3,ZN_cfg3_des2,2,4,13,DADPARGLLSAAE,2.6321783,1.807491,0.7919,0.797667920589447,12.39848
ZN,3,ZN_cfg3_des3,3,1,15,EDGTHPGSTTVDLAE,4.9926553,11.110825,0.8201,0.854293704032898,9.994789
ZN,3,ZN_cfg3_des3,3,2,14,LAGGDGTGKLTAEE,4.9926553,1.9974102,0.8201,0.854293704032898,28.653826
ZN,3,ZN_cfg3_des3,3,3,11,SCGDGTLSRDE,4.9926553,3.5520575,0.8201,0.854293704032898,3.7684574
ZN,3,ZN_cfg3_des3,3,4,13,DTDGDGTTLSAAE,4.9926553,2.1534703,0.8201,0.854293704032898,25.888113
ZN,3,ZN_cfg3_des4,4,1,15,DLDGAAPGQTVSLAE,4.671949,10.659156,0.8345,0.8677555322647095,9.643353
ZN,3,ZN_cfg3_des4,4,2,14,AAGCTDKDVLTAEE,4.671949,1.4557134,0.8345,0.8677555322647095,30.331446
ZN,3,ZN_cfg3_des4,4,3,11,SKSGDTLSRAE,4.671949,2.3731117,0.8345,0.8677555322647095,9.251035
ZN,3,ZN_cfg3_des4,4,4,13,DLDGDGTTLSAAE,4.671949,2.051958,0.8345,0.8677555322647095,24.39298
ZN,3,ZN_cfg3_des5,5,1,15,DLTNASGDGTISLAD,1.9789531,2.4074967,0.8259,0.851625382900238,17.260023
ZN,3,ZN_cfg3_des5,5,2,14,CPADSCSMEDAAKA,1.9789531,2.0774455,0.8259,0.851625382900238,4.983401
ZN,3,ZN_cfg3_des5,5,3,11,SNGDGVLSRAE,1.9789531,2.1292462,0.8259,0.851625382900238,24.467468
ZN,3,ZN_cfg3_des5,5,4,13,LNGDGSGTISAAE,1.9789531,1.4643936,0.8259,0.851625382900238,27.098328
ZN,3,ZN_cfg3_des6,6,1,15,DTYTGANDGTISLAE,15.821016,18.876736,0.7134,0.46112489700317383,25.936491
ZN,3,ZN_cfg3_des6,6,2,14,DPEKCYSKECCIEE,15.821016,14.110321,0.7134,0.46112489700317383,4.509104
ZN,3,ZN_cfg3_des6,6,3,11,SKTDGGLTRDE,15.821016,22.855341,0.7134,0.46112489700317383,15.786011
ZN,3,ZN_cfg3_des6,6,4,13,STLDNSGKISAAE,15.821016,22.334461,0.7134,0.46112489700317383,27.786833
ZN,3,ZN_cfg3_des7,7,1,15,DFDGDGTIPHSDPSE,1.5232654,2.0705967,0.8269,0.8930156230926514,9.314679
ZN,3,ZN_cfg3_des7,7,2,14,QKDKDGSGTLSAEE,1.5232654,2.2157993,0.8269,0.8930156230926514,8.941949
ZN,3,ZN_cfg3_des7,7,3,11,SNGDGKLSRAE,1.5232654,1.7181388,0.8269,0.8930156230926514,23.303871
ZN,3,ZN_cfg3_des7,7,4,13,AAVTNDGNFGAAE,1.5232654,1.5290577,0.8269,0.8930156230926514,11.198588
ZN,3,ZN_cfg3_des8,8,1,15,DDGSCGGAGVISLAE,14.61062,16.772926,0.7049,0.463207870721817,19.27588
ZN,3,ZN_cfg3_des8,8,2,14,DPSGCTDWAHRIEE,14.61062,15.554464,0.7049,0.463207870721817,3.2603228
ZN,3,ZN_cfg3_des8,8,3,11,SKDGDGLSRDE,14.61062,22.9137,0.7049,0.463207870721817,8.465682
ZN,3,ZN_cfg3_des8,8,4,13,RADPACTTLDAAE,14.61062,14.791617,0.7049,0.463207870721817,27.466898
ZN,3,ZN_cfg3_des9,9,1,15,TGNDADGDGTISLAE,12.18932,12.936017,0.7356,0.5906768441200256,14.262371
ZN,3,ZN_cfg3_des9,9,2,14,HPNKCYTLECAIEE,12.18932,15.518535,0.7356,0.5906768441200256,5.5909615
ZN,3,ZN_cfg3_des9,9,3,11,SNGDGTFSKAE,12.18932,17.951048,0.7356,0.5906768441200256,19.302515
ZN,3,ZN_cfg3_des9,9,4,13,DTIDNDGKLNAAE,12.18932,15.109339,0.7356,0.5906768441200256,14.278394
ZN,3,ZN_cfg3_des10,10,1,15,SADGQTCSADQALAE,1.6270229,3.255059,0.8429,0.8984830379486084,23.41836
ZN,3,ZN_cfg3_des10,10,2,14,DAAGDGDGKLTAEE,1.6270229,0.9800646,0.8429,0.8984830379486084,7.7537866
ZN,3,ZN_cfg3_des10,10,3,11,SDGDGTLSRDE,1.6270229,1.7339469,0.8429,0.8984830379486084,25.947485
ZN,3,ZN_cfg3_des10,10,4,13,MAPCTDGLFTAAE,1.6270229,1.223774,0.8429,0.8984830379486084,28.358927
ZN,3,ZN_cfg3_des11,11,1,15,DVYGTDGDGTISLAE,3.012559,0.99550325,0.8297,0.8972744941711426,9.562485
ZN,3,ZN_cfg3_des11,11,2,14,NPNGTYSLEEMAKE,3.012559,4.884322,0.8297,0.8972744941711426,9.309068
ZN,3,ZN_cfg3_des11,11,3,11,SNGDGKFTKAE,3.012559,2.2514465,0.8297,0.8972744941711426,24.348112
ZN,3,ZN_cfg3_des11,11,4,13,CAPDGSGTLNAAE,3.012559,3.1244674,0.8297,0.8972744941711426,9.288619
ZN,3,ZN_cfg3_des12,12,1,15,SDGSCGDPGVISLAE,15.803952,18.65752,0.7219,0.521625280380249,7.42349
ZN,3,ZN_cfg3_des12,12,2,14,FPDGCETWACSIEQ,15.803952,23.574884,0.7219,0.521625280380249,18.52625
ZN,3,ZN_cfg3_des12,12,3,11,SKDGKGLTRDE,15.803952,12.339502,0.7219,0.521625280380249,23.583841
ZN,3,ZN_cfg3_des12,12,4,13,LDAAGDGLLNAAE,15.803952,15.171197,0.7219,0.521625280380249,11.816994
ZN,3,ZN_cfg3_des13,13,1,15,DDGSCGGNGKISLAE,2.4678652,0.7875625,0.815,0.8771286010742188,9.405046
ZN,3,ZN_cfg3_des13,13,2,14,SKDGSYTWECSIKE,2.4678652,5.5074744,0.815,0.8771286010742188,28.198929
ZN,3,ZN_cfg3_des13,13,3,11,SKDGKGLTRDE,2.4678652,3.086492,0.815,0.8771286010742188,3.262071
ZN,3,ZN_cfg3_des13,13,4,13,DSVCGDGLISAAE,2.4678652,0.8881301,0.815,0.8771286010742188,9.318785
ZN,3,ZN_cfg3_des14,14,1,15,DLDRAAKDGTISLAE,4.317076,5.2393613,0.7407,0.7265977263450623,4.35726
ZN,3,ZN_cfg3_des14,14,2,14,HPDGLYTRECNIKE,4.317076,4.9758525,0.7407,0.7265977263450623,25.325583
ZN,3,ZN_cfg3_des14,14,3,11,DKDGDGLNRAE,4.317076,3.041953,0.7407,0.7265977263450623,2.6054447
ZN,3,ZN_cfg3_des14,14,4,13,DFVDGDGKLSAAE,4.317076,3.4129922,0.7407,0.7265977263450623,26.850769
ZN,4,ZN_cfg4_des0,0,1,15,TANCATGDGKISLAE,2.2455156,2.6575937,0.8233,0.8721563816070557,3.045318
ZN,4,ZN_cfg4_des0,0,2,15,DKDGRGFFGDDAAEE,2.2455156,3.3127544,0.8233,0.8721563816070557,8.78588
ZN,4,ZN_cfg4_des0,0,3,11,SADGKGISRAE,2.2455156,2.4884174,0.8233,0.8721563816070557,15.969531
ZN,4,ZN_cfg4_des0,0,4,13,TAGCGDGKLSAAE,2.2455156,1.4539105,0.8233,0.8721563816070557,3.2115934
ZN,4,ZN_cfg4_des1,1,1,15,DITNATADGTISLAD,4.154328,6.1683874,0.8213,0.8586963415145874,20.305698
ZN,4,ZN_cfg4_des1,1,2,15,SKGLDGSGDRLTAEE,4.154328,5.7226653,0.8213,0.8586963415145874,9.868248
ZN,4,ZN_cfg4_des1,1,3,11,STCGDSLSRAE,4.154328,2.4153473,0.8213,0.8586963415145874,24.39063
ZN,4,ZN_cfg4_des1,1,4,13,DNGDGSGTLSAAE,4.154328,2.9604304,0.8213,0.8586963415145874,2.4191542
ZN,4,ZN_cfg4_des2,2,1,15,DTGADGNDGTISLAD,2.4220705,2.1824443,0.8022,0.8239783644676208,8.677541
ZN,4,ZN_cfg4_des2,2,2,15,DKDGTGSHRTDAAEE,2.4220705,3.1189163,0.8022,0.8239783644676208,28.358742
ZN,4,ZN_cfg4_des2,2,3,11,LNGDGALTKAE,2.4220705,4.4958234,0.8022,0.8239783644676208,11.158126
ZN,4,ZN_cfg4_des2,2,4,13,DLDGDGTSLSAAE,2.4220705,1.3409975,0.8022,0.8239783644676208,8.437346
ZN,4,ZN_cfg4_des3,3,1,15,STGATGDMSVISLAE,14.898834,22.433107,0.7637,0.6919662356376648,19.36874
ZN,4,ZN_cfg4_des3,3,2,15,SNGSGVCSDAEAIEE,14.898834,19.856722,0.7637,0.6919662356376648,3.4711063
ZN,4,ZN_cfg4_des3,3,3,11,SNGDGTLTKAE,14.898834,16.405842,0.7637,0.6919662356376648,23.990807
ZN,4,ZN_cfg4_des3,3,4,13,DTADGDGLLSAAE,14.898834,10.371124,0.7637,0.6919662356376648,26.11052
ZN,4,ZN_cfg4_des4,4,1,15,DTSNALGDGTIDLAE,3.472309,5.6399045,0.8034,0.8215683698654175,21.057913
ZN,4,ZN_cfg4_des4,4,2,15,DKNGSGVITAAHADE,3.472309,4.7953315,0.8034,0.8215683698654175,14.592896
ZN,4,ZN_cfg4_des4,4,3,11,SDGNGALSRAE,3.472309,3.7879303,0.8034,0.8215683698654175,26.978182
ZN,4,ZN_cfg4_des4,4,4,13,DTADGDGTLTAAE,3.472309,1.644646,0.8034,0.8215683698654175,2.3704436
ZN,4,ZN_cfg4_des5,5,1,15,DITNANADGNISLAD,4.624237,9.143869,0.8229,0.8458579778671265,18.505247
ZN,4,ZN_cfg4_des5,5,2,15,FGGKTSCSVEAAAEE,4.624237,3.2722914,0.8229,0.8458579778671265,9.385354
ZN,4,ZN_cfg4_des5,5,3,11,SNGDGEVTRAE,4.624237,2.973177,0.8229,0.8458579778671265,23.82699
ZN,4,ZN_cfg4_des5,5,4,13,DLDGSGTKLSAAE,4.624237,2.0956812,0.8229,0.8458579778671265,10.378423
ZN,4,ZN_cfg4_des6,6,1,15,RAADCPRPDAISLAE,5.568935,8.964126,0.7969,0.8127380609512329,23.417364
ZN,4,ZN_cfg4_des6,6,2,15,SCGKAKCSLDDAIKE,5.568935,5.5326242,0.7969,0.8127380609512329,5.7704835
ZN,4,ZN_cfg4_des6,6,3,11,SNGDGTLSRAE,5.568935,3.9682822,0.7969,0.8127380609512329,29.870104
ZN,4,ZN_cfg4_des6,6,4,13,DADGSGTSLSAAE,5.568935,2.2757277,0.7969,0.8127380609512329,17.327553
ZN,4,ZN_cfg4_des7,7,1,15,TGADAAGDGRISLAE,2.9970367,4.7654138,0.8175,0.8678566217422485,2.6228673
ZN,4,ZN_cfg4_des7,7,2,15,DASKAPTDTTLTAEE,2.9970367,2.0604417,0.8175,0.8678566217422485,29.208605
ZN,4,ZN_cfg4_des7,7,3,11,GTTDDTLSRAE,2.9970367,2.9615583,0.8175,0.8678566217422485,25.994368
ZN,4,ZN_cfg4_des7,7,4,13,DAACGDGKLSAAE,2.9970367,1.5248202,0.8175,0.8678566217422485,2.5739448
ZN,4,ZN_cfg4_des8,8,1,15,ASAADRAAGLVSLAE,2.080758,1.4086821,0.814,0.8572871088981628,24.044693
ZN,4,ZN_cfg4_des8,8,2,15,DTDGRGVIADSEIEE,2.080758,2.7679572,0.814,0.8572871088981628,10.608726
ZN,4,ZN_cfg4_des8,8,3,11,SNGDGTLSRAE,2.080758,2.7545707,0.814,0.8572871088981628,25.038095
ZN,4,ZN_cfg4_des8,8,4,13,SAADGDGVLNAAE,2.080758,1.0676936,0.814,0.8572871088981628,2.4363425
ZN,4,ZN_cfg4_des9,9,1,15,DACGSNTDGAADLAE,3.0132716,5.2749248,0.7878,0.8212488293647766,22.878761
ZN,4,ZN_cfg4_des9,9,2,15,DKNGKGVFTADESYE,3.0132716,2.962516,0.7878,0.8212488293647766,9.523696
ZN,4,ZN_cfg4_des9,9,3,11,SNGCGGLSRAE,3.0132716,3.7485714,0.7878,0.8212488293647766,27.232864
ZN,4,ZN_cfg4_des9,9,4,13,VAVDGDGALTAAE,3.0132716,1.5796154,0.7878,0.8212488293647766,2.3332472
ZN,4,ZN_cfg4_des10,10,1,15,DLDGASGGTTISLAD,2.7231493,3.7457206,0.7814,0.7855178117752075,9.581836
ZN,4,ZN_cfg4_des10,10,2,15,HPNGDFCSWEEAIEE,2.7231493,2.7172506,0.7814,0.7855178117752075,29.155737
ZN,4,ZN_cfg4_des10,10,3,11,SDGCGGLSRAE,2.7231493,2.4606042,0.7814,0.7855178117752075,3.3852494
ZN,4,ZN_cfg4_des10,10,4,13,SDGSGDGVLTAAE,2.7231493,2.1071153,0.7814,0.7855178117752075,24.419912
ZN,4,ZN_cfg4_des11,11,1,15,DGDAAAASGTISLAE,3.6267867,6.24699,0.8187,0.8506602644920349,21.418543
ZN,4,ZN_cfg4_des11,11,2,15,DVNKSGVITADEAGE,3.6267867,3.3479116,0.8187,0.8506602644920349,10.540297
ZN,4,ZN_cfg4_des11,11,3,11,DGGSGSISRAE,3.6267867,3.6814528,0.8187,0.8506602644920349,14.937512
ZN,4,ZN_cfg4_des11,11,4,13,DTDGGDGVLSAAE,3.6267867,1.79865,0.8187,0.8506602644920349,2.3437788
ZN,4,ZN_cfg4_des12,12,1,15,TGVCTRGDGRLHLAE,2.6501346,3.0537186,0.8024,0.8322516679763794,4.055544
ZN,4,ZN_cfg4_des12,12,2,15,DADGTGAHTSNAAEE,2.6501346,3.1499662,0.8024,0.8322516679763794,28.801512
ZN,4,ZN_cfg4_des12,12,3,11,LNGDGALTKAE,2.6501346,4.0812182,0.8024,0.8322516679763794,9.483036
ZN,4,ZN_cfg4_des12,12,4,13,DTDPAAGALTAAE,2.6501346,1.3265046,0.8024,0.8322516679763794,26.414864
ZN,4,ZN_cfg4_des13,13,1,15,ARDAPAGATTISLAE,4.0279737,8.519015,0.8188,0.8467104434967041,9.303437
ZN,4,ZN_cfg4_des13,13,2,15,TGGKTDCPLDDAIKE,4.0279737,2.4484367,0.8188,0.8467104434967041,28.997427
ZN,4,ZN_cfg4_des13,13,3,11,CSCGTSLSRAE,4.0279737,2.5372112,0.8188,0.8467104434967041,3.8818722
ZN,4,ZN_cfg4_des13,13,4,13,DGCGSGTSLSTAE,4.0279737,2.4165683,0.8188,0.8467104434967041,25.799372
ZN,4,ZN_cfg4_des14,14,1,15,QTCGQGQNGQISLAD,2.5284638,3.6573937,0.8086,0.8295758366584778,20.135727
ZN,4,ZN_cfg4_des14,14,2,15,DKNGKGVITAAEADE,2.5284638,2.9127223,0.8086,0.8295758366584778,3.0965242
ZN,4,ZN_cfg4_des14,14,3,11,SGGSGSLSRAE,2.5284638,3.2379053,0.8086,0.8295758366584778,24.219633
ZN,4,ZN_cfg4_des14,14,4,13,DTCGGNGLLSAAE,2.5284638,1.4452039,0.8086,0.8295758366584778,12.467244
FE,0,FE_cfg0_des0,0,1,14,DLEGRGDGTISLAE,1.0258673,1.2791224,0.8461,0.9089704155921936,3.0974538
FE,0,FE_cfg0_des0,0,2,10,SSDGVLTAEE,1.0258673,0.7508101,0.8461,0.9089704155921936,29.739267
FE,0,FE_cfg0_des0,0,3,13,DLDGDGKGLSREE,1.0258673,1.0750278,0.8461,0.9089704155921936,2.607688
FE,0,FE_cfg0_des0,0,4,11,SADGTHLDAAE,1.0258673,1.2798678,0.8461,0.9089704155921936,25.88265
FE,0,FE_cfg0_des1,1,1,14,DLERDGDGEIHLEE,1.812728,2.798274,0.835,0.8984442353248596,22.998919
FE,0,FE_cfg0_des1,1,2,10,SSDGVLTAEE,1.812728,1.6828105,0.835,0.8984442353248596,9.486804
FE,0,FE_cfg0_des1,1,3,13,DKDGGDGELTREE,1.812728,1.620594,0.835,0.8984442353248596,24.518167
FE,0,FE_cfg0_des1,1,4,11,SNGDGALSAAE,1.812728,1.249258,0.835,0.8984442353248596,9.410498
FE,0,FE_cfg0_des2,2,1,14,DLEGRGDGTISLAE,3.364211,2.9244258,0.8258,0.8879688382148743,6.008717
FE,0,FE_cfg0_des2,2,2,10,SSCGYLTAED,3.364211,2.0379202,0.8258,0.8879688382148743,26.834715
FE,0,FE_cfg0_des2,2,3,13,DLCGDKTHLSREE,3.364211,5.6687746,0.8258,0.8879688382148743,4.279371
FE,0,FE_cfg0_des2,2,4,11,DDGSGELSAAE,3.364211,1.5260264,0.8258,0.8879688382148743,31.890676
FE,0,FE_cfg0_des3,3,1,14,DLDGRGDGTISLAE,1.415402,1.529793,0.8361,0.9003581404685974,28.158175
FE,0,FE_cfg0_des3,3,2,10,SSDGVLEAEE,1.415402,1.3973954,0.8361,0.9003581404685974,9.07743
FE,0,FE_cfg0_des3,3,3,13,DKHGGDGELSREE,1.415402,2.1324956,0.8361,0.9003581404685974,26.90165
FE,0,FE_cfg0_des3,3,4,11,SDGDDELTAAE,1.415402,1.5695331,0.8361,0.9003581404685974,7.840986
FE,0,FE_cfg0_des4,4,1,14,DLDGAAPGTISLPE,0.9478187,0.7266302,0.8386,0.9004994630813599,25.37272
FE,0,FE_cfg0_des4,4,2,10,SSDGVLTPEE,0.9478187,1.1805795,0.8386,0.9004994630813599,10.465836
FE,0,FE_cfg0_des4,4,3,13,DKCGSGKYLTREE,0.9478187,0.98379683,0.8386,0.9004994630813599,23.217728
FE,0,FE_cfg0_des4,4,4,11,ANGGDHLTAAE,0.9478187,1.2106541,0.8386,0.9004994630813599,29.347443
FE,0,FE_cfg0_des5,5,1,14,ELDGDGDGTISLPE,1.1532621,1.3600911,0.8269,0.8887119889259338,23.150414
FE,0,FE_cfg0_des5,5,2,10,SSDGVLSVED,1.1532621,1.1455593,0.8269,0.8887119889259338,9.950921
FE,0,FE_cfg0_des5,5,3,13,DLDGHEGEMSREE,1.1532621,1.466179,0.8269,0.8887119889259338,25.056189
FE,0,FE_cfg0_des5,5,4,11,STCGTTISAAE,1.1532621,0.94748133,0.8269,0.8887119889259338,8.999942
FE,0,FE_cfg0_des6,6,1,14,DLERDGDGEISLAE,1.0413706,1.4578633,0.8411,0.9020342230796814,26.243027
FE,0,FE_cfg0_des6,6,2,10,ADDDELTAEE,1.0413706,1.4962453,0.8411,0.9020342230796814,7.917627
FE,0,FE_cfg0_des6,6,3,13,DTEDHDGTLSREE,1.0413706,0.8528189,0.8411,0.9020342230796814,23.561487
FE,0,FE_cfg0_des6,6,4,11,SDDGTSLTAAE,1.0413706,0.8992932,0.8411,0.9020342230796814,6.576694
FE,0,FE_cfg0_des7,7,1,14,DADGDRTIEHARAE,1.0674217,1.4031868,0.8309,0.8822375535964966,23.43313
FE,0,FE_cfg0_des7,7,2,10,SSDGELSAEE,1.0674217,1.0553303,0.8309,0.8822375535964966,30.151497
FE,0,FE_cfg0_des7,7,3,13,DLDGHGGTLSREE,1.0674217,1.1351111,0.8309,0.8822375535964966,23.133047
FE,0,FE_cfg0_des7,7,4,11,DNGDGEFTDAE,1.0674217,0.82400084,0.8309,0.8822375535964966,11.645184
FE,0,FE_cfg0_des8,8,1,14,ELDGAGDGTISLEE,1.8411582,2.3869948,0.8338,0.8771399259567261,23.51602
FE,0,FE_cfg0_des8,8,2,10,ADDDVLTAEE,1.8411582,2.0676827,0.8338,0.8771399259567261,9.959342
FE,0,FE_cfg0_des8,8,3,13,MANPEDGVLEREE,1.8411582,1.5413055,0.8338,0.8771399259567261,24.02414
FE,0,FE_cfg0_des8,8,4,11,SDGSGEISAAE,1.8411582,1.1438384,0.8338,0.8771399259567261,4.855915
FE,0,FE_cfg0_des9,9,1,14,DLDGDGSGEISLPE,1.2646621,1.2376575,0.8264,0.8857184052467346,3.002658
FE,0,FE_cfg0_des9,9,2,10,SSDGLLSAEE,1.2646621,2.0802884,0.8264,0.8857184052467346,29.79464
FE,0,FE_cfg0_des9,9,3,13,SKCGSKTHLSREE,1.2646621,1.7418712,0.8264,0.8857184052467346,9.66664
FE,0,FE_cfg0_des9,9,4,11,SDGSGVLSAAE,1.2646621,0.93885297,0.8264,0.8857184052467346,10.578578
FE,0,FE_cfg0_des10,10,1,14,DLERRGDGVIHLEE,2.328869,3.332813,0.8281,0.8503562808036804,22.895521
FE,0,FE_cfg0_des10,10,2,10,SSDGHLTAED,2.328869,1.0660124,0.8281,0.8503562808036804,10.902179
FE,0,FE_cfg0_des10,10,3,13,DKCGKEGELERPE,2.328869,3.1358507,0.8281,0.8503562808036804,25.900223
FE,0,FE_cfg0_des10,10,4,11,SDGDGYIDPAE,2.328869,1.0834486,0.8281,0.8503562808036804,6.429334
FE,0,FE_cfg0_des11,11,1,14,DLERDGDGKISLAE,1.0202653,1.4235822,0.8296,0.8880228996276855,23.256554
FE,0,FE_cfg0_des11,11,2,10,ASDGELSAEE,1.0202653,0.89907897,0.8296,0.8880228996276855,29.795235
FE,0,FE_cfg0_des11,11,3,13,DYDGKSDTLSREE,1.0202653,1.791877,0.8296,0.8880228996276855,24.967604
FE,0,FE_cfg0_des11,11,4,11,SDGDGEISAAE,1.0202653,0.59661025,0.8296,0.8880228996276855,7.580988
FE,0,FE_cfg0_des12,12,1,14,DLLGDGDGTISLEE,0.8982592,0.97021896,0.8399,0.9011209011077881,23.150276
FE,0,FE_cfg0_des12,12,2,10,SSDGVLTAED,0.8982592,0.82798,0.8399,0.9011209011077881,8.937226
FE,0,FE_cfg0_des12,12,3,13,DLDGDGTHLSREE,0.8982592,1.2849705,0.8399,0.9011209011077881,23.18498
FE,0,FE_cfg0_des12,12,4,11,STCGTHVSAAE,0.8982592,0.89523304,0.8399,0.9011209011077881,8.896908
FE,0,FE_cfg0_des13,13,1,14,ELDGRGDGTISLEE,1.7549678,2.8795536,0.8309,0.9042133092880249,9.084987
FE,0,FE_cfg0_des13,13,2,10,SSDGILTAEE,1.7549678,1.7961465,0.8309,0.9042133092880249,27.000557
FE,0,FE_cfg0_des13,13,3,13,DADGDGKGLSRPE,1.7549678,1.1852676,0.8309,0.9042133092880249,2.929969
FE,0,FE_cfg0_des13,13,4,11,DDGSGELDAAE,1.7549678,0.9247606,0.8309,0.9042133092880249,26.325556
FE,0,FE_cfg0_des14,14,1,14,DLDGRGDGTISLEE,0.7772128,0.89079905,0.8468,0.9107884168624878,24.5483
FE,0,FE_cfg0_des14,14,2,10,SSDGTLSAEE,0.7772128,0.68547744,0.8468,0.9107884168624878,9.417161
FE,0,FE_cfg0_des14,14,3,13,DTEHHDGTLSREE,0.7772128,1.0787921,0.8468,0.9107884168624878,23.115976
FE,0,FE_cfg0_des14,14,4,11,SDGSGEISAAE,0.7772128,0.902699,0.8468,0.9107884168624878,7.6721816
FE,1,FE_cfg1_des0,0,1,15,DFDGDATSHEARRAE,12.464031,13.90742,0.7466,0.5699983239173889,3.1633224
FE,1,FE_cfg1_des0,0,2,14,DPDGLRTPEHMREE,12.464031,8.980158,0.7466,0.5699983239173889,21.216412
FE,1,FE_cfg1_des0,0,3,13,DADGLGGIHTLEE,12.464031,18.28321,0.7466,0.5699983239173889,12.0680895
FE,1,FE_cfg1_des0,0,4,10,MAGQSSFAAA,12.464031,20.197617,0.7466,0.5699983239173889,20.311913
FE,1,FE_cfg1_des1,1,1,15,DVVNVYRDGRISLED,3.324687,5.3669744,0.8076,0.8761188387870789,22.349213
FE,1,FE_cfg1_des1,1,2,14,DSNADGDGELSAEE,3.324687,3.161845,0.8076,0.8761188387870789,29.413826
FE,1,FE_cfg1_des1,1,3,13,DADGGTDHLSREE,3.324687,2.1999233,0.8076,0.8761188387870789,9.168842
FE,1,FE_cfg1_des1,1,4,10,STCGLISAAE,3.324687,1.2666895,0.8076,0.8761188387870789,12.462864
FE,1,FE_cfg1_des2,2,1,15,DGACSSGCGGLSLEE,10.684504,14.836001,0.7432,0.5494551658630371,22.415796
FE,1,FE_cfg1_des2,2,2,14,CPSGFFTPEDGVEE,10.684504,8.768656,0.7432,0.5494551658630371,4.8502765
FE,1,FE_cfg1_des2,2,3,13,DGCGVPGCMSREE,10.684504,9.244301,0.7432,0.5494551658630371,19.020187
FE,1,FE_cfg1_des2,2,4,10,EATSSDTAAE,10.684504,9.845208,0.7432,0.5494551658630371,7.5712056
FE,1,FE_cfg1_des3,3,1,15,DLDGVAGDDTISLEE,1.3064685,1.8050687,0.8275,0.8841794729232788,27.469625
FE,1,FE_cfg1_des3,3,2,14,SGACGAGDHLTAEE,1.3064685,1.665674,0.8275,0.8841794729232788,6.5997386
FE,1,FE_cfg1_des3,3,3,13,DTHPSRDHLDREE,1.3064685,1.4025238,0.8275,0.8841794729232788,23.199701
FE,1,FE_cfg1_des3,3,4,10,SDGDEISAAE,1.3064685,0.9426417,0.8275,0.8841794729232788,26.846113
FE,1,FE_cfg1_des4,4,1,15,DADGDLGDVAALRAE,6.1797504,8.948404,0.7566,0.6796380877494812,27.428488
FE,1,FE_cfg1_des4,4,2,14,RDPNCPSGELSAEE,6.1797504,3.6338508,0.7566,0.6796380877494812,4.547079
FE,1,FE_cfg1_des4,4,3,13,SRCGHKDSLTREE,6.1797504,3.6867263,0.7566,0.6796380877494812,3.9934227
FE,1,FE_cfg1_des4,4,4,10,DDPSQSAAEE,6.1797504,6.198187,0.7566,0.6796380877494812,13.574742
FE,1,FE_cfg1_des5,5,1,15,DSDGTGADSELSLEE,11.288235,17.214027,0.7136,0.5491456389427185,4.1063666
FE,1,FE_cfg1_des5,5,2,14,DPAGECTFKAAVEE,11.288235,7.4349723,0.7136,0.5491456389427185,3.7411234
FE,1,FE_cfg1_des5,5,3,13,EAGDGSGKFTREE,11.288235,11.608599,0.7136,0.5491456389427185,24.061745
FE,1,FE_cfg1_des5,5,4,10,EDPSLSSAEE,11.288235,14.022204,0.7136,0.5491456389427185,18.63272
FE,1,FE_cfg1_des6,6,1,15,DADGRGVISADSRWE,2.2654293,3.5075057,0.8062,0.8578646779060364,9.4204235
FE,1,FE_cfg1_des6,6,2,14,QTDGKGDGELSAEE,2.2654293,2.55456,0.8062,0.8578646779060364,25.96659
FE,1,FE_cfg1_des6,6,3,13,DFEDGDGTLSREE,2.2654293,1.601433,0.8062,0.8578646779060364,3.312913
FE,1,FE_cfg1_des6,6,4,10,STDGHIDAAE,2.2654293,2.4842122,0.8062,0.8578646779060364,27.260027
FE,1,FE_cfg1_des7,7,1,15,DLSGASGGRRISLEE,3.8378794,7.375218,0.8121,0.8760204315185547,26.222391
FE,1,FE_cfg1_des7,7,2,14,AKCGKNPDELEAEE,3.8378794,2.4049146,0.8121,0.8760204315185547,8.284493
FE,1,FE_cfg1_des7,7,3,13,DGCGSGTHLSREE,3.8378794,2.5162299,0.8121,0.8760204315185547,24.12398
FE,1,FE_cfg1_des7,7,4,10,DPDGEVSAAE,3.8378794,1.1841649,0.8121,0.8760204315185547,3.0297425
FE,1,FE_cfg1_des8,8,1,15,DFDHDGTEDALDLDE,2.4726048,4.779684,0.8212,0.860977292060852,22.974508
FE,1,FE_cfg1_des8,8,2,14,DAVCGGDGVLTAEE,2.4726048,1.513609,0.8212,0.860977292060852,9.519187
FE,1,FE_cfg1_des8,8,3,13,DTIHGDGTLDREE,2.4726048,1.7243525,0.8212,0.860977292060852,24.144724
FE,1,FE_cfg1_des8,8,4,10,TAGAADGATA,2.4726048,1.2653154,0.8212,0.860977292060852,14.666252
FE,1,FE_cfg1_des9,9,1,15,DADGLREHDAAALAE,2.5688381,5.5803404,0.8194,0.8626415729522705,26.080473
FE,1,FE_cfg1_des9,9,2,14,NAGCEDRSVLHAEE,2.5688381,0.8771794,0.8194,0.8626415729522705,4.13819
FE,1,FE_cfg1_des9,9,3,13,DACGSGTHLSREE,2.5688381,1.2457769,0.8194,0.8626415729522705,5.468523
FE,1,FE_cfg1_des9,9,4,10,TAGQSSVEAA,2.5688381,2.1404774,0.8194,0.8626415729522705,28.512459
FE,1,FE_cfg1_des10,10,1,15,DLDGDGDLSHLSLEE,2.670095,5.1492586,0.8162,0.8243786096572876,24.716005
FE,1,FE_cfg1_des10,10,2,14,CPEKCFTKEHSIEA,2.670095,1.8794332,0.8162,0.8243786096572876,5.793392
FE,1,FE_cfg1_des10,10,3,13,DTEHGDGGLSREE,2.670095,2.6005042,0.8162,0.8243786096572876,3.1630518
FE,1,FE_cfg1_des10,10,4,10,EEGASSGVAA,2.670095,1.4122273,0.8162,0.8243786096572876,11.195369
FE,1,FE_cfg1_des11,11,1,15,DADGDAGDVAAARAE,9.311735,16.510971,0.7312,0.484689325094223,4.4842386
FE,1,FE_cfg1_des11,11,2,14,HPDKCYTWDCDVAE,9.311735,6.5320673,0.7312,0.484689325094223,16.548586
FE,1,FE_cfg1_des11,11,3,13,DLRKDGGGLSREE,9.311735,4.991328,0.7312,0.484689325094223,11.265119
FE,1,FE_cfg1_des11,11,4,10,DDPSQSLADE,9.311735,7.192914,0.7312,0.484689325094223,25.684021
FE,1,FE_cfg1_des12,12,1,15,DADGTPEDDAHRRVE,13.17492,8.202823,0.736,0.550197184085846,11.883896
FE,1,FE_cfg1_des12,12,2,14,ATDPETPDELSAEE,13.17492,15.475508,0.736,0.550197184085846,24.353422
FE,1,FE_cfg1_des12,12,3,13,DTCAHDGYLSREE,13.17492,14.366395,0.736,0.550197184085846,4.8923182
FE,1,FE_cfg1_des12,12,4,10,TAGQASGAAA,13.17492,18.95231,0.736,0.550197184085846,25.476831
FE,1,FE_cfg1_des13,13,1,15,DADGDLDDHAARLAE,6.499121,8.846067,0.7575,0.7253735065460205,26.228987
FE,1,FE_cfg1_des13,13,2,14,DTDRDGSGELSAEE,6.499121,1.8594471,0.7575,0.7253735065460205,2.6746235
FE,1,FE_cfg1_des13,13,3,13,DTVDRNGTLSREE,6.499121,4.2823157,0.7575,0.7253735065460205,25.710993
FE,1,FE_cfg1_des13,13,4,10,EAGASSLEAA,6.499121,5.4980907,0.7575,0.7253735065460205,8.631793
FE,1,FE_cfg1_des14,14,1,15,DPDGDTTDVAHLRAE,11.473882,8.511055,0.739,0.5518698692321777,14.011205
FE,1,FE_cfg1_des14,14,2,14,NPDGCMSLEHMIEE,11.473882,15.946114,0.739,0.5518698692321777,4.7704196
FE,1,FE_cfg1_des14,14,3,13,DYCKDGTEFTKEE,11.473882,19.005047,0.739,0.5518698692321777,23.53633
FE,1,FE_cfg1_des14,14,4,10,DDGSGDAAAE,11.473882,11.07841,0.739,0.5518698692321777,13.566349
FE,2,FE_cfg2_des0,0,1,10,GADGTISLEE,1.6492966,1.9693546,0.8564,0.9073964953422546,9.875606
FE,2,FE_cfg2_des0,0,2,12,DVNGDGVLTAEE,1.6492966,0.7166066,0.8564,0.9073964953422546,29.628141
FE,2,FE_cfg2_des0,0,3,12,DADGDGELSREE,1.6492966,1.1849766,0.8564,0.9073964953422546,2.4008524
FE,2,FE_cfg2_des0,0,4,11,SDGDGVLDAAE,1.6492966,1.4416542,0.8564,0.9073964953422546,29.53839
FE,2,FE_cfg2_des1,1,1,10,DSGDGDALAE,1.3419223,1.6247635,0.8445,0.9002419114112854,2.7218454
FE,2,FE_cfg2_des1,1,2,12,DVNKDGTLSAEE,1.3419223,0.4274542,0.8445,0.9002419114112854,26.799591
FE,2,FE_cfg2_des1,1,3,12,DADGDGELSREE,1.3419223,0.84553504,0.8445,0.9002419114112854,7.8804574
FE,2,FE_cfg2_des1,1,4,11,TADPSLSPAEE,1.3419223,2.3164513,0.8445,0.9002419114112854,26.893187
FE,2,FE_cfg2_des2,2,1,10,SADGLLSLPE,0.7639704,0.6338768,0.8565,0.9194907546043396,24.365381
FE,2,FE_cfg2_des2,2,2,12,DVNGDGVLNAEE,0.7639704,0.6856889,0.8565,0.9194907546043396,9.564552
FE,2,FE_cfg2_des2,2,3,12,DADGDGELDREE,0.7639704,0.8939801,0.8565,0.9194907546043396,8.2026825
FE,2,FE_cfg2_des2,2,4,11,AQGGTALDAAE,0.7639704,1.2101544,0.8565,0.9194907546043396,9.40929
FE,2,FE_cfg2_des3,3,1,10,GACGTISLEE,1.6355464,1.5259771,0.8495,0.9033260941505432,5.6371484
FE,2,FE_cfg2_des3,3,2,12,DVNGDGVLTAEE,1.6355464,1.0426514,0.8495,0.9033260941505432,30.042025
FE,2,FE_cfg2_des3,3,3,12,DADGDGELSREE,1.6355464,1.3494624,0.8495,0.9033260941505432,2.3256433
FE,2,FE_cfg2_des3,3,4,11,SADGVELDAAE,1.6355464,1.4383075,0.8495,0.9033260941505432,29.512915
FE,2,FE_cfg2_des4,4,1,10,GADGTISLEE,1.3978075,2.1188972,0.8457,0.9051759839057922,23.169046
FE,2,FE_cfg2_des4,4,2,12,DVNGDGVLTAEE,1.3978075,0.63199836,0.8457,0.9051759839057922,30.864717
FE,2,FE_cfg2_des4,4,3,12,DADGDGELDREE,1.3978075,1.0269264,0.8457,0.9051759839057922,8.8457985
FE,2,FE_cfg2_des4,4,4,11,SGGDDALDAAE,1.3978075,1.3085884,0.8457,0.9051759839057922,29.60662
FE,2,FE_cfg2_des5,5,1,10,SSDGEISLEE,0.9103272,0.9996815,0.8558,0.9186559915542603,24.575327
FE,2,FE_cfg2_des5,5,2,12,DVNGDGVLTAEE,0.9103272,0.84339833,0.8558,0.9186559915542603,9.72236
FE,2,FE_cfg2_des5,5,3,12,DADGDGVLSREE,0.9103272,0.93363225,0.8558,0.9186559915542603,9.850693
FE,2,FE_cfg2_des5,5,4,11,SGGDDTLTAAE,0.9103272,1.041512,0.8558,0.9186559915542603,8.528593
FE,2,FE_cfg2_des6,6,1,10,GADGEISLEE,1.6365076,1.8160007,0.8458,0.9106775522232056,28.273932
FE,2,FE_cfg2_des6,6,2,12,DTNGDGVLTAEE,1.6365076,0.85420495,0.8458,0.9106775522232056,2.3523054
FE,2,FE_cfg2_des6,6,3,12,DADGDGELSREE,1.6365076,1.0383317,0.8458,0.9106775522232056,24.34456
FE,2,FE_cfg2_des6,6,4,11,SDGSGTISAAE,1.6365076,1.2150204,0.8458,0.9106775522232056,26.862785
FE,2,FE_cfg2_des7,7,1,10,SDDGTISLEE,0.67544764,0.84192795,0.8515,0.91632080078125,23.332682
FE,2,FE_cfg2_des7,7,2,12,DVNGDGVLTAEE,0.67544764,0.46246037,0.8515,0.91632080078125,2.4797304
FE,2,FE_cfg2_des7,7,3,12,DADGDGELDREE,0.67544764,0.9575494,0.8515,0.91632080078125,24.895369
FE,2,FE_cfg2_des7,7,4,11,SADGTELDAAE,0.67544764,0.7334897,0.8515,0.91632080078125,7.5294814
FE,2,FE_cfg2_des8,8,1,10,GSDGTISLEE,1.0359892,1.2463237,0.8526,0.9056223630905151,9.026383
FE,2,FE_cfg2_des8,8,2,12,DVNGDGVLTAEE,1.0359892,0.71320975,0.8526,0.9056223630905151,32.480473
FE,2,FE_cfg2_des8,8,3,12,DADGDGELSREE,1.0359892,0.9707821,0.8526,0.9056223630905151,2.3718672
FE,2,FE_cfg2_des8,8,4,11,SDGDGELDAAE,1.0359892,1.4472902,0.8526,0.9056223630905151,29.460978
FE,2,FE_cfg2_des9,9,1,10,GADGTISLEE,1.760396,2.67955,0.8437,0.905261754989624,23.107199
FE,2,FE_cfg2_des9,9,2,12,DTDGDGVLTAEE,1.760396,0.9155901,0.8437,0.905261754989624,9.8246355
FE,2,FE_cfg2_des9,9,3,12,DADGDGELDREE,1.760396,1.4994862,0.8437,0.905261754989624,9.185043
FE,2,FE_cfg2_des9,9,4,11,SDGGPTLTAAE,1.760396,1.6881235,0.8437,0.905261754989624,29.48194
FE,2,FE_cfg2_des10,10,1,10,GADGTIDLAE,1.4720755,1.8195779,0.8464,0.9020583033561707,23.457579
FE,2,FE_cfg2_des10,10,2,12,DVNGDGVLTAEE,1.4720755,0.71425015,0.8464,0.9020583033561707,8.414354
FE,2,FE_cfg2_des10,10,3,12,DADGDGELDREE,1.4720755,0.71629846,0.8464,0.9020583033561707,22.734499
FE,2,FE_cfg2_des10,10,4,11,SADGTELSAAE,1.4720755,0.8526749,0.8464,0.9020583033561707,29.052208
FE,2,FE_cfg2_des11,11,1,10,SSDGELELEE,1.0309023,1.0370239,0.8465,0.9145517945289612,23.964966
FE,2,FE_cfg2_des11,11,2,12,DVNRDGVLTAEE,1.0309023,0.7598668,0.8465,0.9145517945289612,5.7876763
FE,2,FE_cfg2_des11,11,3,12,DADGDGELSREE,1.0309023,0.9335415,0.8465,0.9145517945289612,2.3987098
FE,2,FE_cfg2_des11,11,4,11,SPDGVALTAAE,1.0309023,1.7193141,0.8465,0.9145517945289612,30.84028
FE,2,FE_cfg2_des12,12,1,10,GADGLISLEE,1.0828502,1.7261459,0.8588,0.9146133065223694,8.9444475
FE,2,FE_cfg2_des12,12,2,12,DVNGDGVLSAEE,1.0828502,0.5976598,0.8588,0.9146133065223694,27.027382
FE,2,FE_cfg2_des12,12,3,12,DADGDGVLSREE,1.0828502,0.99204797,0.8588,0.9146133065223694,9.743051
FE,2,FE_cfg2_des12,12,4,11,SGGGSALDAAE,1.0828502,1.2472166,0.8588,0.9146133065223694,26.507334
FE,2,FE_cfg2_des13,13,1,10,SSDGTISLEE,1.0904863,2.0210776,0.8621,0.9190364480018616,26.91674
FE,2,FE_cfg2_des13,13,2,12,DVNGDGVLTAEE,1.0904863,0.4953588,0.8621,0.9190364480018616,2.4045846
FE,2,FE_cfg2_des13,13,3,12,DADGDGVLSREE,1.0904863,0.90026015,0.8621,0.9190364480018616,2.354935
FE,2,FE_cfg2_des13,13,4,11,SGGGSTLTAAE,1.0904863,1.059949,0.8621,0.9190364480018616,7.75914
FE,2,FE_cfg2_des14,14,1,10,SDDGTISLEE,1.1843694,1.6074977,0.8599,0.9201502799987793,2.9647753
FE,2,FE_cfg2_des14,14,2,12,DVNGDGELSAEE,1.1843694,0.7300252,0.8599,0.9201502799987793,29.452833
FE,2,FE_cfg2_des14,14,3,12,DADGDGVLSREE,1.1843694,1.2211832,0.8599,0.9201502799987793,9.589103
FE,2,FE_cfg2_des14,14,4,11,DDGSGHLTAAE,1.1843694,1.2258122,0.8599,0.9201502799987793,26.716852
FE,3,FE_cfg3_des0,0,1,13,DTVDGDGEISLEE,1.1849751,0.777449,0.8447,0.9112366437911987,2.438675
FE,3,FE_cfg3_des0,0,2,13,DNGDGSGKLSAEE,1.1849751,1.7215402,0.8447,0.9112366437911987,28.850153
FE,3,FE_cfg3_des0,0,3,15,DTGCPAGDGTLSRAE,1.1849751,2.0455017,0.8447,0.9112366437911987,2.6920907
FE,3,FE_cfg3_des0,0,4,15,DGALGLNDGVLNAAE,1.1849751,0.8830346,0.8447,0.9112366437911987,29.523008
FE,3,FE_cfg3_des1,1,1,13,DLDGVDGTISLEE,1.1740345,1.3423712,0.8496,0.9035110473632812,2.545262
FE,3,FE_cfg3_des1,1,2,13,DTDGVDGVLTAEE,1.1740345,1.7087086,0.8496,0.9035110473632812,31.048529
FE,3,FE_cfg3_des1,1,3,15,STGAVCGGTALSRAE,1.1740345,1.7318908,0.8496,0.9035110473632812,10.045349
FE,3,FE_cfg3_des1,1,4,15,AATCPTGDGTLDAAS,1.1740345,0.8297546,0.8496,0.9035110473632812,33.937252
FE,3,FE_cfg3_des2,2,1,13,STCDADGTISLEE,1.605952,2.304739,0.8143,0.8814130425453186,7.166695
FE,3,FE_cfg3_des2,2,2,13,STDGVPGVLSADE,1.605952,2.067141,0.8143,0.8814130425453186,30.997892
FE,3,FE_cfg3_des2,2,3,15,ASAEHRELGLLSREE,1.605952,1.2110759,0.8143,0.8814130425453186,12.877956
FE,3,FE_cfg3_des2,2,4,15,TASCPAGDGTLDAAE,1.605952,1.126855,0.8143,0.8814130425453186,9.07248
FE,3,FE_cfg3_des3,3,1,13,DFDGDGKGISLEE,2.0129614,1.2925302,0.8131,0.8784882426261902,8.835168
FE,3,FE_cfg3_des3,3,2,13,SKVCGDGLLSAEE,2.0129614,1.5129435,0.8131,0.8784882426261902,29.943254
FE,3,FE_cfg3_des3,3,3,15,DFEHGEGSGLLSREE,2.0129614,3.355378,0.8131,0.8784882426261902,9.265353
FE,3,FE_cfg3_des3,3,4,15,DAVDGRGDGLITAEE,2.0129614,1.1549941,0.8131,0.8784882426261902,9.646201
FE,3,FE_cfg3_des4,4,1,13,DTLDDDGTISLEE,3.705418,3.8434556,0.8037,0.8546503782272339,2.972646
FE,3,FE_cfg3_des4,4,2,13,VAQDGDGVLTAEE,3.705418,2.6482499,0.8037,0.8546503782272339,31.66331
FE,3,FE_cfg3_des4,4,3,15,DLDGRHGGKALSREE,3.705418,6.84085,0.8037,0.8546503782272339,9.50827
FE,3,FE_cfg3_des4,4,4,15,TAACPLADGTINAAA,3.705418,2.5986342,0.8037,0.8546503782272339,27.012548
FE,3,FE_cfg3_des5,5,1,13,DFLDGDGTISLEE,1.099824,0.7584617,0.8363,0.8971866965293884,23.426344
FE,3,FE_cfg3_des5,5,2,13,DAADGCGHLSAEE,1.099824,0.9056722,0.8363,0.8971866965293884,6.596634
FE,3,FE_cfg3_des5,5,3,15,DTICGDGELELSREE,1.099824,1.8559483,0.8363,0.8971866965293884,23.185736
FE,3,FE_cfg3_des5,5,4,15,TAGCPAGDGTLSAAE,1.099824,1.1223025,0.8363,0.8971866965293884,29.252449
FE,3,FE_cfg3_des6,6,1,13,DTEHGDGTISLAE,1.6499943,0.814307,0.8337,0.8928959369659424,24.264977
FE,3,FE_cfg3_des6,6,2,13,VKTPGHGALSAEE,1.6499943,1.1929048,0.8337,0.8928959369659424,30.00737
FE,3,FE_cfg3_des6,6,3,15,TGFCGDGDGELDREA,1.6499943,1.9898665,0.8337,0.8928959369659424,26.61408
FE,3,FE_cfg3_des6,6,4,15,EAVCPAADGTLDAAE,1.6499943,1.180334,0.8337,0.8928959369659424,8.5965395
FE,3,FE_cfg3_des7,7,1,13,DLDAGDGTISLEE,1.3658824,0.6426323,0.8232,0.8797208070755005,25.667635
FE,3,FE_cfg3_des7,7,2,13,DKDGDGTHLSAEE,1.3658824,0.79810864,0.8232,0.8797208070755005,9.489924
FE,3,FE_cfg3_des7,7,3,15,DLCGDGGAGHISREE,1.3658824,2.8849425,0.8232,0.8797208070755005,23.541563
FE,3,FE_cfg3_des7,7,4,15,VKAGGVDDGTLDAAE,1.3658824,1.3228682,0.8232,0.8797208070755005,29.735575
FE,3,FE_cfg3_des8,8,1,13,DFDGADGTISLAE,1.0540075,1.3753282,0.8215,0.8945167064666748,7.5729065
FE,3,FE_cfg3_des8,8,2,13,DKDGSGTELTAEE,1.0540075,0.81322527,0.8215,0.8945167064666748,30.091925
FE,3,FE_cfg3_des8,8,3,15,DRCGDPKGKTLSRDD,1.0540075,1.2050974,0.8215,0.8945167064666748,3.4164212
FE,3,FE_cfg3_des8,8,4,15,EATCPAADGTLNAAD,1.0540075,1.1773839,0.8215,0.8945167064666748,29.139658
FE,3,FE_cfg3_des9,9,1,13,DLDGDGDEISLEE,1.4488752,1.4661669,0.8199,0.8831216096878052,7.9540057
FE,3,FE_cfg3_des9,9,2,13,SKDGVEGELSAEE,1.4488752,2.9897652,0.8199,0.8831216096878052,8.399273
FE,3,FE_cfg3_des9,9,3,15,DRCGDFESQTLDRPE,1.4488752,1.4241455,0.8199,0.8831216096878052,27.70247
FE,3,FE_cfg3_des9,9,4,15,DAVDGRGDGEISAAE,1.4488752,0.6755329,0.8199,0.8831216096878052,7.721414
FE,3,FE_cfg3_des10,10,1,13,DTIDHDGTISLEE,1.8908132,1.401754,0.8328,0.9000410437583923,23.064028
FE,3,FE_cfg3_des10,10,2,13,SCGATPDHLSAEE,1.8908132,1.5756271,0.8328,0.9000410437583923,7.871176
FE,3,FE_cfg3_des10,10,3,15,DSHAAEGDTSLSRAE,1.8908132,3.407074,0.8328,0.9000410437583923,23.189264
FE,3,FE_cfg3_des10,10,4,15,AAGGGGDGRTLSAAE,1.8908132,2.036244,0.8328,0.9000410437583923,7.73741
FE,3,FE_cfg3_des11,11,1,13,DLDGRDGTISLEE,2.1820917,1.5970949,0.816,0.896727442741394,23.80887
FE,3,FE_cfg3_des11,11,2,13,DKDKESGKLSAEE,2.1820917,2.0142546,0.816,0.896727442741394,2.8643563
FE,3,FE_cfg3_des11,11,3,15,QTGCKTGDGELSREE,2.1820917,2.7555516,0.816,0.896727442741394,22.80047
FE,3,FE_cfg3_des11,11,4,15,EATCPAADGTLDAAS,2.1820917,2.4205985,0.816,0.896727442741394,8.445837
FE,3,FE_cfg3_des12,12,1,13,DLDRRDGTISLEE,3.5653574,3.8546383,0.7965,0.8352382183074951,23.213469
FE,3,FE_cfg3_des12,12,2,13,SKDGSPTEVSAEE,3.5653574,2.6935608,0.7965,0.8352382183074951,5.5387287
FE,3,FE_cfg3_des12,12,3,15,DLDGKHGGKALERDE,3.5653574,6.604456,0.7965,0.8352382183074951,14.480306
FE,3,FE_cfg3_des12,12,4,15,TATCPAADGTIDAAA,3.5653574,2.9296062,0.7965,0.8352382183074951,32.572895
FE,3,FE_cfg3_des13,13,1,13,DLDGVDGTISLEE,1.1238885,1.3251978,0.8427,0.8929573893547058,27.237204
FE,3,FE_cfg3_des13,13,2,13,TEADGDGLLTAEE,1.1238885,1.4037185,0.8427,0.8929573893547058,2.463687
FE,3,FE_cfg3_des13,13,3,15,SAHAAEGVYELSREE,1.1238885,1.626515,0.8427,0.8929573893547058,25.844053
FE,3,FE_cfg3_des13,13,4,15,VATCPAADGTIDAAA,1.1238885,1.0103563,0.8427,0.8929573893547058,8.829247
FE,3,FE_cfg3_des14,14,1,13,DFDADGGTISLEE,1.0952617,1.4986835,0.8327,0.8965626358985901,24.880272
FE,3,FE_cfg3_des14,14,2,13,DKDGNGEELSAEE,1.0952617,0.8798651,0.8327,0.8965626358985901,7.6151996
FE,3,FE_cfg3_des14,14,3,15,CYDGDGDLTHLSREE,1.0952617,1.03517,0.8327,0.8965626358985901,29.43971
FE,3,FE_cfg3_des14,14,4,15,EAECPAADGTLDAAA,1.0952617,1.6482412,0.8327,0.8965626358985901,8.792068
FE,4,FE_cfg4_des0,0,1,15,DFLNAEGTPTISLEE,2.2795384,4.459451,0.8263,0.8969082832336426,9.63586
FE,4,FE_cfg4_des0,0,2,12,DVNKDGVLTAEE,2.2795384,1.1688105,0.8263,0.8969082832336426,9.89302
FE,4,FE_cfg4_des0,0,3,13,DKDGGDGTLDREE,2.2795384,2.046429,0.8263,0.8969082832336426,4.5345693
FE,4,FE_cfg4_des0,0,4,13,DGCGVNNILTAAE,2.2795384,2.0383253,0.8263,0.8969082832336426,29.322206
FE,4,FE_cfg4_des1,1,1,15,DRFCPHGCGLIDLEA,3.3747036,7.3392344,0.8229,0.8694425821304321,7.8293247
FE,4,FE_cfg4_des1,1,2,12,DVDGDGELSPEE,3.3747036,1.5005661,0.8229,0.8694425821304321,32.647648
FE,4,FE_cfg4_des1,1,3,13,SKCGKDDRLSREE,3.3747036,2.2658184,0.8229,0.8694425821304321,3.8920784
FE,4,FE_cfg4_des1,1,4,13,SAGCGCGVLSAAE,3.3747036,2.677839,0.8229,0.8694425821304321,29.560814
FE,4,FE_cfg4_des2,2,1,15,DTANANGDGEISLEE,2.0880828,3.9332075,0.832,0.8878735303878784,23.405113
FE,4,FE_cfg4_des2,2,2,12,DVDGDGELSAEE,2.0880828,1.4574852,0.832,0.8878735303878784,2.3777952
FE,4,FE_cfg4_des2,2,3,13,DADGDKTHLSREE,2.0880828,1.3011487,0.832,0.8878735303878784,23.862005
FE,4,FE_cfg4_des2,2,4,13,DLDGDGTSLSAAE,2.0880828,0.9586051,0.832,0.8878735303878784,8.229938
FE,4,FE_cfg4_des3,3,1,15,TGNCATRDGNISLEE,2.3729467,4.893949,0.827,0.8729706406593323,20.814028
FE,4,FE_cfg4_des3,3,2,12,DVDGDGLLTAEE,2.3729467,1.5000414,0.827,0.8729706406593323,10.176221
FE,4,FE_cfg4_des3,3,3,13,DDGSEPGKLNREE,2.3729467,1.4317241,0.827,0.8729706406593323,24.793617
FE,4,FE_cfg4_des3,3,4,13,LGDDADGVISAAE,2.3729467,1.434628,0.827,0.8729706406593323,13.341802
FE,4,FE_cfg4_des4,4,1,15,LGEDATGDGRISLEE,2.1929007,3.530517,0.83,0.8952983617782593,9.427135
FE,4,FE_cfg4_des4,4,2,12,DVNKDGFLSAEE,2.1929007,1.1177641,0.83,0.8952983617782593,27.72315
FE,4,FE_cfg4_des4,4,3,13,DTEDGDGRLSREE,2.1929007,2.1271987,0.83,0.8952983617782593,2.7867928
FE,4,FE_cfg4_des4,4,4,13,SAGDGDGVLSAAE,2.1929007,1.4769802,0.83,0.8952983617782593,29.139685
FE,4,FE_cfg4_des5,5,1,15,DTTCARRDGRIDLEE,2.9056544,4.6291566,0.8105,0.8614761829376221,29.638802
FE,4,FE_cfg4_des5,5,2,12,DVDGSGVLTAEE,2.9056544,1.5946493,0.8105,0.8614761829376221,10.9269
FE,4,FE_cfg4_des5,5,3,13,DLIDHDGTLSREE,2.9056544,3.7601495,0.8105,0.8614761829376221,24.114014
FE,4,FE_cfg4_des5,5,4,13,STADKDGVLSAAE,2.9056544,1.407235,0.8105,0.8614761829376221,29.39206
FE,4,FE_cfg4_des6,6,1,15,DLSGATGDGTISLEE,3.6462703,5.4053645,0.8304,0.8568004965782166,21.114992
FE,4,FE_cfg4_des6,6,2,12,DVDGDGELTAEE,3.6462703,1.823435,0.8304,0.8568004965782166,8.392781
FE,4,FE_cfg4_des6,6,3,13,DFVHHDGTLSREE,3.6462703,4.0232754,0.8304,0.8568004965782166,22.280725
FE,4,FE_cfg4_des6,6,4,13,DLDGHGGVLSAAE,3.6462703,2.0099783,0.8304,0.8568004965782166,5.6917853
FE,4,FE_cfg4_des7,7,1,15,DLDGAHGGRAISLEE,1.0831783,1.2308271,0.8484,0.9083648324012756,2.7543533
FE,4,FE_cfg4_des7,7,2,12,DVNKDGELSAEE,1.0831783,0.81500137,0.8484,0.9083648324012756,29.057009
FE,4,FE_cfg4_des7,7,3,13,DADGHGGTLSREE,1.0831783,1.4803143,0.8484,0.9083648324012756,2.5239925
FE,4,FE_cfg4_des7,7,4,13,DTDGDGGTISAAE,1.0831783,1.1184487,0.8484,0.9083648324012756,29.155478
FE,4,FE_cfg4_des8,8,1,15,DFDGCGGDRAARRAE,5.6213856,5.162122,0.7888,0.8031767010688782,2.7437038
FE,4,FE_cfg4_des8,8,2,12,DVDGDGELSAEE,5.6213856,2.4875968,0.7888,0.8031767010688782,31.327585
FE,4,FE_cfg4_des8,8,3,13,DLDGEGGVLSREE,5.6213856,4.0994983,0.7888,0.8031767010688782,2.458005
FE,4,FE_cfg4_des8,8,4,13,DDGVDTAAAAAAE,5.6213856,10.173501,0.7888,0.8031767010688782,25.353888
FE,4,FE_cfg4_des9,9,1,15,DRGVLGDTGEISLEE,3.0818133,5.250104,0.8163,0.865618109703064,22.047981
FE,4,FE_cfg4_des9,9,2,12,DVDGDGYLTPEE,3.0818133,1.6780969,0.8163,0.865618109703064,29.507444
FE,4,FE_cfg4_des9,9,3,13,DTLHHDGTLDREE,3.0818133,3.2307847,0.8163,0.865618109703064,9.193946
FE,4,FE_cfg4_des9,9,4,13,TEGDGSGLLSAAE,3.0818133,2.0608106,0.8163,0.865618109703064,27.707354
FE,4,FE_cfg4_des10,10,1,15,QGLCATNDGNIDLEE,2.2193472,4.11145,0.8327,0.8993937373161316,23.369581
FE,4,FE_cfg4_des10,10,2,12,CRPGCDVLTAEE,2.2193472,1.9349501,0.8327,0.8993937373161316,3.9628801
FE,4,FE_cfg4_des10,10,3,13,DLDGKSPELSREE,2.2193472,1.7589396,0.8327,0.8993937373161316,23.337843
FE,4,FE_cfg4_des10,10,4,13,RADPAGTSLTAAE,2.2193472,0.9999995,0.8327,0.8993937373161316,8.404262
FE,4,FE_cfg4_des11,11,1,15,DLTNASGDGTISLEE,1.6657717,2.426046,0.8403,0.905059278011322,9.20337
FE,4,FE_cfg4_des11,11,2,12,DVDGDGLLTAEE,1.6657717,1.0019546,0.8403,0.905059278011322,12.328087
FE,4,FE_cfg4_des11,11,3,13,DADGDGKGLSREE,1.6657717,1.1421537,0.8403,0.905059278011322,2.6163893
FE,4,FE_cfg4_des11,11,4,13,EGTDGSGLISAAE,1.6657717,1.2518117,0.8403,0.905059278011322,29.363913
FE,4,FE_cfg4_des12,12,1,15,DRGDDGDPGLISLPE,0.9230069,0.9667391,0.8488,0.9077559113502502,9.466277
FE,4,FE_cfg4_des12,12,2,12,DVDGDGVLTAEE,0.9230069,0.60145843,0.8488,0.9077559113502502,35.65462
FE,4,FE_cfg4_des12,12,3,13,DTVHHDGTLSREE,0.9230069,0.846312,0.8488,0.9077559113502502,9.170368
FE,4,FE_cfg4_des12,12,4,13,NTHPDADVLSAAE,0.9230069,1.0011474,0.8488,0.9077559113502502,26.332964
FE,4,FE_cfg4_des13,13,1,15,DADGAGVLGENGLEE,3.3282921,6.6062355,0.8245,0.8859777450561523,9.309024
FE,4,FE_cfg4_des13,13,2,12,DVDGDGELSAEE,3.3282921,1.3566767,0.8245,0.8859777450561523,32.25722
FE,4,FE_cfg4_des13,13,3,13,DADGDGKSLSREE,3.3282921,1.7256861,0.8245,0.8859777450561523,2.686962
FE,4,FE_cfg4_des13,13,4,13,DLDGDGRVFTAAE,3.3282921,2.7900481,0.8245,0.8859777450561523,29.419388
FE,4,FE_cfg4_des14,14,1,15,DAGLHGNDGTISLEE,1.0629861,1.9972456,0.843,0.9020896553993225,23.038515
FE,4,FE_cfg4_des14,14,2,12,DVDGDGELSAEE,1.0629861,0.8791282,0.843,0.9020896553993225,2.3750837
FE,4,FE_cfg4_des14,14,3,13,DADGEPGKLSREE,1.0629861,0.8817799,0.843,0.9020896553993225,23.599434
FE,4,FE_cfg4_des14,14,4,13,DTVDGDGLISAAE,1.0629861,0.82597286,0.843,0.9020896553993225,2.3668234
CU,0,CU_cfg0_des0,0,1,10,CSDGTISLAE,2.1782048,2.9606824,0.8338,0.878814160823822,3.6066139
CU,0,CU_cfg0_des0,0,2,12,DTDGDGVLSAEE,2.1782048,0.99320006,0.8338,0.878814160823822,29.156471
CU,0,CU_cfg0_des0,0,3,14,DTGAAGDGRLTRAE,2.1782048,3.7609663,0.8338,0.878814160823822,7.38097
CU,0,CU_cfg0_des0,0,4,12,DTDGDGVLSAAE,2.1782048,1.6613268,0.8338,0.878814160823822,29.346556
CU,0,CU_cfg0_des1,1,1,10,SSDGTISRAE,2.810985,4.439,0.8348,0.8620437383651733,23.520279
CU,0,CU_cfg0_des1,1,2,12,DTNGDGYLSAAE,2.810985,1.1731747,0.8348,0.8620437383651733,7.9510174
CU,0,CU_cfg0_des1,1,3,14,EYAGDGKGTLSKAE,2.810985,3.6288726,0.8348,0.8620437383651733,22.87786
CU,0,CU_cfg0_des1,1,4,12,DTNGDGVLTAAE,2.810985,2.0712285,0.8348,0.8620437383651733,8.177685
CU,0,CU_cfg0_des2,2,1,10,EVPGQTPLEE,5.28581,2.5478792,0.759,0.6950801610946655,13.068546
CU,0,CU_cfg0_des2,2,2,12,DTNGDGVLSAAE,5.28581,3.037852,0.759,0.6950801610946655,14.9970045
CU,0,CU_cfg0_des2,2,3,14,ELDGKGDGTLTKAE,5.28581,4.037914,0.759,0.6950801610946655,9.185806
CU,0,CU_cfg0_des2,2,4,12,EAEMADDDLAAM,5.28581,6.932877,0.759,0.6950801610946655,22.476004
CU,0,CU_cfg0_des3,3,1,10,GSDGTISLAE,1.837279,2.029338,0.8326,0.8527441620826721,9.491173
CU,0,CU_cfg0_des3,3,2,12,DTDGSGVLTAAE,1.837279,1.0398858,0.8326,0.8527441620826721,30.662813
CU,0,CU_cfg0_des3,3,3,14,DLDGKDPNALSRAE,1.837279,2.6500046,0.8326,0.8527441620826721,9.699814
CU,0,CU_cfg0_des3,3,4,12,DTNGDGVLDAAE,1.837279,1.815591,0.8326,0.8527441620826721,24.14628
CU,0,CU_cfg0_des4,4,1,10,STDGTISLAE,2.6283934,2.6522522,0.8355,0.8672146797180176,9.619158
CU,0,CU_cfg0_des4,4,2,12,DTDGSGVLTAAE,2.6283934,1.262064,0.8355,0.8672146797180176,15.87803
CU,0,CU_cfg0_des4,4,3,14,DLAGKGDNTLTKAE,2.6283934,3.915599,0.8355,0.8672146797180176,10.273915
CU,0,CU_cfg0_des4,4,4,12,DTDGDGVLTAAE,2.6283934,1.9024918,0.8355,0.8672146797180176,29.441442
CU,0,CU_cfg0_des5,5,1,10,GSDGTISLAE,2.3214412,2.5693948,0.8362,0.857971727848053,15.22112
CU,0,CU_cfg0_des5,5,2,12,DTNGDGVLSAAE,2.3214412,1.157709,0.8362,0.857971727848053,28.808153
CU,0,CU_cfg0_des5,5,3,14,EFAGKGDGTLSKAE,2.3214412,3.568299,0.8362,0.857971727848053,3.292333
CU,0,CU_cfg0_des5,5,4,12,DTNGDGVLTAAE,2.3214412,1.8496962,0.8362,0.857971727848053,29.130606
CU,0,CU_cfg0_des6,6,1,10,SSDGTLSLAE,1.4725513,1.5672097,0.8392,0.8959037661552429,9.507239
CU,0,CU_cfg0_des6,6,2,12,DTNGDGVLSAAE,1.4725513,0.7783695,0.8392,0.8959037661552429,31.186712
CU,0,CU_cfg0_des6,6,3,14,EYDKKGDGTLTKAE,1.4725513,2.3665316,0.8392,0.8959037661552429,3.0580986
CU,0,CU_cfg0_des6,6,4,12,DADGDGVLTAAE,1.4725513,1.0904323,0.8392,0.8959037661552429,29.504303
CU,0,CU_cfg0_des7,7,1,10,GSDGTISLAE,1.7095646,1.8756804,0.8408,0.8797217011451721,23.139708
CU,0,CU_cfg0_des7,7,2,12,DTNGDGVLTAAE,1.7095646,1.1935912,0.8408,0.8797217011451721,28.802904
CU,0,CU_cfg0_des7,7,3,14,DSGANGDGSLNKAE,1.7095646,3.111719,0.8408,0.8797217011451721,9.637999
CU,0,CU_cfg0_des7,7,4,12,DADGDGVLSAAE,1.7095646,1.5541623,0.8408,0.8797217011451721,31.11051
CU,0,CU_cfg0_des8,8,1,10,GADGTISLAE,1.9779493,2.101906,0.8352,0.854265034198761,9.34675
CU,0,CU_cfg0_des8,8,2,12,DTNGDGVLNAAE,1.9779493,1.013353,0.8352,0.854265034198761,30.461098
CU,0,CU_cfg0_des8,8,3,14,ELNGDGSGTLTRAE,1.9779493,3.0989935,0.8352,0.854265034198761,2.9991245
CU,0,CU_cfg0_des8,8,4,12,DTNGDGVLDAAE,1.9779493,1.6414598,0.8352,0.854265034198761,29.350077
CU,0,CU_cfg0_des9,9,1,10,GSDGTISLAE,2.1957116,1.8912389,0.8342,0.857333242893219,23.605247
CU,0,CU_cfg0_des9,9,2,12,DTNGDGVLSAAE,2.1957116,1.1806239,0.8342,0.857333242893219,16.014578
CU,0,CU_cfg0_des9,9,3,14,ELDGKGDGTLTKAE,2.1957116,3.476609,0.8342,0.857333242893219,2.9551246
CU,0,CU_cfg0_des9,9,4,12,DTDGNGVLTAAE,2.1957116,1.7884789,0.8342,0.857333242893219,2.3469846
CU,0,CU_cfg0_des10,10,1,10,SSDGTISLAE,1.9446566,2.934675,0.8276,0.8655330538749695,23.45607
CU,0,CU_cfg0_des10,10,2,12,DTNGDGELTAAE,1.9446566,0.91398406,0.8276,0.8655330538749695,6.1834946
CU,0,CU_cfg0_des10,10,3,14,ELAGDGKNALTKAE,1.9446566,2.5346017,0.8276,0.8655330538749695,23.304802
CU,0,CU_cfg0_des10,10,4,12,DADGDGVLSAAE,1.9446566,1.6423422,0.8276,0.8655330538749695,2.283594
CU,0,CU_cfg0_des11,11,1,10,CSDGTISLAE,1.1480179,1.596363,0.8508,0.8935000896453857,9.384815
CU,0,CU_cfg0_des11,11,2,12,DTNGDGMLSAAE,1.1480179,0.76934916,0.8508,0.8935000896453857,9.559929
CU,0,CU_cfg0_des11,11,3,14,DSGANGDGRLSKAE,1.1480179,1.6723129,0.8508,0.8935000896453857,23.615143
CU,0,CU_cfg0_des11,11,4,12,DTDGDGVLNAAE,1.1480179,1.3353008,0.8508,0.8935000896453857,29.243494
CU,0,CU_cfg0_des12,12,1,10,GADGTISLAE,1.9417679,1.9969395,0.8398,0.8523979783058167,9.794037
CU,0,CU_cfg0_des12,12,2,12,DTNGDGYLSAAE,1.9417679,0.7633563,0.8398,0.8523979783058167,28.704376
CU,0,CU_cfg0_des12,12,3,14,ELAKDGKGALSKAE,1.9417679,2.3160746,0.8398,0.8523979783058167,9.694512
CU,0,CU_cfg0_des12,12,4,12,DTNGDGVLTAAE,1.9417679,1.3274795,0.8398,0.8523979783058167,29.848501
CU,0,CU_cfg0_des13,13,1,10,GSDGTISLAE,2.8907936,2.2313416,0.8373,0.8596989512443542,19.19691
CU,0,CU_cfg0_des13,13,2,12,DTDGDGVLSAAE,2.8907936,1.3259238,0.8373,0.8596989512443542,29.878304
CU,0,CU_cfg0_des13,13,3,14,EYAGDGSGELSRAE,2.8907936,2.8370373,0.8373,0.8596989512443542,5.9990935
CU,0,CU_cfg0_des13,13,4,12,DTNGDGVLTAAE,2.8907936,1.886244,0.8373,0.8596989512443542,29.784094
CU,0,CU_cfg0_des14,14,1,10,SSDGTISLAE,2.6479075,2.0787964,0.8513,0.8985355496406555,18.597548
CU,0,CU_cfg0_des14,14,2,12,DTNGDGYLSAAE,2.6479075,1.1402522,0.8513,0.8985355496406555,2.454143
CU,0,CU_cfg0_des14,14,3,14,STECGDGTKLTKAE,2.6479075,4.7121,0.8513,0.8985355496406555,3.5535676
CU,0,CU_cfg0_des14,14,4,12,DTNGDGVLTAAE,2.6479075,2.1989956,0.8513,0.8985355496406555,2.3987212
CU,1,CU_cfg1_des0,0,1,14,ELDGAGDGNISLAE,1.8492445,3.124467,0.8227,0.8659092783927917,10.4948015
CU,1,CU_cfg1_des0,0,2,10,SPHGYLTPEE,1.8492445,2.2379086,0.8227,0.8659092783927917,3.897828
CU,1,CU_cfg1_des0,0,3,11,SSSDDTLSRAE,1.8492445,1.6302794,0.8227,0.8659092783927917,22.995062
CU,1,CU_cfg1_des0,0,4,13,SGGHGDGVLNAAE,1.8492445,1.4072022,0.8227,0.8659092783927917,6.813768
CU,1,CU_cfg1_des1,1,1,14,ELAKAGDGTISLAE,3.1906867,5.244736,0.826,0.8668869733810425,24.930883
CU,1,CU_cfg1_des1,1,2,10,SSDGVLTAEE,3.1906867,2.6444054,0.826,0.8668869733810425,11.892002
CU,1,CU_cfg1_des1,1,3,11,SDGDGVLSKAE,3.1906867,3.1313157,0.826,0.8668869733810425,26.535707
CU,1,CU_cfg1_des1,1,4,13,SAADGDGVLNAAE,3.1906867,1.6363494,0.826,0.8668869733810425,2.4218996
CU,1,CU_cfg1_des2,2,1,14,DSGADGDGMISLAE,1.416738,2.2221277,0.8418,0.900019645690918,7.976871
CU,1,CU_cfg1_des2,2,2,10,SSDGVLTAEE,1.416738,1.5043637,0.8418,0.900019645690918,28.972544
CU,1,CU_cfg1_des2,2,3,11,SDGKGYLTKAE,1.416738,2.177327,0.8418,0.900019645690918,23.419891
CU,1,CU_cfg1_des2,2,4,13,DNGDGRGALSAAE,1.416738,1.0825855,0.8418,0.900019645690918,8.389697
CU,1,CU_cfg1_des3,3,1,14,ELDGDGDGVISLAE,2.2377052,3.3234804,0.8277,0.8888125419616699,22.597204
CU,1,CU_cfg1_des3,3,2,10,SSHGYLTAEE,2.2377052,2.297329,0.8277,0.8888125419616699,12.903398
CU,1,CU_cfg1_des3,3,3,11,SDGHGYLDRAE,2.2377052,2.859252,0.8277,0.8888125419616699,23.718904
CU,1,CU_cfg1_des3,3,4,13,MGAAADGVLTAAE,2.2377052,2.0073323,0.8277,0.8888125419616699,9.426955
CU,1,CU_cfg1_des4,4,1,14,GMADGMPHAEALAH,0.96521056,0.73590815,0.851,0.9129621386528015,8.206243
CU,1,CU_cfg1_des4,4,2,10,ASDDTLTAAD,0.96521056,1.1713161,0.851,0.9129621386528015,29.344011
CU,1,CU_cfg1_des4,4,3,11,SADGKSLTKAE,0.96521056,0.94430524,0.851,0.9129621386528015,23.13912
CU,1,CU_cfg1_des4,4,4,13,AAVDGADTFTTAM,0.96521056,0.9895352,0.851,0.9129621386528015,28.048914
CU,1,CU_cfg1_des5,5,1,14,ELDKKGDGTISLAE,1.697445,2.333913,0.8281,0.8858168721199036,22.935785
CU,1,CU_cfg1_des5,5,2,10,SSDGVLTAAE,1.697445,2.0701437,0.8281,0.8858168721199036,27.036299
CU,1,CU_cfg1_des5,5,3,11,SADGKGLTRDE,1.697445,2.326368,0.8281,0.8858168721199036,3.4855468
CU,1,CU_cfg1_des5,5,4,13,TAADGDGVLSAAE,1.697445,0.847783,0.8281,0.8858168721199036,2.5077817
CU,1,CU_cfg1_des6,6,1,14,ELDKKGDGTISLAE,1.864984,2.6527328,0.8275,0.8926388025283813,24.361979
CU,1,CU_cfg1_des6,6,2,10,SSDGVLTAAE,1.864984,1.6592022,0.8275,0.8926388025283813,27.035324
CU,1,CU_cfg1_des6,6,3,11,STCGVALTKAE,1.864984,2.0999253,0.8275,0.8926388025283813,24.494926
CU,1,CU_cfg1_des6,6,4,13,SAADGDGVLSAAE,1.864984,0.8516897,0.8275,0.8926388025283813,2.8942728
CU,1,CU_cfg1_des7,7,1,14,EVNKDGAGTISLAE,2.5868223,3.0393648,0.814,0.8555762767791748,22.448786
CU,1,CU_cfg1_des7,7,2,10,SSDGVLSAAE,2.5868223,2.3698328,0.814,0.8555762767791748,11.178173
CU,1,CU_cfg1_des7,7,3,11,SDGHGVLDRAE,2.5868223,2.5693247,0.814,0.8555762767791748,3.426882
CU,1,CU_cfg1_des7,7,4,13,TAADGSGVLNAAE,2.5868223,1.472241,0.814,0.8555762767791748,2.4548817
CU,1,CU_cfg1_des8,8,1,14,ELDGAGDGTISLAE,3.0449212,3.2623696,0.8405,0.8986400365829468,22.99082
CU,1,CU_cfg1_des8,8,2,10,SSDGVLTAAE,3.0449212,2.3816602,0.8405,0.8986400365829468,28.924345
CU,1,CU_cfg1_des8,8,3,11,STHGDYLTRDE,3.0449212,4.179793,0.8405,0.8986400365829468,23.68541
CU,1,CU_cfg1_des8,8,4,13,DGGDGDGVLTAAE,3.0449212,1.7339317,0.8405,0.8986400365829468,9.437837
CU,1,CU_cfg1_des9,9,1,14,ELAKKGDGTVSLAE,6.522839,9.767767,0.7599,0.7458219528198242,25.440252
CU,1,CU_cfg1_des9,9,2,10,ASDDKLTAAD,6.522839,5.964864,0.7599,0.7458219528198242,16.68174
CU,1,CU_cfg1_des9,9,3,11,GTDDDTLTRDE,6.522839,7.4188423,0.7599,0.7458219528198242,24.834951
CU,1,CU_cfg1_des9,9,4,13,MTAAADGVLTAAE,6.522839,6.3937716,0.7599,0.7458219528198242,13.818599
CU,1,CU_cfg1_des10,10,1,14,ELDGDGDGTISLAE,1.7279834,3.1395633,0.8479,0.8974930047988892,8.60249
CU,1,CU_cfg1_des10,10,2,10,SSDGTLTAAE,1.7279834,1.2196777,0.8479,0.8974930047988892,9.079446
CU,1,CU_cfg1_des10,10,3,11,SADGKSLTRDE,1.7279834,1.1542668,0.8479,0.8974930047988892,23.453293
CU,1,CU_cfg1_des10,10,4,13,SAANNDGVLNAAE,1.7279834,0.9284224,0.8479,0.8974930047988892,9.295747
CU,1,CU_cfg1_des11,11,1,14,ELDGDGDGTISLAE,2.1039963,3.2610474,0.841,0.8940597772598267,22.956606
CU,1,CU_cfg1_des11,11,2,10,SSHGYLTAEE,2.1039963,2.1880662,0.841,0.8940597772598267,11.816082
CU,1,CU_cfg1_des11,11,3,11,SDGHGVLTKAE,2.1039963,2.2578785,0.841,0.8940597772598267,24.418283
CU,1,CU_cfg1_des11,11,4,13,AAANNDGVLNAAE,2.1039963,1.6384988,0.841,0.8940597772598267,9.360856
CU,1,CU_cfg1_des12,12,1,14,DLAGASGTTISLAE,3.089923,5.064165,0.8209,0.854283332824707,9.358741
CU,1,CU_cfg1_des12,12,2,10,APDGVLTADD,3.089923,2.214904,0.8209,0.854283332824707,26.711512
CU,1,CU_cfg1_des12,12,3,11,SDGDGTLSRDE,3.089923,3.2533138,0.8209,0.854283332824707,3.2838027
CU,1,CU_cfg1_des12,12,4,13,SAADGDGVLTAAE,3.089923,1.6092669,0.8209,0.854283332824707,26.837576
CU,1,CU_cfg1_des13,13,1,14,ELAGDGDGKISLAE,2.1033175,3.4976842,0.8094,0.8796519637107849,24.749588
CU,1,CU_cfg1_des13,13,2,10,GPAGTLNAAE,2.1033175,1.5459151,0.8094,0.8796519637107849,29.16526
CU,1,CU_cfg1_des13,13,3,11,DDGHGYLTKAE,2.1033175,1.9857377,0.8094,0.8796519637107849,23.570595
CU,1,CU_cfg1_des13,13,4,13,STADGDGVISAAE,2.1033175,0.77796143,0.8094,0.8796519637107849,25.47329
CU,1,CU_cfg1_des14,14,1,14,ELDGKGDGTISLAE,2.0537105,3.277632,0.8346,0.8837992548942566,9.483072
CU,1,CU_cfg1_des14,14,2,10,SSDGVLSAAE,2.0537105,1.9134356,0.8346,0.8837992548942566,10.452337
CU,1,CU_cfg1_des14,14,3,11,SDGSGTLSRDE,2.0537105,2.1487393,0.8346,0.8837992548942566,23.379473
CU,1,CU_cfg1_des14,14,4,13,DLDGADGTLTAAE,2.0537105,1.5976331,0.8346,0.8837992548942566,9.050131
CU,2,CU_cfg2_des0,0,1,10,GSDGTISRAE,2.5108933,2.5482194,0.8131,0.8405205607414246,9.276526
CU,2,CU_cfg2_des0,0,2,13,DTDGDGTSLSADE,2.5108933,0.7997978,0.8131,0.8405205607414246,15.608041
CU,2,CU_cfg2_des0,0,3,15,QLDGNTDAGTLSRAE,2.5108933,4.3692546,0.8131,0.8405205607414246,9.302226
CU,2,CU_cfg2_des0,0,4,11,ANGGDSLTAAE,2.5108933,1.8415549,0.8131,0.8405205607414246,30.935701
CU,2,CU_cfg2_des1,1,1,10,STDGTISLAE,3.10662,2.429209,0.8071,0.8428887128829956,28.117994
CU,2,CU_cfg2_des1,1,2,13,DKDGKKETLTAEE,3.10662,3.0652056,0.8071,0.8428887128829956,30.7837
CU,2,CU_cfg2_des1,1,3,15,VTCGVAGRDTLTKAE,3.10662,5.766158,0.8071,0.8428887128829956,23.220314
CU,2,CU_cfg2_des1,1,4,11,ATADDVLTAAE,3.10662,2.9397044,0.8071,0.8428887128829956,26.942698
CU,2,CU_cfg2_des2,2,1,10,GSDGTISLAE,1.3152584,1.8068285,0.8154,0.861023485660553,21.389486
CU,2,CU_cfg2_des2,2,2,13,DKHGNGTVLYAEE,1.3152584,0.82429415,0.8154,0.861023485660553,11.106046
CU,2,CU_cfg2_des2,2,3,15,DSGACGDPNAISRAE,1.3152584,1.1605814,0.8154,0.861023485660553,3.0075321
CU,2,CU_cfg2_des2,2,4,11,SDGSGVITAAE,1.3152584,1.347998,0.8154,0.861023485660553,30.043177
CU,2,CU_cfg2_des3,3,1,10,GSDGTLSLAE,2.3828125,1.9839219,0.8349,0.8671973943710327,25.834734
CU,2,CU_cfg2_des3,3,2,13,TAADGSGELMAEE,2.3828125,2.2347763,0.8349,0.8671973943710327,15.198806
CU,2,CU_cfg2_des3,3,3,15,MAASHKGSGKLTKAE,2.3828125,3.5609448,0.8349,0.8671973943710327,3.9578912
CU,2,CU_cfg2_des3,3,4,11,SDGHGVLTAAE,2.3828125,1.5191935,0.8349,0.8671973943710327,2.980918
CU,2,CU_cfg2_des4,4,1,10,SSDGNLSLAE,2.5743666,1.6186177,0.8287,0.8772434592247009,23.25544
CU,2,CU_cfg2_des4,4,2,13,DSVHGDGELSAEE,2.5743666,1.4585462,0.8287,0.8772434592247009,2.900267
CU,2,CU_cfg2_des4,4,3,15,MYAKDGDPTKLSKAE,2.5743666,4.385879,0.8287,0.8772434592247009,23.560377
CU,2,CU_cfg2_des4,4,4,11,SDGHGYLTAAE,2.5743666,2.487715,0.8287,0.8772434592247009,9.724782
CU,2,CU_cfg2_des5,5,1,10,CSDGVISLAE,13.725846,20.227663,0.7227,0.5950890779495239,11.701413
CU,2,CU_cfg2_des5,5,2,13,DKDGSGTVIMGEE,13.725846,19.207264,0.7227,0.5950890779495239,11.535278
CU,2,CU_cfg2_des5,5,3,15,DKSKAMGGKGLSKAE,13.725846,15.651623,0.7227,0.5950890779495239,16.653887
CU,2,CU_cfg2_des5,5,4,11,SDGHGYLTAAE,13.725846,8.219679,0.7227,0.5950890779495239,16.004274
CU,2,CU_cfg2_des6,6,1,10,GSDGTISLAE,3.0643995,3.166723,0.8225,0.8435589671134949,25.055506
CU,2,CU_cfg2_des6,6,2,13,DTDGNGTTISAAE,3.0643995,1.8757795,0.8225,0.8435589671134949,32.164577
CU,2,CU_cfg2_des6,6,3,15,DAEGNGTGGSLSKAE,3.0643995,5.618958,0.8225,0.8435589671134949,9.12582
CU,2,CU_cfg2_des6,6,4,11,SDGDGVLSAAE,3.0643995,2.0170374,0.8225,0.8435589671134949,2.636608
CU,2,CU_cfg2_des7,7,1,10,SSDGVLSLAE,2.769675,2.4481199,0.8188,0.8586393594741821,10.5983095
CU,2,CU_cfg2_des7,7,2,13,DKHGAGTTLSAEE,2.769675,3.3103552,0.8188,0.8586393594741821,34.581505
CU,2,CU_cfg2_des7,7,3,15,QLAGDGGSGTLSRAE,2.769675,4.325982,0.8188,0.8586393594741821,3.4880154
CU,2,CU_cfg2_des7,7,4,11,SDGHGYLDAAE,2.769675,2.4974718,0.8188,0.8586393594741821,11.865142
CU,2,CU_cfg2_des8,8,1,10,GSDGNISLAE,2.7285998,2.1735523,0.8314,0.8583779335021973,26.97877
CU,2,CU_cfg2_des8,8,2,13,KADPDMTMLTAEE,2.7285998,1.5349294,0.8314,0.8583779335021973,7.89856
CU,2,CU_cfg2_des8,8,3,15,SGGCGKGDGNLSKAE,2.7285998,4.4315667,0.8314,0.8583779335021973,4.550854
CU,2,CU_cfg2_des8,8,4,11,SDGSGYLNAAE,2.7285998,2.293575,0.8314,0.8583779335021973,21.10964
CU,2,CU_cfg2_des9,9,1,10,SSDGTISLAE,1.7517601,1.5192384,0.8371,0.8855935335159302,10.786098
CU,2,CU_cfg2_des9,9,2,13,DTHGAGTYLTAEE,1.7517601,3.108977,0.8371,0.8855935335159302,31.797758
CU,2,CU_cfg2_des9,9,3,15,SSGACGDSSVLTKAE,1.7517601,1.5851226,0.8371,0.8855935335159302,3.6971428
CU,2,CU_cfg2_des9,9,4,11,SDGHGYLTAAE,1.7517601,2.0508497,0.8371,0.8855935335159302,31.233383
CU,2,CU_cfg2_des10,10,1,10,GSDGTISLAE,2.2184913,2.0570564,0.805,0.8286545276641846,27.610327
CU,2,CU_cfg2_des10,10,2,13,DKDGSGEILMAEE,2.2184913,2.3834581,0.805,0.8286545276641846,29.773079
CU,2,CU_cfg2_des10,10,3,15,DKDGKHAGEAISRDE,2.2184913,3.5186176,0.805,0.8286545276641846,3.369313
CU,2,CU_cfg2_des10,10,4,11,SDGHGYLTAAE,2.2184913,1.4694676,0.805,0.8286545276641846,10.150281
CU,2,CU_cfg2_des11,11,1,10,GSDGAISLAE,1.424643,1.8536618,0.8096,0.8479061722755432,20.959604
CU,2,CU_cfg2_des11,11,2,13,DKHGNGTVLMAEE,1.424643,1.1142845,0.8096,0.8479061722755432,5.797048
CU,2,CU_cfg2_des11,11,3,15,SKAHPEDPSQLSRAE,1.424643,1.0480813,0.8096,0.8479061722755432,6.302061
CU,2,CU_cfg2_des11,11,4,11,SNGDGVLSAAE,1.424643,1.3567585,0.8096,0.8479061722755432,30.585619
CU,2,CU_cfg2_des12,12,1,10,GSDGTISLAE,1.3784944,1.8587028,0.8413,0.8871056437492371,23.350248
CU,2,CU_cfg2_des12,12,2,13,AAPCGDDVLTAEE,1.3784944,1.0026878,0.8413,0.8871056437492371,3.0749538
CU,2,CU_cfg2_des12,12,3,15,DKCGNKENPYLTRDE,1.3784944,1.4923822,0.8413,0.8871056437492371,26.540497
CU,2,CU_cfg2_des12,12,4,11,SDGDGVLTAAE,1.3784944,1.2457728,0.8413,0.8871056437492371,2.5649822
CU,2,CU_cfg2_des13,13,1,10,STDGTLTLAE,2.7708077,2.45392,0.7801,0.7258539199829102,9.610485
CU,2,CU_cfg2_des13,13,2,13,DSIHKDGYLYPEE,2.7708077,3.4038317,0.7801,0.7258539199829102,36.573334
CU,2,CU_cfg2_des13,13,3,15,DKDKKMKVPALSKAE,2.7708077,4.5817037,0.7801,0.7258539199829102,23.190844
CU,2,CU_cfg2_des13,13,4,11,MASDTTDVAAM,2.7708077,2.8500447,0.7801,0.7258539199829102,13.1277895
CU,2,CU_cfg2_des14,14,1,10,GSDGTISLAE,11.150021,12.218275,0.7077,0.4354010820388794,17.46781
CU,2,CU_cfg2_des14,14,2,13,MPKVGDGTNIADL,11.150021,8.127303,0.7077,0.4354010820388794,8.810937
CU,2,CU_cfg2_des14,14,3,15,SKDGVMVCHPEMKAE,11.150021,14.459877,0.7077,0.4354010820388794,21.029638
CU,2,CU_cfg2_des14,14,4,11,AGGHSSLTAAM,11.150021,9.535989,0.7077,0.4354010820388794,14.599315
CU,3,CU_cfg3_des0,0,1,11,SDGSGTISLAE,1.6651654,1.7228105,0.8363,0.8938485980033875,13.885972
CU,3,CU_cfg3_des0,0,2,10,SSDGVLTAAD,1.6651654,1.3734723,0.8363,0.8938485980033875,14.529857
CU,3,CU_cfg3_des0,0,3,11,SADGTDLTKAE,1.6651654,1.6897037,0.8363,0.8938485980033875,3.0532722
CU,3,CU_cfg3_des0,0,4,14,QLDKKGDGNLSAAE,1.6651654,2.9211648,0.8363,0.8938485980033875,30.00885
CU,3,CU_cfg3_des1,1,1,11,SDGDGTISLAE,1.3252217,1.5388926,0.8424,0.8971877694129944,3.051965
CU,3,CU_cfg3_des1,1,2,10,SSDGELTAAE,1.3252217,1.1337534,0.8424,0.8971877694129944,7.989348
CU,3,CU_cfg3_des1,1,3,11,SDGHGALSKAE,1.3252217,1.5321591,0.8424,0.8971877694129944,23.288855
CU,3,CU_cfg3_des1,1,4,14,MSNANGDGTLDAAE,1.3252217,1.9673709,0.8424,0.8971877694129944,26.376741
CU,3,CU_cfg3_des2,2,1,11,SDGSGGISLAE,1.702343,2.0442147,0.8235,0.8873633146286011,23.264826
CU,3,CU_cfg3_des2,2,2,10,SSDGELTAAE,1.702343,1.2994261,0.8235,0.8873633146286011,6.8601804
CU,3,CU_cfg3_des2,2,3,11,DDGHGVLTRAE,1.702343,2.0838337,0.8235,0.8873633146286011,22.625261
CU,3,CU_cfg3_des2,2,4,14,MAAGNGDGTLDAAA,1.702343,1.5939336,0.8235,0.8873633146286011,30.47569
CU,3,CU_cfg3_des3,3,1,11,SDGDGTISLAE,1.2392617,1.4644792,0.8524,0.904790997505188,22.973501
CU,3,CU_cfg3_des3,3,2,10,STDGVLTAEE,1.2392617,1.5200568,0.8524,0.904790997505188,9.360866
CU,3,CU_cfg3_des3,3,3,11,SDGDGTLSKAE,1.2392617,1.7476999,0.8524,0.904790997505188,25.54329
CU,3,CU_cfg3_des3,3,4,14,LAAGNGDGTLTAAE,1.2392617,0.95732033,0.8524,0.904790997505188,8.9022255
CU,3,CU_cfg3_des4,4,1,11,SDGDGTISLAE,1.465551,1.5267423,0.8425,0.8977022171020508,23.556234
CU,3,CU_cfg3_des4,4,2,10,SSDGVLTAAD,1.465551,1.6621362,0.8425,0.8977022171020508,29.933334
CU,3,CU_cfg3_des4,4,3,11,SDGDGTLSKAE,1.465551,1.618174,0.8425,0.8977022171020508,26.995497
CU,3,CU_cfg3_des4,4,4,14,YSNANGDGTLDAAE,1.465551,1.918591,0.8425,0.8977022171020508,8.265967
CU,3,CU_cfg3_des5,5,1,11,SDGDGEISLAE,1.2769231,0.9757388,0.8245,0.8603047728538513,5.5211177
CU,3,CU_cfg3_des5,5,2,10,SSDGELSAEE,1.2769231,1.2811633,0.8245,0.8603047728538513,30.195114
CU,3,CU_cfg3_des5,5,3,11,GTDGDTLSKAE,1.2769231,2.21641,0.8245,0.8603047728538513,27.585947
CU,3,CU_cfg3_des5,5,4,14,VAAVDSDGVINAAE,1.2769231,0.54932487,0.8245,0.8603047728538513,9.874653
CU,3,CU_cfg3_des6,6,1,11,SDGSGTISLAE,1.0442408,0.9771851,0.8531,0.9056628942489624,9.470807
CU,3,CU_cfg3_des6,6,2,10,SSDGVLTAEE,1.0442408,1.1732378,0.8531,0.9056628942489624,11.299736
CU,3,CU_cfg3_des6,6,3,11,STDGDYLTKAE,1.0442408,1.6561048,0.8531,0.9056628942489624,26.683746
CU,3,CU_cfg3_des6,6,4,14,DTNANGDGTLDAAE,1.0442408,1.3995456,0.8531,0.9056628942489624,9.747596
CU,3,CU_cfg3_des7,7,1,11,SDGDGTISLAE,1.300734,1.6408346,0.8578,0.9111593961715698,24.554743
CU,3,CU_cfg3_des7,7,2,10,SSDGELTAAE,1.300734,1.0758741,0.8578,0.9111593961715698,28.586649
CU,3,CU_cfg3_des7,7,3,11,SDGKGALSKAE,1.300734,2.2934022,0.8578,0.9111593961715698,23.24254
CU,3,CU_cfg3_des7,7,4,14,DAEGDGDGLITAAE,1.300734,1.1015404,0.8578,0.9111593961715698,2.4178839
CU,3,CU_cfg3_des8,8,1,11,SADGGNISLAE,1.7023937,2.4051852,0.8503,0.9029834866523743,8.338055
CU,3,CU_cfg3_des8,8,2,10,SSDGVLTAEE,1.7023937,1.338528,0.8503,0.9029834866523743,2.7589982
CU,3,CU_cfg3_des8,8,3,11,SDGDGVLSRAE,1.7023937,2.224602,0.8503,0.9029834866523743,2.8800218
CU,3,CU_cfg3_des8,8,4,14,DTNANGDGTLSAAE,1.7023937,2.7961128,0.8503,0.9029834866523743,24.159071
CU,3,CU_cfg3_des9,9,1,11,SDGSGTISLAE,1.2125022,1.7066126,0.8449,0.8986837863922119,9.386529
CU,3,CU_cfg3_des9,9,2,10,SSDGELTAAE,1.2125022,0.9952039,0.8449,0.8986837863922119,10.974994
CU,3,CU_cfg3_des9,9,3,11,SDGDGVLNKAE,1.2125022,2.0330575,0.8449,0.8986837863922119,24.04219
CU,3,CU_cfg3_des9,9,4,14,MTNANGDGTLDAAD,1.2125022,1.0271237,0.8449,0.8986837863922119,28.597994
CU,3,CU_cfg3_des10,10,1,11,STTDGTISLAE,2.345437,2.9941165,0.8352,0.8834362626075745,28.21083
CU,3,CU_cfg3_des10,10,2,10,ASHSVLTAEE,2.345437,2.027898,0.8352,0.8834362626075745,8.18835
CU,3,CU_cfg3_des10,10,3,11,MTHADGLTKAE,2.345437,2.5044296,0.8352,0.8834362626075745,3.6252024
CU,3,CU_cfg3_des10,10,4,14,DATGDGSGEIDAAE,2.345437,1.5283873,0.8352,0.8834362626075745,2.5224955
CU,3,CU_cfg3_des11,11,1,11,SASGTSISLAE,1.1736218,0.9903624,0.8398,0.9006416201591492,25.00308
CU,3,CU_cfg3_des11,11,2,10,ADGDSLTAAD,1.1736218,0.79378104,0.8398,0.9006416201591492,28.318245
CU,3,CU_cfg3_des11,11,3,11,STDGGSLTRAE,1.1736218,1.5383352,0.8398,0.9006416201591492,3.3484573
CU,3,CU_cfg3_des11,11,4,14,AAACGDATSLTAAA,1.1736218,1.6627526,0.8398,0.9006416201591492,32.283234
CU,3,CU_cfg3_des12,12,1,11,NFHDGVPALAE,10.641166,16.23386,0.7349,0.6696739792823792,7.2446103
CU,3,CU_cfg3_des12,12,2,10,SSDDVLTAAE,10.641166,4.90033,0.7349,0.6696739792823792,19.18587
CU,3,CU_cfg3_des12,12,3,11,SACGTSLTRAE,10.641166,4.70063,0.7349,0.6696739792823792,4.086799
CU,3,CU_cfg3_des12,12,4,14,TAGCADPSSLSAAE,10.641166,7.5123577,0.7349,0.6696739792823792,4.655749
CU,3,CU_cfg3_des13,13,1,11,SDGDGTISLAE,1.7391033,2.3436294,0.8367,0.8902279734611511,23.224348
CU,3,CU_cfg3_des13,13,2,10,SSDGELSAAE,1.7391033,1.2936314,0.8367,0.8902279734611511,26.720932
CU,3,CU_cfg3_des13,13,3,11,DDGHGVLSRDE,1.7391033,2.7310767,0.8367,0.8902279734611511,24.989939
CU,3,CU_cfg3_des13,13,4,14,MAGGNGDGVLDAAE,1.7391033,1.8058404,0.8367,0.8902279734611511,8.191474
CU,3,CU_cfg3_des14,14,1,11,SDGHGTVSLAE,1.8288418,2.3449278,0.8457,0.8922505378723145,11.182255
CU,3,CU_cfg3_des14,14,2,10,STDGELTAAD,1.8288418,1.2464278,0.8457,0.8922505378723145,9.2106085
CU,3,CU_cfg3_des14,14,3,11,SDGHGALSKAE,1.8288418,2.7908955,0.8457,0.8922505378723145,26.654665
CU,3,CU_cfg3_des14,14,4,14,STHGNGAAELTAAE,1.8288418,2.3972335,0.8457,0.8922505378723145,7.692074
CU,4,CU_cfg4_des0,0,1,11,SDGSGTISLAE,2.1211245,1.9388314,0.8256,0.8684698343276978,22.825577
CU,4,CU_cfg4_des0,0,2,13,AAADGDGTLSAEE,2.1211245,1.2894644,0.8256,0.8684698343276978,6.933089
CU,4,CU_cfg4_des0,0,3,13,DFIHKDGTLDKPE,2.1211245,2.7149267,0.8256,0.8684698343276978,21.869095
CU,4,CU_cfg4_des0,0,4,13,DTTDNDGTLSAAE,2.1211245,1.2473235,0.8256,0.8684698343276978,3.415946
CU,4,CU_cfg4_des1,1,1,11,DDGSGVISLAE,2.152453,1.1140541,0.8321,0.8851821422576904,10.413451
CU,4,CU_cfg4_des1,1,2,13,SNGDGANTLSAEE,2.152453,4.723495,0.8321,0.8851821422576904,5.1607857
CU,4,CU_cfg4_des1,1,3,13,DTTHGDGTLTKAE,2.152453,2.7896087,0.8321,0.8851821422576904,23.505392
CU,4,CU_cfg4_des1,1,4,13,ASAAHPDVLDAAE,2.152453,1.1069878,0.8321,0.8851821422576904,26.644623
CU,4,CU_cfg4_des2,2,1,11,SDGDGTISLAE,1.5713273,2.3089402,0.8375,0.8844608068466187,25.59736
CU,4,CU_cfg4_des2,2,2,13,MTTHGDGTLSAEE,1.5713273,2.254325,0.8375,0.8844608068466187,8.643101
CU,4,CU_cfg4_des2,2,3,13,DTEHHDGTLTKAE,1.5713273,1.3396987,0.8375,0.8844608068466187,23.703024
CU,4,CU_cfg4_des2,2,4,13,SNGDGSGTLTAAE,1.5713273,1.5567704,0.8375,0.8844608068466187,29.957237
CU,4,CU_cfg4_des3,3,1,11,SDGSGTISLAE,2.5055737,2.6669567,0.8262,0.8642210960388184,22.72319
CU,4,CU_cfg4_des3,3,2,13,AAADGDGVLSAEE,2.5055737,2.0359964,0.8262,0.8642210960388184,13.126603
CU,4,CU_cfg4_des3,3,3,13,DTTHHDGTLTKAE,2.5055737,3.5501487,0.8262,0.8642210960388184,4.4934235
CU,4,CU_cfg4_des3,3,4,13,AAADADGVLTAAE,2.5055737,2.0009599,0.8262,0.8642210960388184,31.25505
CU,4,CU_cfg4_des4,4,1,11,SDGSGTISLAE,1.648318,1.999786,0.8438,0.89667809009552,25.59416
CU,4,CU_cfg4_des4,4,2,13,SAGDGDGVLTADE,1.648318,1.7188163,0.8438,0.89667809009552,4.872558
CU,4,CU_cfg4_des4,4,3,13,DTTHGDGTLTKAE,1.648318,2.1281142,0.8438,0.89667809009552,2.628527
CU,4,CU_cfg4_des4,4,4,13,MTNPAAGVLTAAE,1.648318,1.1505225,0.8438,0.89667809009552,29.418365
CU,4,CU_cfg4_des5,5,1,11,SDGDGTISLAE,1.0736362,1.3055884,0.8353,0.8860410451889038,23.37461
CU,4,CU_cfg4_des5,5,2,13,AKADGDGVLTAEE,1.0736362,1.647453,0.8353,0.8860410451889038,2.655028
CU,4,CU_cfg4_des5,5,3,13,DADGTKNELTKAE,1.0736362,1.1213398,0.8353,0.8860410451889038,24.716547
CU,4,CU_cfg4_des5,5,4,13,ATADGDGTLNAAE,1.0736362,1.0300725,0.8353,0.8860410451889038,8.5770235
CU,4,CU_cfg4_des6,6,1,11,SDGDGTISLAE,1.2790574,1.5405108,0.8417,0.8948975801467896,23.425516
CU,4,CU_cfg4_des6,6,2,13,AAADGDGKLSAEE,1.2790574,2.165445,0.8417,0.8948975801467896,29.792955
CU,4,CU_cfg4_des6,6,3,13,DTDGDGGNLSKAE,1.2790574,1.2107669,0.8417,0.8948975801467896,24.105349
CU,4,CU_cfg4_des6,6,4,13,TAADGDGVLTAAE,1.2790574,1.0736499,0.8417,0.8948975801467896,30.223185
CU,4,CU_cfg4_des7,7,1,11,SDGSGTISLAE,1.5837023,1.584766,0.8297,0.8927808403968811,8.778234
CU,4,CU_cfg4_des7,7,2,13,MTDKTDGTLSAEE,1.5837023,2.0199382,0.8297,0.8927808403968811,27.142088
CU,4,CU_cfg4_des7,7,3,13,DTTHGDGTLDKAE,1.5837023,1.7330309,0.8297,0.8927808403968811,3.3920717
CU,4,CU_cfg4_des7,7,4,13,AAADADGSLDAAE,1.5837023,1.5851381,0.8297,0.8927808403968811,27.415602
CU,4,CU_cfg4_des8,8,1,11,STDDGEISLAE,2.083812,2.9221554,0.7988,0.8469154834747314,25.907837
CU,4,CU_cfg4_des8,8,2,13,MTSAAHGALSAEE,2.083812,1.3816388,0.7988,0.8469154834747314,9.972894
CU,4,CU_cfg4_des8,8,3,13,DTTHHDGTLDRAE,2.083812,3.2499774,0.7988,0.8469154834747314,6.3745933
CU,4,CU_cfg4_des8,8,4,13,SAADKDGALSAAE,2.083812,1.4925774,0.7988,0.8469154834747314,10.920854
CU,4,CU_cfg4_des9,9,1,11,SSDGTDISLAE,1.2657442,1.6543726,0.8468,0.9028070569038391,23.646973
CU,4,CU_cfg4_des9,9,2,13,AAACGDGVLTAAE,1.2657442,1.6385678,0.8468,0.9028070569038391,9.663939
CU,4,CU_cfg4_des9,9,3,13,DTDGGSGALSKAE,1.2657442,1.8860862,0.8468,0.9028070569038391,24.152494
CU,4,CU_cfg4_des9,9,4,13,AAGCGDGVVNAAE,1.2657442,0.88882446,0.8468,0.9028070569038391,3.5946357
CU,4,CU_cfg4_des10,10,1,11,SDGDGVISLAE,1.3790035,1.5420948,0.8372,0.885547935962677,8.2991295
CU,4,CU_cfg4_des10,10,2,13,AAADGAGTLSAAE,1.3790035,1.4602691,0.8372,0.885547935962677,30.086184
CU,4,CU_cfg4_des10,10,3,13,DADGNGTSLSRAE,1.3790035,1.7163584,0.8372,0.885547935962677,2.753455
CU,4,CU_cfg4_des10,10,4,13,AAADADGVLDAAE,1.3790035,1.5982393,0.8372,0.885547935962677,9.759481
CU,4,CU_cfg4_des11,11,1,11,SDGSGTISLAE,1.1311274,1.0164509,0.842,0.8956880569458008,2.773843
CU,4,CU_cfg4_des11,11,2,13,AAADGDGVLSADE,1.1311274,1.447939,0.842,0.8956880569458008,8.893674
CU,4,CU_cfg4_des11,11,3,13,DTTDGDGTLSKAE,1.1311274,1.1266222,0.842,0.8956880569458008,9.1597395
CU,4,CU_cfg4_des11,11,4,13,VGSAGDGVLTAAE,1.1311274,1.5472093,0.842,0.8956880569458008,26.843637
CU,4,CU_cfg4_des12,12,1,11,SDGDGTISLAE,1.3835837,2.2377346,0.8188,0.8808361291885376,9.185628
CU,4,CU_cfg4_des12,12,2,13,RKDPAMPTLTAEE,1.3835837,1.0654422,0.8188,0.8808361291885376,32.680515
CU,4,CU_cfg4_des12,12,3,13,DKDGGNGELNKAE,1.3835837,1.6162819,0.8188,0.8808361291885376,22.932884
CU,4,CU_cfg4_des12,12,4,13,SAADGDGVLSAAE,1.3835837,1.0344983,0.8188,0.8808361291885376,26.57402
CU,4,CU_cfg4_des13,13,1,11,SSDGTVISLAE,3.2063165,4.9680057,0.7999,0.821342945098877,23.157
CU,4,CU_cfg4_des13,13,2,13,DKDGDGEVLTAEE,3.2063165,2.7861955,0.7999,0.821342945098877,4.657739
CU,4,CU_cfg4_des13,13,3,13,MKHGDTGEMTKDE,3.2063165,4.1056075,0.7999,0.821342945098877,23.46676
CU,4,CU_cfg4_des13,13,4,13,STTHGDGTISAAE,3.2063165,2.5891528,0.7999,0.821342945098877,30.234293
CU,4,CU_cfg4_des14,14,1,11,SDGDGTISLAE,2.335245,2.0732288,0.8238,0.8654621839523315,24.828005
CU,4,CU_cfg4_des14,14,2,13,RAGHSDDEITAEE,2.335245,4.2004185,0.8238,0.8654621839523315,9.357377
CU,4,CU_cfg4_des14,14,3,13,SKDGHDGSLNRAE,2.335245,2.2170014,0.8238,0.8654621839523315,23.334724
CU,4,CU_cfg4_des14,14,4,13,TAADADGVLSAAE,2.335245,1.8598657,0.8238,0.8654621839523315,26.958174
CO,0,CO_cfg0_des0,0,1,13,DTADRDGTISLAE,1.3503853,0.5491241,0.8485,0.9030962586402893,28.750443
CO,0,CO_cfg0_des0,0,2,14,VAGCPCKTKLTAED,1.3503853,2.653619,0.8485,0.9030962586402893,9.137166
CO,0,CO_cfg0_des0,0,3,12,DADGDGALSKAE,1.3503853,0.9032625,0.8485,0.9030962586402893,23.196264
CO,0,CO_cfg0_des0,0,4,15,EAECPLADGTITAAA,1.3503853,1.8140966,0.8485,0.9030962586402893,7.2508016
CO,0,CO_cfg0_des1,1,1,13,DGGDGDGTISLAE,1.2254446,1.5369815,0.8491,0.9054266810417175,23.32457
CO,0,CO_cfg0_des1,1,2,14,DKNKDGDGKLTAEE,1.2254446,2.6623979,0.8491,0.9054266810417175,29.240786
CO,0,CO_cfg0_des1,1,3,12,DADGDGTLNRAE,1.2254446,0.7588116,0.8491,0.9054266810417175,9.029328
CO,0,CO_cfg0_des1,1,4,15,DAADGDGDGTINAAE,1.2254446,0.5702784,0.8491,0.9054266810417175,8.8482485
CO,0,CO_cfg0_des2,2,1,13,DADGVDGGLSLAE,2.172247,1.5045865,0.8324,0.8864734172821045,23.65833
CO,0,CO_cfg0_des2,2,2,14,DKNKNGDGKLTAEE,2.172247,2.9249136,0.8324,0.8864734172821045,9.056201
CO,0,CO_cfg0_des2,2,3,12,DADGDGTLNRAE,2.172247,0.91462237,0.8324,0.8864734172821045,25.808273
CO,0,CO_cfg0_des2,2,4,15,TGGAAAEVGAHAVAE,2.172247,3.8612616,0.8324,0.8864734172821045,7.171849
CO,0,CO_cfg0_des3,3,1,13,DLDGADGTLSLAE,2.0774632,2.0975752,0.8361,0.8845192193984985,25.371857
CO,0,CO_cfg0_des3,3,2,14,HAPYDTDGKLTAEE,2.0774632,1.6425332,0.8361,0.8845192193984985,8.98217
CO,0,CO_cfg0_des3,3,3,12,DADGDGTLSRAE,2.0774632,1.2450134,0.8361,0.8845192193984985,23.468353
CO,0,CO_cfg0_des3,3,4,15,TAGSTSTSAAASAAE,2.0774632,4.5276513,0.8361,0.8845192193984985,9.335323
CO,0,CO_cfg0_des4,4,1,13,DFEDGDGTISLAE,0.6999935,0.84488267,0.8411,0.9044840931892395,23.335257
CO,0,CO_cfg0_des4,4,2,14,GAADGDSTALTAEE,0.6999935,0.84546685,0.8411,0.9044840931892395,4.393944
CO,0,CO_cfg0_des4,4,3,12,DADGDGVLSRAE,0.6999935,0.8197047,0.8411,0.9044840931892395,25.334991
CO,0,CO_cfg0_des4,4,4,15,VASDGRNDGTLSAAE,0.6999935,0.68195266,0.8411,0.9044840931892395,9.016194
CO,0,CO_cfg0_des5,5,1,13,DLDGGSGTISLAE,0.9116878,1.0786693,0.8605,0.9005061388015747,23.315516
CO,0,CO_cfg0_des5,5,2,14,TAGSPDPSKLTAEE,0.9116878,1.1396031,0.8605,0.9005061388015747,3.155925
CO,0,CO_cfg0_des5,5,3,12,DADGDGTLSRAE,0.9116878,0.7435524,0.8605,0.9005061388015747,25.519918
CO,0,CO_cfg0_des5,5,4,15,TAVGGTDGTTLTAAE,0.9116878,1.3603177,0.8605,0.9005061388015747,8.918576
CO,0,CO_cfg0_des6,6,1,13,DFEDGDGTISLAE,0.99831206,0.6881444,0.8558,0.9104293584823608,23.64392
CO,0,CO_cfg0_des6,6,2,14,DAAGNGDGTLTAED,0.99831206,1.0599605,0.8558,0.9104293584823608,8.763214
CO,0,CO_cfg0_des6,6,3,12,DANKDGTLSRAE,0.99831206,0.72594875,0.8558,0.9104293584823608,25.13413
CO,0,CO_cfg0_des6,6,4,15,VADCPAADGTLDAAA,0.99831206,1.7711914,0.8558,0.9104293584823608,8.773289
CO,0,CO_cfg0_des7,7,1,13,DLDGDGQGISLAE,7.446944,6.270193,0.7724,0.7584736943244934,23.154436
CO,0,CO_cfg0_des7,7,2,14,QVDKKGDGTLTAEE,7.446944,4.2438564,0.7724,0.7584736943244934,27.299622
CO,0,CO_cfg0_des7,7,3,12,DADGDGVLSRAE,7.446944,2.3606002,0.7724,0.7584736943244934,24.33908
CO,0,CO_cfg0_des7,7,4,15,HTGEADASSLLTAAE,7.446944,12.997505,0.7724,0.7584736943244934,12.253926
CO,0,CO_cfg0_des8,8,1,13,DTEDRDGRISLAE,1.1995806,0.7549933,0.837,0.9086794853210449,23.30301
CO,0,CO_cfg0_des8,8,2,14,DTNADGSGKLTAEE,1.1995806,2.5384974,0.837,0.9086794853210449,8.975165
CO,0,CO_cfg0_des8,8,3,12,DADGDGTLNRAE,1.1995806,0.94241774,0.837,0.9086794853210449,23.65832
CO,0,CO_cfg0_des8,8,4,15,DSVDGVDDGVLSAAE,1.1995806,0.8060047,0.837,0.9086794853210449,2.6481848
CO,0,CO_cfg0_des9,9,1,13,DTADGDGTISLAE,1.9520043,0.79624707,0.8447,0.8973599672317505,23.222673
CO,0,CO_cfg0_des9,9,2,14,QTDKAGDGKLTAEE,1.9520043,1.9771382,0.8447,0.8973599672317505,6.4831676
CO,0,CO_cfg0_des9,9,3,12,DADGDGTLSRAE,1.9520043,0.7863974,0.8447,0.8973599672317505,25.679323
CO,0,CO_cfg0_des9,9,4,15,DAEQRGAGGTLTAAE,1.9520043,4.2361264,0.8447,0.8973599672317505,8.684533
CO,0,CO_cfg0_des10,10,1,13,DGGDGDGTISLAE,0.9417637,0.6585789,0.8426,0.8971771001815796,2.469053
CO,0,CO_cfg0_des10,10,2,14,TAATAGDGVLSAEE,0.9417637,1.5717373,0.8426,0.8971771001815796,30.046242
CO,0,CO_cfg0_des10,10,3,12,DADGDGTLTRAE,0.9417637,0.9729041,0.8426,0.8971771001815796,3.3963976
CO,0,CO_cfg0_des10,10,4,15,AATCGDGDGTLDAAA,0.9417637,0.47100085,0.8426,0.8971771001815796,27.427008
CO,0,CO_cfg0_des11,11,1,13,EDGDGSGTISLAE,1.5239866,2.0007474,0.8445,0.8849886655807495,24.911201
CO,0,CO_cfg0_des11,11,2,14,TPAAHGSGKLTAEE,1.5239866,1.2127625,0.8445,0.8849886655807495,9.208623
CO,0,CO_cfg0_des11,11,3,12,DADGDGTLSRAE,1.5239866,1.5612986,0.8445,0.8849886655807495,26.310675
CO,0,CO_cfg0_des11,11,4,15,LSGADPADTTLTAAE,1.5239866,1.7465398,0.8445,0.8849886655807495,8.55125
CO,0,CO_cfg0_des12,12,1,13,DFIDHDGTISLAE,1.9552712,3.5311663,0.8276,0.8898513317108154,4.314577
CO,0,CO_cfg0_des12,12,2,14,SNAVDGDGKLSAEE,1.9552712,1.5936546,0.8276,0.8898513317108154,30.018991
CO,0,CO_cfg0_des12,12,3,12,DADGDGKLSRAE,1.9552712,1.3974763,0.8276,0.8898513317108154,2.7609398
CO,0,CO_cfg0_des12,12,4,15,DATCGDDDGTLDAAA,1.9552712,1.4917574,0.8276,0.8898513317108154,25.940657
CO,0,CO_cfg0_des13,13,1,13,DTEDHDGTISLAE,1.5118245,0.9962029,0.8227,0.8851656913757324,2.6591146
CO,0,CO_cfg0_des13,13,2,14,DPAGRCSFAEAVEE,1.5118245,2.6353388,0.8227,0.8851656913757324,26.472391
CO,0,CO_cfg0_des13,13,3,12,DLNKDGFLTKAE,1.5118245,1.1521702,0.8227,0.8851656913757324,2.4690468
CO,0,CO_cfg0_des13,13,4,15,ATTAADGTLRLTAAE,1.5118245,1.3604999,0.8227,0.8851656913757324,32.137554
CO,0,CO_cfg0_des14,14,1,13,DTIDGDGRISLAE,1.1032754,0.8778212,0.8404,0.9018524289131165,2.3649633
CO,0,CO_cfg0_des14,14,2,14,DKEGNGDGVLTAEE,1.1032754,1.3610264,0.8404,0.9018524289131165,2.6604743
CO,0,CO_cfg0_des14,14,3,12,DADGDGKLNRAE,1.1032754,0.890861,0.8404,0.9018524289131165,2.3863513
CO,0,CO_cfg0_des14,14,4,15,AAVDGDGDGRLSAAE,1.1032754,1.8458326,0.8404,0.9018524289131165,2.527708
CO,1,CO_cfg1_des0,0,1,10,GADGTISLAE,1.2432643,1.1863451,0.8454,0.8923717141151428,23.955183
CO,1,CO_cfg1_des0,0,2,13,SAADGDGTLSAEE,1.2432643,1.0362641,0.8454,0.8923717141151428,3.136968
CO,1,CO_cfg1_des0,0,3,11,DNGDGTLTRAE,1.2432643,1.7531161,0.8454,0.8923717141151428,2.8109763
CO,1,CO_cfg1_des0,0,4,13,LGDCTDGVLTAAE,1.2432643,0.7796244,0.8454,0.8923717141151428,3.230664
CO,1,CO_cfg1_des1,1,1,10,STDGTISLAE,1.7489974,2.592129,0.8568,0.9058804512023926,9.4333
CO,1,CO_cfg1_des1,1,2,13,AKACGSGTLSAEE,1.7489974,2.0061488,0.8568,0.9058804512023926,23.386034
CO,1,CO_cfg1_des1,1,3,11,SDGSGTLTRAE,1.7489974,2.5616162,0.8568,0.9058804512023926,26.181578
CO,1,CO_cfg1_des1,1,4,13,EGAEQDGVLDAAE,1.7489974,1.4809117,0.8568,0.9058804512023926,25.427584
CO,1,CO_cfg1_des2,2,1,10,SSDGEISLAE,1.1238126,0.6305153,0.8385,0.8926464319229126,26.376215
CO,1,CO_cfg1_des2,2,2,13,SDGTDPDTLTAEE,1.1238126,1.7007854,0.8385,0.8926464319229126,8.68351
CO,1,CO_cfg1_des2,2,3,11,DNGDGVLDRAE,1.1238126,1.5953624,0.8385,0.8926464319229126,23.51151
CO,1,CO_cfg1_des2,2,4,13,GGTDASSTLTAAE,1.1238126,0.679037,0.8385,0.8926464319229126,30.86646
CO,1,CO_cfg1_des3,3,1,10,SSDGTISLAE,1.5445281,1.9347516,0.8572,0.9031307101249695,22.713638
CO,1,CO_cfg1_des3,3,2,13,DTDGSGTTLSAEE,1.5445281,1.1596708,0.8572,0.9031307101249695,8.684481
CO,1,CO_cfg1_des3,3,3,11,SNGDGTLSRAE,1.5445281,2.5814152,0.8572,0.9031307101249695,9.22881
CO,1,CO_cfg1_des3,3,4,13,ESTPGAGSLTAAE,1.5445281,1.4105043,0.8572,0.9031307101249695,25.955675
CO,1,CO_cfg1_des4,4,1,10,GSDGTISLAE,2.5528722,3.6666963,0.8122,0.8152437806129456,23.029665
CO,1,CO_cfg1_des4,4,2,13,FPDGGVCGRDAEE,2.5528722,2.360599,0.8122,0.8152437806129456,3.6601799
CO,1,CO_cfg1_des4,4,3,11,SNGDGKLSRAE,2.5528722,3.9333692,0.8122,0.8152437806129456,24.073355
CO,1,CO_cfg1_des4,4,4,13,EDGDGSGVLTAAE,2.5528722,1.9636626,0.8122,0.8152437806129456,3.2738762
CO,1,CO_cfg1_des5,5,1,10,GSDGELSLAE,1.4263952,1.5992502,0.848,0.8923516273498535,26.128027
CO,1,CO_cfg1_des5,5,2,13,AAADGDGVLTAEE,1.4263952,1.439673,0.848,0.8923516273498535,10.576127
CO,1,CO_cfg1_des5,5,3,11,SDGDGVLSRAE,1.4263952,2.327284,0.848,0.8923516273498535,10.1554365
CO,1,CO_cfg1_des5,5,4,13,SDGDGRGVLTAAE,1.4263952,1.6946986,0.848,0.8923516273498535,29.31572
CO,1,CO_cfg1_des6,6,1,10,GSDGTISLAE,1.5234902,0.64866024,0.8575,0.9012340307235718,27.28115
CO,1,CO_cfg1_des6,6,2,13,QDGDGSGTLTAEE,1.5234902,0.77645284,0.8575,0.9012340307235718,32.348118
CO,1,CO_cfg1_des6,6,3,11,SDGDGTLSRAE,1.5234902,1.2490011,0.8575,0.9012340307235718,2.7888596
CO,1,CO_cfg1_des6,6,4,13,AAAAGDTTLDAAE,1.5234902,3.4150543,0.8575,0.9012340307235718,3.1269808
CO,1,CO_cfg1_des7,7,1,10,GSDGTISLAE,1.6075342,1.505885,0.8342,0.8558157682418823,24.062693
CO,1,CO_cfg1_des7,7,2,13,DTDGDGTGLTAEE,1.6075342,1.3743855,0.8342,0.8558157682418823,10.929084
CO,1,CO_cfg1_des7,7,3,11,DPVDGRLTRAE,1.6075342,2.0005493,0.8342,0.8558157682418823,24.63086
CO,1,CO_cfg1_des7,7,4,13,AAADGDGVLTAAE,1.6075342,1.2025847,0.8342,0.8558157682418823,11.838447
CO,1,CO_cfg1_des8,8,1,10,GSDGTISLAE,1.4453272,2.3495445,0.8447,0.8908488750457764,23.895414
CO,1,CO_cfg1_des8,8,2,13,DKDPAAGTLTAEE,1.4453272,1.2692924,0.8447,0.8908488750457764,26.30974
CO,1,CO_cfg1_des8,8,3,11,DNGDGTLTRAE,1.4453272,1.5802351,0.8447,0.8908488750457764,24.142052
CO,1,CO_cfg1_des8,8,4,13,EGAAGDGVLTAAE,1.4453272,1.6824079,0.8447,0.8908488750457764,26.144806
CO,1,CO_cfg1_des9,9,1,10,GADGTISLAE,1.5383631,1.8859265,0.8585,0.8999739289283752,29.10647
CO,1,CO_cfg1_des9,9,2,13,NTDKKEDVLTAEE,1.5383631,1.3326188,0.8585,0.8999739289283752,2.921857
CO,1,CO_cfg1_des9,9,3,11,SNGDGVLSRAE,1.5383631,2.203897,0.8585,0.8999739289283752,24.107565
CO,1,CO_cfg1_des9,9,4,13,DAADNSGVLTAAE,1.5383631,1.2599297,0.8585,0.8999739289283752,26.50767
CO,1,CO_cfg1_des10,10,1,10,SSDGTIDLAE,1.1101936,0.79701394,0.8451,0.9050226807594299,3.4777958
CO,1,CO_cfg1_des10,10,2,13,CSPSCSDRLTAEE,1.1101936,2.2301698,0.8451,0.9050226807594299,26.384184
CO,1,CO_cfg1_des10,10,3,11,SKDGKALSRAE,1.1101936,0.6800462,0.8451,0.9050226807594299,25.151878
CO,1,CO_cfg1_des10,10,4,13,SVADGDGVLTAAE,1.1101936,0.9028827,0.8451,0.9050226807594299,7.7938247
CO,1,CO_cfg1_des11,11,1,10,DDGDGDWLAE,6.2650814,4.4357243,0.8001,0.8373154997825623,2.9317658
CO,1,CO_cfg1_des11,11,2,13,DKDGNHTALTAEE,6.2650814,3.2996187,0.8001,0.8373154997825623,25.192276
CO,1,CO_cfg1_des11,11,3,11,SNGDGVLSRAE,6.2650814,5.4780874,0.8001,0.8373154997825623,22.291037
CO,1,CO_cfg1_des11,11,4,13,EDVGAPGDTRAAE,6.2650814,13.324537,0.8001,0.8373154997825623,21.87477
CO,1,CO_cfg1_des12,12,1,10,SSDGTISLAE,1.7654817,2.708426,0.8455,0.8921474814414978,8.924357
CO,1,CO_cfg1_des12,12,2,13,DKDGSGTTLSAEE,1.7654817,1.195467,0.8455,0.8921474814414978,15.67924
CO,1,CO_cfg1_des12,12,3,11,SNGDGTLSRAE,1.7654817,2.5187964,0.8455,0.8921474814414978,2.8087502
CO,1,CO_cfg1_des12,12,4,13,EAGGTLGVLDAAE,1.7654817,2.5351532,0.8455,0.8921474814414978,29.102633
CO,1,CO_cfg1_des13,13,1,10,SSDGTISLAE,1.2882047,1.213084,0.8548,0.9032396674156189,23.338272
CO,1,CO_cfg1_des13,13,2,13,LGGDGAGVLTAEE,1.2882047,1.8622907,0.8548,0.9032396674156189,25.457521
CO,1,CO_cfg1_des13,13,3,11,SNGDGALTRAE,1.2882047,2.248431,0.8548,0.9032396674156189,26.028917
CO,1,CO_cfg1_des13,13,4,13,DTDGTDGTLDAAE,1.2882047,1.0578547,0.8548,0.9032396674156189,2.4209316
CO,1,CO_cfg1_des14,14,1,10,SSDGRISLAE,1.5380772,2.6657045,0.846,0.8991518616676331,23.502176
CO,1,CO_cfg1_des14,14,2,13,DKDGNGKTLTAEE,1.5380772,1.1605831,0.846,0.8991518616676331,9.836808
CO,1,CO_cfg1_des14,14,3,11,SKCGKSLTRAE,1.5380772,1.6117693,0.846,0.8991518616676331,25.341833
CO,1,CO_cfg1_des14,14,4,13,SAADADGYLSAAE,1.5380772,2.030178,0.846,0.8991518616676331,2.759967
CO,2,CO_cfg2_des0,0,1,11,SDGDGTISLAE,4.431726,2.9272845,0.8369,0.8698344826698303,5.2702765
CO,2,CO_cfg2_des0,0,2,15,VAACPAKDGTLSAEE,4.431726,3.4549642,0.8369,0.8698344826698303,33.945236
CO,2,CO_cfg2_des0,0,3,15,DAFCPARDGTLDRAA,4.431726,4.9312105,0.8369,0.8698344826698303,22.916613
CO,2,CO_cfg2_des0,0,4,15,VATCARKDGTLDAAA,4.431726,3.511258,0.8369,0.8698344826698303,7.9829407
CO,2,CO_cfg2_des1,1,1,11,SDGDGTISLAE,1.7924665,1.4959953,0.8228,0.8494069576263428,9.217564
CO,2,CO_cfg2_des1,1,2,15,TGGKEACTLAEAIEE,1.7924665,2.1186147,0.8228,0.8494069576263428,9.60835
CO,2,CO_cfg2_des1,1,3,15,LDAEGKGDGRLSRAD,1.7924665,2.8681228,0.8228,0.8494069576263428,24.172014
CO,2,CO_cfg2_des1,1,4,15,SVADGRGDGVLTAAE,1.7924665,1.255229,0.8228,0.8494069576263428,12.783393
CO,2,CO_cfg2_des2,2,1,11,SDGSGTISLAE,2.6851213,2.1198773,0.8385,0.8447645902633667,18.711512
CO,2,CO_cfg2_des2,2,2,15,TNGAAACSIADAIEE,2.6851213,2.4779243,0.8385,0.8447645902633667,28.866663
CO,2,CO_cfg2_des2,2,3,15,LPLDTEYDDQLSRAA,2.6851213,4.4569325,0.8385,0.8447645902633667,4.0422997
CO,2,CO_cfg2_des2,2,4,15,TGDGDAANPALTAAE,2.6851213,3.0721142,0.8385,0.8447645902633667,8.869424
CO,2,CO_cfg2_des3,3,1,11,SDGDGTISLAE,2.1312673,1.4750533,0.8044,0.8240205645561218,2.8825207
CO,2,CO_cfg2_des3,3,2,15,TGGKGHCSRADAIEE,2.1312673,2.055727,0.8044,0.8240205645561218,29.019762
CO,2,CO_cfg2_des3,3,3,15,QAFCAAGDGGLSRAE,2.1312673,2.59434,0.8044,0.8240205645561218,23.297937
CO,2,CO_cfg2_des3,3,4,15,DAADGRNDGLIDAAE,2.1312673,1.7525032,0.8044,0.8240205645561218,2.4404962
CO,2,CO_cfg2_des4,4,1,11,SDGDGTISLAE,2.0892937,1.9069103,0.8216,0.8549860715866089,8.709794
CO,2,CO_cfg2_des4,4,2,15,DKNLDGSGTTLTAEE,2.0892937,3.330135,0.8216,0.8549860715866089,9.3943615
CO,2,CO_cfg2_des4,4,3,15,TEGCPAADGNLSRAE,2.0892937,2.6830153,0.8216,0.8549860715866089,24.05606
CO,2,CO_cfg2_des4,4,4,15,NPAYSAAHATLDAAE,2.0892937,1.6294602,0.8216,0.8549860715866089,29.126047
CO,2,CO_cfg2_des5,5,1,11,SDGDGAISRAE,2.780834,2.3380032,0.8244,0.8673068284988403,2.8137448
CO,2,CO_cfg2_des5,5,2,15,TNGKPACTRAEAIEE,2.780834,2.4835153,0.8244,0.8673068284988403,27.19478
CO,2,CO_cfg2_des5,5,3,15,DKDAETGATEFTKAE,2.780834,5.501429,0.8244,0.8673068284988403,25.212637
CO,2,CO_cfg2_des5,5,4,15,LAVDAVDDGTITAAE,2.780834,1.6201876,0.8244,0.8673068284988403,2.9793737
CO,2,CO_cfg2_des6,6,1,11,SDGDGTISLAE,2.6233807,2.3594577,0.8193,0.8593890070915222,2.9316242
CO,2,CO_cfg2_des6,6,2,15,DKDGNGVIDKSSVDE,2.6233807,3.1612923,0.8193,0.8593890070915222,30.532387
CO,2,CO_cfg2_des6,6,3,15,TLDGKKEDLCLSRAE,2.6233807,3.5996096,0.8193,0.8593890070915222,5.7891517
CO,2,CO_cfg2_des6,6,4,15,EATCATKDGTLDAAA,2.6233807,2.9874024,0.8193,0.8593890070915222,30.210785
CO,2,CO_cfg2_des7,7,1,11,DIHDMACALPE,7.8460183,4.0276036,0.7229,0.5589939951896667,8.33473
CO,2,CO_cfg2_des7,7,2,15,DKNKRGAFLVGESDE,7.8460183,11.379327,0.7229,0.5589939951896667,25.943563
CO,2,CO_cfg2_des7,7,3,15,DGCGDGTGQCLSKAE,7.8460183,8.860891,0.7229,0.5589939951896667,30.051195
CO,2,CO_cfg2_des7,7,4,15,TGGCTSDSRAALEAE,7.8460183,6.9839516,0.7229,0.5589939951896667,19.889725
CO,2,CO_cfg2_des8,8,1,11,SDGDGTISLAE,1.6821693,0.8831689,0.8404,0.8664640784263611,23.709005
CO,2,CO_cfg2_des8,8,2,15,DVNKDGAPATLTAEE,1.6821693,2.9524217,0.8404,0.8664640784263611,26.92465
CO,2,CO_cfg2_des8,8,3,15,DTASGTGNGTLTRAE,1.6821693,2.9411027,0.8404,0.8664640784263611,2.4480598
CO,2,CO_cfg2_des8,8,4,15,VDVGGDGDGTLTAAE,1.6821693,0.84291226,0.8404,0.8664640784263611,2.5426874
CO,2,CO_cfg2_des9,9,1,11,SDGDGTISLAE,3.0576668,1.9582579,0.8359,0.8728691339492798,23.031244
CO,2,CO_cfg2_des9,9,2,15,DKNGIGYFSAEDADE,3.0576668,2.3755574,0.8359,0.8728691339492798,3.8990479
CO,2,CO_cfg2_des9,9,3,15,STSAVYGDGGLTRAE,3.0576668,5.9525023,0.8359,0.8728691339492798,26.26695
CO,2,CO_cfg2_des9,9,4,15,AAECPLADGTINAAA,3.0576668,2.2524655,0.8359,0.8728691339492798,8.039344
CO,2,CO_cfg2_des10,10,1,11,SDGDGTISLAE,1.0426828,0.56758153,0.8346,0.8551898002624512,23.96202
CO,2,CO_cfg2_des10,10,2,15,DTDGSGVFTAANIDE,1.0426828,0.83483434,0.8346,0.8551898002624512,6.469148
CO,2,CO_cfg2_des10,10,3,15,AALCPAGDGGLNRAG,1.0426828,1.8651915,0.8346,0.8551898002624512,25.210213
CO,2,CO_cfg2_des10,10,4,15,VAECAAGDGTLDAAA,1.0426828,1.071784,0.8346,0.8551898002624512,8.618849
CO,2,CO_cfg2_des11,11,1,11,SDGDGTISLAE,2.5529227,2.6509461,0.832,0.8670148253440857,26.228167
CO,2,CO_cfg2_des11,11,2,15,SCGKGAMTFAEAAEE,2.5529227,2.74139,0.832,0.8670148253440857,6.0557923
CO,2,CO_cfg2_des11,11,3,15,EVFCPAGDGRLTRAA,2.5529227,3.1986225,0.832,0.8670148253440857,26.11319
CO,2,CO_cfg2_des11,11,4,15,EATCPRADGTLDAAA,2.5529227,2.4944844,0.832,0.8670148253440857,8.398413
CO,2,CO_cfg2_des12,12,1,11,SDGDGTISLAE,2.4188085,1.1091362,0.811,0.8471359610557556,5.9073195
CO,2,CO_cfg2_des12,12,2,15,SASKTHMPPGHAAKE,2.4188085,2.9076054,0.811,0.8471359610557556,15.221725
CO,2,CO_cfg2_des12,12,3,15,DTDPACKGEGISRAE,2.4188085,3.9637575,0.811,0.8471359610557556,23.907236
CO,2,CO_cfg2_des12,12,4,15,VATCAAGDGTITAAA,2.4188085,1.1547612,0.811,0.8471359610557556,28.502974
CO,2,CO_cfg2_des13,13,1,11,SDGDGTISLAE,2.0443666,1.4599838,0.8375,0.8711236119270325,24.091707
CO,2,CO_cfg2_des13,13,2,15,SDGKGRMDVAEAIEE,2.0443666,2.4116664,0.8375,0.8711236119270325,28.987604
CO,2,CO_cfg2_des13,13,3,15,LAFDPDGDGSLTRAS,2.0443666,2.1505222,0.8375,0.8711236119270325,3.0766551
CO,2,CO_cfg2_des13,13,4,15,TAVCPAKDGTLTAAE,2.0443666,2.590559,0.8375,0.8711236119270325,8.140185
CO,2,CO_cfg2_des14,14,1,11,SDGDGVISLAE,15.358833,18.194963,0.7429,0.6616237163543701,22.436777
CO,2,CO_cfg2_des14,14,2,15,TCSSGENTWEEAIEE,15.358833,14.917451,0.7429,0.6616237163543701,6.89757
CO,2,CO_cfg2_des14,14,3,15,DLALDGDPTKFTKAE,15.358833,21.609146,0.7429,0.6616237163543701,10.431907
CO,2,CO_cfg2_des14,14,4,15,CVGCSGAPGTLTAAD,15.358833,16.531721,0.7429,0.6616237163543701,12.888797
CO,3,CO_cfg3_des0,0,1,11,SADGVTISLAE,1.4697092,0.45139205,0.8619,0.9010205268859863,25.81661
CO,3,CO_cfg3_des0,0,2,13,QKGDGSGTLTAEE,1.4697092,1.9361105,0.8619,0.9010205268859863,29.624542
CO,3,CO_cfg3_des0,0,3,15,DTDTATPSNTLTRAE,1.4697092,2.7805738,0.8619,0.9010205268859863,6.055279
CO,3,CO_cfg3_des0,0,4,14,AANGDGSGVISAAE,1.4697092,1.6511127,0.8619,0.9010205268859863,26.990477
CO,3,CO_cfg3_des1,1,1,11,SDGDGVISLAE,1.8259141,1.1667274,0.8547,0.894981861114502,2.7887852
CO,3,CO_cfg3_des1,1,2,13,SAADGDGLLSAEE,1.8259141,0.7550871,0.8547,0.894981861114502,29.171667
CO,3,CO_cfg3_des1,1,3,15,DTLDGKGDGRLSRAE,1.8259141,3.4796631,0.8547,0.894981861114502,9.224481
CO,3,CO_cfg3_des1,1,4,14,DAEGDGDGVLNAAE,1.8259141,1.5246226,0.8547,0.894981861114502,25.544
CO,3,CO_cfg3_des2,2,1,11,SDGDGTVSRAE,1.6569734,1.55048,0.8466,0.8895338177680969,2.5634282
CO,3,CO_cfg3_des2,2,2,13,DKDGSGTTLSAEE,1.6569734,1.1481364,0.8466,0.8895338177680969,28.863302
CO,3,CO_cfg3_des2,2,3,15,STNAAGGVLELSRAE,1.6569734,2.684396,0.8466,0.8895338177680969,8.700207
CO,3,CO_cfg3_des2,2,4,14,GLADGDSEAAAAVE,1.6569734,1.4167846,0.8466,0.8895338177680969,13.158864
CO,3,CO_cfg3_des3,3,1,11,SDGSGTISLAE,2.3844442,1.6897166,0.8581,0.9017218947410583,23.782646
CO,3,CO_cfg3_des3,3,2,13,DTDKKDGTLSAEE,2.3844442,1.8098855,0.8581,0.9017218947410583,29.215364
CO,3,CO_cfg3_des3,3,3,15,MNLDKRGDGKLSRAE,2.3844442,3.0922425,0.8581,0.9017218947410583,26.17856
CO,3,CO_cfg3_des3,3,4,14,DTNADGDGVLTAAE,2.3844442,3.000202,0.8581,0.9017218947410583,9.780632
CO,3,CO_cfg3_des4,4,1,11,SDGDGTISLAE,1.465159,0.8686763,0.8478,0.8958597183227539,9.2067
CO,3,CO_cfg3_des4,4,2,13,AAGCGDGVLSAEE,1.465159,1.8691858,0.8478,0.8958597183227539,6.673487
CO,3,CO_cfg3_des4,4,3,15,DTGSGVQDGKLSRAE,1.465159,1.3932664,0.8478,0.8958597183227539,24.263567
CO,3,CO_cfg3_des4,4,4,14,DANADGDGKINAAE,1.465159,2.7595868,0.8478,0.8958597183227539,26.17336
CO,3,CO_cfg3_des5,5,1,11,SDGDGTISLAE,1.9633689,1.4395907,0.8389,0.8598668575286865,8.098689
CO,3,CO_cfg3_des5,5,2,13,DKDGSGTELSAEE,1.9633689,0.9490864,0.8389,0.8598668575286865,27.794975
CO,3,CO_cfg3_des5,5,3,15,DKEHPEDGKSISRAE,1.9633689,3.9417458,0.8389,0.8598668575286865,8.820965
CO,3,CO_cfg3_des5,5,4,14,AAGGDGDGTISAAE,1.9633689,1.0705373,0.8389,0.8598668575286865,28.255316
CO,3,CO_cfg3_des6,6,1,11,SPDGRGISLAE,2.1607137,1.9183822,0.8315,0.8592970967292786,24.162569
CO,3,CO_cfg3_des6,6,2,13,QKDGDPNYVSAEE,2.1607137,3.5130641,0.8315,0.8592970967292786,9.179324
CO,3,CO_cfg3_des6,6,3,15,DFDKDGDPSKLSRAE,2.1607137,2.1413944,0.8315,0.8592970967292786,25.193644
CO,3,CO_cfg3_des6,6,4,14,LTDGDGSGLLSAAE,2.1607137,2.2925162,0.8315,0.8592970967292786,25.965683
CO,3,CO_cfg3_des7,7,1,11,SDGDGTISLAE,2.7738445,1.5133502,0.8334,0.8691367506980896,25.880869
CO,3,CO_cfg3_des7,7,2,13,QKDPASGVLTAEE,2.7738445,1.1146184,0.8334,0.8691367506980896,29.3575
CO,3,CO_cfg3_des7,7,3,15,VDLSKHGKLVLTRAE,2.7738445,4.9269867,0.8334,0.8691367506980896,24.750727
CO,3,CO_cfg3_des7,7,4,14,DSGADGDGTINAAE,2.7738445,3.1026843,0.8334,0.8691367506980896,8.965037
CO,3,CO_cfg3_des8,8,1,11,SDGDGTISLPE,1.2286197,1.5375851,0.847,0.8808698058128357,9.642045
CO,3,CO_cfg3_des8,8,2,13,DVDGRGDVLTAEE,1.2286197,1.326299,0.847,0.8808698058128357,31.035822
CO,3,CO_cfg3_des8,8,3,15,ATSTPEKPDELSRAD,1.2286197,1.1821629,0.847,0.8808698058128357,23.12071
CO,3,CO_cfg3_des8,8,4,14,DTKKDGKGTLDAAE,1.2286197,1.4218615,0.847,0.8808698058128357,29.649256
CO,3,CO_cfg3_des9,9,1,11,SDGDGTISLAE,1.9068002,1.157554,0.8386,0.8674244284629822,2.7651615
CO,3,CO_cfg3_des9,9,2,13,SKDPAATTLTAEE,1.9068002,1.1136501,0.8386,0.8674244284629822,29.155539
CO,3,CO_cfg3_des9,9,3,15,ESASHQGSGKLSRAE,1.9068002,3.2195957,0.8386,0.8674244284629822,26.999998
CO,3,CO_cfg3_des9,9,4,14,VAVGDGDGTLTAAE,1.9068002,1.0861075,0.8386,0.8674244284629822,2.6612196
CO,3,CO_cfg3_des10,10,1,11,SDGDGTISLAE,1.961955,1.2600657,0.8415,0.8767467141151428,8.441135
CO,3,CO_cfg3_des10,10,2,13,SNGDGSGTLTAEE,1.961955,1.7869729,0.8415,0.8767467141151428,33.40193
CO,3,CO_cfg3_des10,10,3,15,DTEDKKGNLTLSRAE,1.961955,4.171835,0.8415,0.8767467141151428,24.58265
CO,3,CO_cfg3_des10,10,4,14,AAVGDGDGTLSAAE,1.961955,1.2631139,0.8415,0.8767467141151428,12.568427
CO,3,CO_cfg3_des11,11,1,11,DADGDGISLAE,1.7149898,1.4887038,0.8199,0.8527013063430786,2.2672746
CO,3,CO_cfg3_des11,11,2,13,DKDGTGTVLTAEE,1.7149898,1.172095,0.8199,0.8527013063430786,29.958067
CO,3,CO_cfg3_des11,11,3,15,DSDGKGYLGANGRAE,1.7149898,2.0636313,0.8199,0.8527013063430786,3.0292988
CO,3,CO_cfg3_des11,11,4,14,TAGGADPSILSAAE,1.7149898,1.070547,0.8199,0.8527013063430786,29.51034
CO,3,CO_cfg3_des12,12,1,11,SDGDGTISLAE,1.6638591,1.4565047,0.8484,0.8906412720680237,22.739326
CO,3,CO_cfg3_des12,12,2,13,STVCGDGLLSAEE,1.6638591,1.0279989,0.8484,0.8906412720680237,29.125116
CO,3,CO_cfg3_des12,12,3,15,DTGACGDPTVLSRAE,1.6638591,2.125744,0.8484,0.8906412720680237,24.328552
CO,3,CO_cfg3_des12,12,4,14,QTAGDGDGTIDAAE,1.6638591,2.5053678,0.8484,0.8906412720680237,29.732748
CO,3,CO_cfg3_des13,13,1,11,SDGDGTISLAE,1.0796183,1.155821,0.8392,0.8888686299324036,2.818539
CO,3,CO_cfg3_des13,13,2,13,DKDGSGTKLSAEE,1.0796183,0.9615826,0.8392,0.8888686299324036,29.401787
CO,3,CO_cfg3_des13,13,3,15,DDNSCGDPNALSRAE,1.0796183,0.86636615,0.8392,0.8888686299324036,25.29323
CO,3,CO_cfg3_des13,13,4,14,TAGGDGDGKLTAAE,1.0796183,0.8722576,0.8392,0.8888686299324036,26.858856
CO,3,CO_cfg3_des14,14,1,11,SDGDGTISLAE,2.418664,0.98359126,0.8272,0.8545597791671753,2.8490732
CO,3,CO_cfg3_des14,14,2,13,MKDPAAGVLTAEE,2.418664,0.86700326,0.8272,0.8545597791671753,30.260962
CO,3,CO_cfg3_des14,14,3,15,DLDSNGKGGKLDRAE,2.418664,4.477717,0.8272,0.8545597791671753,23.14248
CO,3,CO_cfg3_des14,14,4,14,DTDGDGSGTLNAAE,2.418664,1.5058455,0.8272,0.8545597791671753,2.7772987
CO,4,CO_cfg4_des0,0,1,11,SDGDGTISLAE,1.1329327,1.2638036,0.8613,0.9075512886047363,23.473053
CO,4,CO_cfg4_des0,0,2,11,SNGDGYLTAEE,1.1329327,1.8363563,0.8613,0.9075512886047363,30.499384
CO,4,CO_cfg4_des0,0,3,13,DTENHDGRLSRDE,1.1329327,1.282052,0.8613,0.9075512886047363,25.19975
CO,4,CO_cfg4_des0,0,4,11,ANGGSTLDAAE,1.1329327,1.1714934,0.8613,0.9075512886047363,8.642729
CO,4,CO_cfg4_des1,1,1,11,SDGDGTISLAE,1.0797997,1.3189782,0.866,0.9111382365226746,2.814648
CO,4,CO_cfg4_des1,1,2,11,DNGDGVLTAEE,1.0797997,1.0620375,0.866,0.9111382365226746,29.5783
CO,4,CO_cfg4_des1,1,3,13,DTKDGDGTLDRAE,1.0797997,1.2056044,0.866,0.9111382365226746,9.222037
CO,4,CO_cfg4_des1,1,4,11,DDGSGTLDAAE,1.0797997,1.2285472,0.866,0.9111382365226746,26.905352
CO,4,CO_cfg4_des2,2,1,11,SDGDGTISLAE,1.2867801,1.3273726,0.8566,0.9073407053947449,25.508612
CO,4,CO_cfg4_des2,2,2,11,SNGDGTLSAEE,1.2867801,1.436138,0.8566,0.9073407053947449,29.550522
CO,4,CO_cfg4_des2,2,3,13,DTVDKDGTLSRAE,1.2867801,1.5620358,0.8566,0.9073407053947449,23.523636
CO,4,CO_cfg4_des2,2,4,11,SNGGSSLTAAE,1.2867801,1.001057,0.8566,0.9073407053947449,26.16771
CO,4,CO_cfg4_des3,3,1,11,DDGDGVLSLAE,2.3054507,1.3654621,0.8527,0.8909685611724854,23.541372
CO,4,CO_cfg4_des3,3,2,11,SDGSGYLSAEE,2.3054507,2.1463106,0.8527,0.8909685611724854,9.9602995
CO,4,CO_cfg4_des3,3,3,13,DADGAGTHLSRDE,2.3054507,1.5899805,0.8527,0.8909685611724854,23.676329
CO,4,CO_cfg4_des3,3,4,11,TADTSLSTAEE,2.3054507,5.826731,0.8527,0.8909685611724854,8.793315
CO,4,CO_cfg4_des4,4,1,11,DDGDGTLSLAE,1.5273277,1.2663381,0.8528,0.9058234691619873,23.280005
CO,4,CO_cfg4_des4,4,2,11,SNGDGVLTAEE,1.5273277,1.6507202,0.8528,0.9058234691619873,9.318641
CO,4,CO_cfg4_des4,4,3,13,DTKDGDGTLDRAE,1.5273277,1.3221793,0.8528,0.9058234691619873,24.039316
CO,4,CO_cfg4_des4,4,4,11,ETAGGGDVAAS,1.5273277,2.557252,0.8528,0.9058234691619873,11.395991
CO,4,CO_cfg4_des5,5,1,11,SDGDGTISLAE,2.1103168,1.8099091,0.8421,0.8701368570327759,9.391267
CO,4,CO_cfg4_des5,5,2,11,SNGDGVLTAEE,2.1103168,1.9589316,0.8421,0.8701368570327759,29.796202
CO,4,CO_cfg4_des5,5,3,13,DADGRGLFLSRAE,2.1103168,3.5423365,0.8421,0.8701368570327759,23.277435
CO,4,CO_cfg4_des5,5,4,11,SNGDGTISAAE,2.1103168,1.628691,0.8421,0.8701368570327759,29.383537
CO,4,CO_cfg4_des6,6,1,11,DPDGGDLTLAE,1.1230359,1.145524,0.824,0.8581500053405762,24.082144
CO,4,CO_cfg4_des6,6,2,11,SGGAGALTAEE,1.1230359,1.0332106,0.824,0.8581500053405762,10.536298
CO,4,CO_cfg4_des6,6,3,13,EQGDGDGTLSRPE,1.1230359,1.1912215,0.824,0.8581500053405762,24.885645
CO,4,CO_cfg4_des6,6,4,11,TDPAVPDPAAE,1.1230359,1.8298571,0.824,0.8581500053405762,13.191306
CO,4,CO_cfg4_des7,7,1,11,SDGDGTISLAE,0.9634377,0.9015599,0.8611,0.905975341796875,24.56431
CO,4,CO_cfg4_des7,7,2,11,SGGDATLTAEE,0.9634377,0.99818504,0.8611,0.905975341796875,9.233028
CO,4,CO_cfg4_des7,7,3,13,DKDGDGGVLSRDE,0.9634377,1.2177305,0.8611,0.905975341796875,24.408926
CO,4,CO_cfg4_des7,7,4,11,ANGGPTLTAAE,0.9634377,1.1510854,0.8611,0.905975341796875,8.862812
CO,4,CO_cfg4_des8,8,1,11,DDGDGTISLAE,0.8571673,1.0269852,0.8584,0.9098975658416748,24.129038
CO,4,CO_cfg4_des8,8,2,11,SKDGVTLTAEE,0.8571673,0.8433835,0.8584,0.9098975658416748,9.636501
CO,4,CO_cfg4_des8,8,3,13,DTVHHDGTLDRAE,0.8571673,0.86431,0.8584,0.9098975658416748,24.545622
CO,4,CO_cfg4_des8,8,4,11,SDGSGTLTAAE,0.8571673,1.2025795,0.8584,0.9098975658416748,8.904852
CO,4,CO_cfg4_des9,9,1,11,SDGDGVISLAE,1.0126809,0.752431,0.8474,0.8973127603530884,3.6759424
CO,4,CO_cfg4_des9,9,2,11,SNGDGVLTAEE,1.0126809,1.4823087,0.8474,0.8973127603530884,29.111977
CO,4,CO_cfg4_des9,9,3,13,DADGTAPALTRPE,1.0126809,1.5967469,0.8474,0.8973127603530884,23.2955
CO,4,CO_cfg4_des9,9,4,11,SDGSGTLTAAE,1.0126809,0.91672343,0.8474,0.8973127603530884,29.288048
CO,4,CO_cfg4_des10,10,1,11,SDGCGVISLAE,1.0964526,1.6213536,0.8428,0.8903590440750122,23.337011
CO,4,CO_cfg4_des10,10,2,11,SDGDGYLTAEE,1.0964526,0.7450392,0.8428,0.8903590440750122,30.204475
CO,4,CO_cfg4_des10,10,3,13,DKDGDKKKLSRDE,1.0964526,1.6521953,0.8428,0.8903590440750122,9.481827
CO,4,CO_cfg4_des10,10,4,11,SDGCGTLDAAE,1.0964526,1.2480057,0.8428,0.8903590440750122,10.590338
CO,4,CO_cfg4_des11,11,1,11,SDGDGTISLAE,1.025503,1.0866737,0.8494,0.8909978866577148,2.969838
CO,4,CO_cfg4_des11,11,2,11,SNGDGVLSAEE,1.025503,1.7782731,0.8494,0.8909978866577148,29.442492
CO,4,CO_cfg4_des11,11,3,13,DADGDKKTLTRDE,1.025503,1.2756941,0.8494,0.8909978866577148,2.5407116
CO,4,CO_cfg4_des11,11,4,11,ANGDDTLTAAE,1.025503,1.0381472,0.8494,0.8909978866577148,30.578772
CO,4,CO_cfg4_des12,12,1,11,SDGDGTISLAE,1.1205132,1.3374352,0.8554,0.9074432253837585,23.607946
CO,4,CO_cfg4_des12,12,2,11,DDGCGKLSAEE,1.1205132,1.044451,0.8554,0.9074432253837585,5.0232406
CO,4,CO_cfg4_des12,12,3,13,DTKDGDGTLDRAE,1.1205132,1.285542,0.8554,0.9074432253837585,8.898689
CO,4,CO_cfg4_des12,12,4,11,ANGGSSLTAAE,1.1205132,1.2299942,0.8554,0.9074432253837585,8.2922
CO,4,CO_cfg4_des13,13,1,11,SDGDGTISLAE,0.98442376,1.2282022,0.8484,0.8970636129379272,9.038903
CO,4,CO_cfg4_des13,13,2,11,SDGDGVLSAEE,0.98442376,0.86247873,0.8484,0.8970636129379272,30.893755
CO,4,CO_cfg4_des13,13,3,13,DADGRGNTLSRDE,0.98442376,1.2513423,0.8484,0.8970636129379272,8.955938
CO,4,CO_cfg4_des13,13,4,11,SDGDGTLSAAE,0.98442376,0.9255538,0.8484,0.8970636129379272,8.392423
CO,4,CO_cfg4_des14,14,1,11,SDGDGTISLAE,0.8161464,0.6884486,0.8608,0.9013435244560242,23.691063
CO,4,CO_cfg4_des14,14,2,11,SNGDGILTAEE,0.8161464,1.3509915,0.8608,0.9013435244560242,3.2825756
CO,4,CO_cfg4_des14,14,3,13,DADKDGKGLSREE,0.8161464,0.70188147,0.8608,0.9013435244560242,23.700731
CO,4,CO_cfg4_des14,14,4,11,SDGSGSLTAAE,0.8161464,1.1149806,0.8608,0.9013435244560242,13.780556
MN,0,MN_cfg0_des0,0,1,11,DDGSGTISLAE,4.7113547,1.7187662,0.8379,0.8842387199401855,23.420143
MN,0,MN_cfg0_des0,0,2,15,EAACPAKDGRLTAED,4.7113547,3.259711,0.8379,0.8842387199401855,3.886961
MN,0,MN_cfg0_des0,0,3,13,DTVDGDGTLDRAE,4.7113547,5.6560583,0.8379,0.8842387199401855,25.16488
MN,0,MN_cfg0_des0,0,4,15,CTHASDASATLTAAE,4.7113547,5.063893,0.8379,0.8842387199401855,8.827062
MN,0,MN_cfg0_des1,1,1,11,SDGDGKISLAE,2.5930564,1.6675029,0.835,0.8820107579231262,11.741923
MN,0,MN_cfg0_des1,1,2,15,DKDGSGFFSKAGAEE,2.5930564,2.9926317,0.835,0.8820107579231262,29.078287
MN,0,MN_cfg0_des1,1,3,13,DLDGSGKGLSRAE,2.5930564,5.0707245,0.835,0.8820107579231262,23.65194
MN,0,MN_cfg0_des1,1,4,15,LDEGGCTDGLLSAAE,2.5930564,1.3175552,0.835,0.8820107579231262,29.987053
MN,0,MN_cfg0_des2,2,1,11,SDGDGTISLAE,1.4222798,1.4960582,0.8431,0.897717297077179,23.029688
MN,0,MN_cfg0_des2,2,2,15,LKKCKTGDGRLSAEE,1.4222798,1.7058233,0.8431,0.897717297077179,3.4478343
MN,0,MN_cfg0_des2,2,3,13,DLDGDKKTLSRAE,1.4222798,1.6046396,0.8431,0.897717297077179,24.118546
MN,0,MN_cfg0_des2,2,4,15,CAACADGDGVIDAAE,1.4222798,1.7143073,0.8431,0.897717297077179,2.6330419
MN,0,MN_cfg0_des3,3,1,11,SDGDGRISLAE,2.5205495,1.5592909,0.8197,0.85511714220047,23.165842
MN,0,MN_cfg0_des3,3,2,15,TGGKGSCSGEEAVEE,2.5205495,1.6252043,0.8197,0.85511714220047,26.44989
MN,0,MN_cfg0_des3,3,3,13,VFDGDMSVFTRAE,2.5205495,5.3374424,0.8197,0.85511714220047,24.861275
MN,0,MN_cfg0_des3,3,4,15,AVADGDGDGLIGAAD,2.5205495,1.5795715,0.8197,0.85511714220047,2.795863
MN,0,MN_cfg0_des4,4,1,11,SDGDGTISLAE,1.3943534,1.2983106,0.8235,0.8725539445877075,23.290468
MN,0,MN_cfg0_des4,4,2,15,DKNGNGELNIAKDGD,1.3943534,2.1680117,0.8235,0.8725539445877075,3.0000553
MN,0,MN_cfg0_des4,4,3,13,DLDGDGLVLSRAE,1.3943534,1.4933844,0.8235,0.8725539445877075,24.429667
MN,0,MN_cfg0_des4,4,4,15,AVAADGDTSALTAAE,1.3943534,0.98675793,0.8235,0.8725539445877075,9.141793
MN,0,MN_cfg0_des5,5,1,11,SADGGLITLAE,1.7935765,1.3977761,0.8319,0.8670799136161804,23.78685
MN,0,MN_cfg0_des5,5,2,15,DKDGKGIFTAAEADE,1.7935765,2.7408967,0.8319,0.8670799136161804,10.7105665
MN,0,MN_cfg0_des5,5,3,13,DLDGDGGALSRAE,1.7935765,1.8448658,0.8319,0.8670799136161804,28.960592
MN,0,MN_cfg0_des5,5,4,15,VADCPAADGTLDAAA,1.7935765,2.2737734,0.8319,0.8670799136161804,9.120068
MN,0,MN_cfg0_des6,6,1,11,SDGDGTISLAE,1.0625529,1.0941964,0.8517,0.906162440776825,2.8341067
MN,0,MN_cfg0_des6,6,2,15,VKADGKGDGRLSAEE,1.0625529,1.1745574,0.8517,0.906162440776825,30.23639
MN,0,MN_cfg0_des6,6,3,13,DTKDGDGTLDRAE,1.0625529,0.9136617,0.8517,0.906162440776825,8.5380945
MN,0,MN_cfg0_des6,6,4,15,CADCPDADGKLGAAE,1.0625529,1.2886693,0.8517,0.906162440776825,27.295212
MN,0,MN_cfg0_des7,7,1,11,SDGDGTISLAE,14.84572,22.259119,0.7312,0.5048410296440125,17.28081
MN,0,MN_cfg0_des7,7,2,15,NPSGDVCSWEDAIEE,14.84572,18.29704,0.7312,0.5048410296440125,13.144023
MN,0,MN_cfg0_des7,7,3,13,DLDGNGKTFSRAE,14.84572,18.401258,0.7312,0.5048410296440125,7.964501
MN,0,MN_cfg0_des7,7,4,15,EATCPAADGKLDAAA,14.84572,16.087952,0.7312,0.5048410296440125,21.383245
MN,0,MN_cfg0_des8,8,1,11,SDGDGTIDLAE,1.1454352,1.0805007,0.8488,0.8938731551170349,23.37343
MN,0,MN_cfg0_des8,8,2,15,VAECPAKDGYLTAED,1.1454352,1.2891123,0.8488,0.8938731551170349,8.785964
MN,0,MN_cfg0_des8,8,3,13,DADGDGNKLSRAE,1.1454352,1.4259334,0.8488,0.8938731551170349,27.473923
MN,0,MN_cfg0_des8,8,4,15,VAVCPEGDGLIGAAE,1.1454352,1.1950859,0.8488,0.8938731551170349,9.1366825
MN,0,MN_cfg0_des9,9,1,11,SDGDGTLSLAE,0.92487335,0.75037336,0.8466,0.903526782989502,23.47184
MN,0,MN_cfg0_des9,9,2,15,TTLDGSNDGKLSAED,0.92487335,1.533402,0.8466,0.903526782989502,2.923838
MN,0,MN_cfg0_des9,9,3,13,DADGDGGLLSKAE,0.92487335,0.7751044,0.8466,0.903526782989502,24.922373
MN,0,MN_cfg0_des9,9,4,15,TNGADVMSADTAAAE,0.92487335,1.0694412,0.8466,0.903526782989502,9.269993
MN,0,MN_cfg0_des10,10,1,11,SDGDGTISLAE,5.8656387,3.3422287,0.7401,0.46661755442619324,3.4874156
MN,0,MN_cfg0_des10,10,2,15,FPDADSHSFAAAAEE,5.8656387,6.317247,0.7401,0.46661755442619324,25.425673
MN,0,MN_cfg0_des10,10,3,13,IRDPAANELTRAE,5.8656387,7.3771086,0.7401,0.46661755442619324,28.93157
MN,0,MN_cfg0_des10,10,4,15,SAVDGDGDGKLNAAE,5.8656387,3.4147038,0.7401,0.46661755442619324,2.4166253
MN,0,MN_cfg0_des11,11,1,11,SDGDGTISLAE,1.0361542,1.1264746,0.8428,0.9035242199897766,23.326376
MN,0,MN_cfg0_des11,11,2,15,ATVDGKNDGRLSAEE,1.0361542,1.174655,0.8428,0.9035242199897766,4.635016
MN,0,MN_cfg0_des11,11,3,13,DADGDGGVLDRAE,1.0361542,1.3085544,0.8428,0.9035242199897766,25.154638
MN,0,MN_cfg0_des11,11,4,15,AAVDGDGDGVLNAAE,1.0361542,1.0452262,0.8428,0.9035242199897766,8.885112
MN,0,MN_cfg0_des12,12,1,11,DDGSGTISRAE,2.6008759,1.7414771,0.8224,0.8700181841850281,2.4387593
MN,0,MN_cfg0_des12,12,2,15,STDGKPFSDADRAAE,2.6008759,3.7457185,0.8224,0.8700181841850281,9.66632
MN,0,MN_cfg0_des12,12,3,13,DNGKGDGVFTKAE,2.6008759,3.785819,0.8224,0.8700181841850281,23.585571
MN,0,MN_cfg0_des12,12,4,15,EVVDGVADGTISAAE,2.6008759,1.2085571,0.8224,0.8700181841850281,3.5591037
MN,0,MN_cfg0_des13,13,1,11,SDGDGTISLAE,1.6134251,1.4573777,0.8381,0.883537232875824,22.800499
MN,0,MN_cfg0_des13,13,2,15,AGKADGDPSLLTAEE,1.6134251,2.28381,0.8381,0.883537232875824,9.072482
MN,0,MN_cfg0_des13,13,3,13,GADGDGTTLSRAE,1.6134251,2.194345,0.8381,0.883537232875824,23.987524
MN,0,MN_cfg0_des13,13,4,15,EAVCADGDGTLDAAE,1.6134251,1.8467399,0.8381,0.883537232875824,2.623331
MN,0,MN_cfg0_des14,14,1,11,SDGDGVISLAE,11.403603,8.194383,0.7497,0.6132616400718689,31.309336
MN,0,MN_cfg0_des14,14,2,15,DTDGSGHFTAANAEE,11.403603,18.886154,0.7497,0.6132616400718689,11.073776
MN,0,MN_cfg0_des14,14,3,13,DLDGSGLGMDRAE,11.403603,15.338608,0.7497,0.6132616400718689,26.830215
MN,0,MN_cfg0_des14,14,4,15,TAADPAGDGVLDAAE,11.403603,7.9969196,0.7497,0.6132616400718689,9.865882
MN,1,MN_cfg1_des0,0,1,15,DIENRDRDGRISLAE,3.7256355,3.6034932,0.7923,0.786952555179596,23.103682
MN,1,MN_cfg1_des0,0,2,13,MPGDCSREEAIKE,3.7256355,2.2106614,0.7923,0.786952555179596,14.7666445
MN,1,MN_cfg1_des0,0,3,10,LTGDVFTREE,3.7256355,3.802086,0.7923,0.786952555179596,12.64748
MN,1,MN_cfg1_des0,0,4,15,EAAGGSSDGKLSAAE,3.7256355,3.9732437,0.7923,0.786952555179596,3.1213999
MN,1,MN_cfg1_des1,1,1,15,TVHSADGDGKISLAE,3.2757697,3.1998584,0.842,0.8917708992958069,23.119154
MN,1,MN_cfg1_des1,1,2,13,VAGDGDGVLTAEE,3.2757697,1.9773704,0.842,0.8917708992958069,2.5429204
MN,1,MN_cfg1_des1,1,3,10,SPDGELNRAE,3.2757697,2.4191432,0.842,0.8917708992958069,27.282692
MN,1,MN_cfg1_des1,1,4,15,AAVCPTKDGKISAAE,3.2757697,1.9807895,0.842,0.8917708992958069,8.735364
MN,1,MN_cfg1_des2,2,1,15,TTASTTGDGRVDLAE,2.2012377,3.119254,0.8271,0.8756363391876221,22.935434
MN,1,MN_cfg1_des2,2,2,13,VKDGVDNTLSAEE,2.2012377,2.702471,0.8271,0.8756363391876221,32.9975
MN,1,MN_cfg1_des2,2,3,10,SSDGTLSRAE,2.2012377,2.147381,0.8271,0.8756363391876221,23.05311
MN,1,MN_cfg1_des2,2,4,15,AAADPADPGVLSAAA,2.2012377,1.0052449,0.8271,0.8756363391876221,26.737648
MN,1,MN_cfg1_des3,3,1,15,DVHCATGDGRISLAD,2.906055,4.311769,0.8338,0.8734559416770935,3.5216064
MN,1,MN_cfg1_des3,3,2,13,AQGDGDGVLTAEE,2.906055,2.1583774,0.8338,0.8734559416770935,10.154615
MN,1,MN_cfg1_des3,3,3,10,SSDGVLTREE,2.906055,2.7483375,0.8338,0.8734559416770935,10.749305
MN,1,MN_cfg1_des3,3,4,15,VAAGGGTDGKLTAAE,2.906055,2.3671267,0.8338,0.8734559416770935,29.348204
MN,1,MN_cfg1_des4,4,1,15,DPDGNTGDRAAARAE,2.7340171,4.7960773,0.8258,0.8624919652938843,23.51972
MN,1,MN_cfg1_des4,4,2,13,AAKDGDGVLDAEE,2.7340171,1.5446578,0.8258,0.8624919652938843,2.8383398
MN,1,MN_cfg1_des4,4,3,10,SSDGTLSRAE,2.7340171,2.1144054,0.8258,0.8624919652938843,26.453028
MN,1,MN_cfg1_des4,4,4,15,EAEDPDPAAGFTAAE,2.7340171,3.3872006,0.8258,0.8624919652938843,2.8063707
MN,1,MN_cfg1_des5,5,1,15,DRALDGGSGKISLAE,1.9168326,3.6093047,0.8398,0.8858104944229126,2.4818347
MN,1,MN_cfg1_des5,5,2,13,DTDGSGTTLTAEE,1.9168326,1.2910967,0.8398,0.8858104944229126,30.208933
MN,1,MN_cfg1_des5,5,3,10,SSDGTLSRAE,1.9168326,1.6242157,0.8398,0.8858104944229126,2.7475042
MN,1,MN_cfg1_des5,5,4,15,CADCPAGDGLIDAAA,1.9168326,1.1043308,0.8398,0.8858104944229126,29.28919
MN,1,MN_cfg1_des6,6,1,15,QGLDATGDGRMDLAE,2.1678023,3.5104916,0.8324,0.8910591006278992,2.4831305
MN,1,MN_cfg1_des6,6,2,13,DVNKDGGVLTGEE,2.1678023,1.5183333,0.8324,0.8910591006278992,30.713861
MN,1,MN_cfg1_des6,6,3,10,SPDGVLSRAE,2.1678023,2.4348783,0.8324,0.8910591006278992,10.028413
MN,1,MN_cfg1_des6,6,4,15,EATCPAGDGKLGAAE,2.1678023,1.0932655,0.8324,0.8910591006278992,26.762619
MN,1,MN_cfg1_des7,7,1,15,SADPAAPVLRISLAE,13.375873,17.817627,0.7507,0.6349393725395203,8.810674
MN,1,MN_cfg1_des7,7,2,13,AEADKDGVLSAEE,13.375873,17.562603,0.7507,0.6349393725395203,9.5380125
MN,1,MN_cfg1_des7,7,3,10,SSDGVLSRAE,13.375873,15.709911,0.7507,0.6349393725395203,5.4521008
MN,1,MN_cfg1_des7,7,4,15,AADSSGPAGLLSAAD,13.375873,7.9238734,0.7507,0.6349393725395203,31.726229
MN,1,MN_cfg1_des8,8,1,15,DIANADGDGKISLAE,2.1433845,3.9151967,0.8487,0.9151790738105774,22.89454
MN,1,MN_cfg1_des8,8,2,13,SAGDGDGVLTAEE,2.1433845,1.748281,0.8487,0.9151790738105774,9.256099
MN,1,MN_cfg1_des8,8,3,10,SPDGLMDRAE,2.1433845,1.4574122,0.8487,0.9151790738105774,23.22951
MN,1,MN_cfg1_des8,8,4,15,AAVCPAKDGKLNAAE,2.1433845,1.306018,0.8487,0.9151790738105774,3.2760193
MN,1,MN_cfg1_des9,9,1,15,AGITGDGDGKIDLAE,1.9925864,3.052333,0.8438,0.8875981569290161,23.236954
MN,1,MN_cfg1_des9,9,2,13,TEGCSDGKLTAEE,1.9925864,1.796243,0.8438,0.8875981569290161,30.125977
MN,1,MN_cfg1_des9,9,3,10,SSDGTLSRAE,1.9925864,1.5824513,0.8438,0.8875981569290161,9.1558275
MN,1,MN_cfg1_des9,9,4,15,TAVCPAGDGKINAAE,1.9925864,1.3663435,0.8438,0.8875981569290161,8.83709
MN,1,MN_cfg1_des10,10,1,15,DIANATGDGRISLAE,3.1283138,5.618082,0.8446,0.8842025399208069,3.1672437
MN,1,MN_cfg1_des10,10,2,13,DAKDGDGVLTAEE,3.1283138,2.322925,0.8446,0.8842025399208069,30.715118
MN,1,MN_cfg1_des10,10,3,10,SSDGTLTRAE,3.1283138,2.367337,0.8446,0.8842025399208069,2.7251875
MN,1,MN_cfg1_des10,10,4,15,CADCPAGDGVLDAAA,3.1283138,1.7153277,0.8446,0.8842025399208069,29.578737
MN,1,MN_cfg1_des11,11,1,15,AVYCETGDGTIDLAS,2.9706364,5.126719,0.8276,0.8824524283409119,4.1484294
MN,1,MN_cfg1_des11,11,2,13,DKDGKDGVLTAEE,2.9706364,1.9561526,0.8276,0.8824524283409119,30.82157
MN,1,MN_cfg1_des11,11,3,10,SPDGVLNRAE,2.9706364,2.7097569,0.8276,0.8824524283409119,9.868417
MN,1,MN_cfg1_des11,11,4,15,EATCPEKSGTLGAAE,2.9706364,1.44545,0.8276,0.8824524283409119,26.809275
MN,1,MN_cfg1_des12,12,1,15,DADGRPDTAEQWLAE,9.020205,11.73636,0.7118,0.4832250773906708,16.081972
MN,1,MN_cfg1_des12,12,2,13,HDGDCSLEEAAKE,9.020205,8.8800125,0.7118,0.4832250773906708,5.8131237
MN,1,MN_cfg1_des12,12,3,10,DSSDTLTRAE,9.020205,11.094126,0.7118,0.4832250773906708,27.909117
MN,1,MN_cfg1_des12,12,4,15,FSDTGEMTLAERAAE,9.020205,9.041655,0.7118,0.4832250773906708,8.645635
MN,1,MN_cfg1_des13,13,1,15,DLDGDPATGEISLAE,1.3786229,2.011998,0.8454,0.8926708698272705,24.230413
MN,1,MN_cfg1_des13,13,2,13,CGDDGDGVLTAEE,1.3786229,1.2939843,0.8454,0.8926708698272705,9.703286
MN,1,MN_cfg1_des13,13,3,10,SPDGVLSRAE,1.3786229,1.7222689,0.8454,0.8926708698272705,24.51105
MN,1,MN_cfg1_des13,13,4,15,DATDGKNDGVLSAAE,1.3786229,1.3082049,0.8454,0.8926708698272705,10.025573
MN,1,MN_cfg1_des14,14,1,15,DLDGRGAIARSELGE,1.675649,2.644572,0.8008,0.8621166348457336,9.941862
MN,1,MN_cfg1_des14,14,2,13,SAGDGDGELGAEE,1.675649,1.1159248,0.8008,0.8621166348457336,34.35109
MN,1,MN_cfg1_des14,14,3,10,SKTGKLSREE,1.675649,1.7956374,0.8008,0.8621166348457336,9.485414
MN,1,MN_cfg1_des14,14,4,15,EAADADGDGWFGAAE,1.675649,1.3888737,0.8008,0.8621166348457336,27.262413
MN,2,MN_cfg2_des0,0,1,14,DLDGRGDGTIDLAE,1.0944412,0.55174625,0.8267,0.8908728957176208,2.656552
MN,2,MN_cfg2_des0,0,2,14,AAVDGDSTELTAEE,1.0944412,0.8931196,0.8267,0.8908728957176208,30.251688
MN,2,MN_cfg2_des0,0,3,11,TNGDGKMNRAE,1.0944412,1.1454095,0.8267,0.8908728957176208,10.228911
MN,2,MN_cfg2_des0,0,4,14,QVDGDGDGKLSAAE,1.0944412,1.9201787,0.8267,0.8908728957176208,26.70727
MN,2,MN_cfg2_des1,1,1,14,DANADGDGRISLAE,1.4086274,2.7489007,0.8482,0.9123650193214417,23.372164
MN,2,MN_cfg2_des1,1,2,14,DAAGDGDGVLTAED,1.4086274,1.191258,0.8482,0.9123650193214417,2.9966896
MN,2,MN_cfg2_des1,1,3,11,SDGDGTLSRAE,1.4086274,1.7567065,0.8482,0.9123650193214417,23.51613
MN,2,MN_cfg2_des1,1,4,14,DAEGDGDGKLSAAD,1.4086274,0.9263083,0.8482,0.9123650193214417,2.7608862
MN,2,MN_cfg2_des2,2,1,14,DLDGDGDGKISLAE,2.0217571,0.93850595,0.8249,0.8538333177566528,23.128265
MN,2,MN_cfg2_des2,2,2,14,DPDGESTEEEAIEE,2.0217571,3.4760761,0.8249,0.8538333177566528,29.243118
MN,2,MN_cfg2_des2,2,3,11,SNGDGVLTKAE,2.0217571,3.429066,0.8249,0.8538333177566528,13.530862
MN,2,MN_cfg2_des2,2,4,14,DTNADGDGKISAAE,2.0217571,1.394081,0.8249,0.8538333177566528,9.043969
MN,2,MN_cfg2_des3,3,1,14,DLDGDGDGKISLAE,1.8999703,1.06566,0.8445,0.8893759250640869,8.239734
MN,2,MN_cfg2_des3,3,2,14,VGADGDGTTLTAEE,1.8999703,3.7104685,0.8445,0.8893759250640869,29.891718
MN,2,MN_cfg2_des3,3,3,11,SDGDGTLSRAE,1.8999703,2.0592651,0.8445,0.8893759250640869,3.0153198
MN,2,MN_cfg2_des3,3,4,14,QVDGDGDGKLDAAE,1.8999703,2.1501906,0.8445,0.8893759250640869,9.125682
MN,2,MN_cfg2_des4,4,1,14,DIDGDGDGKISLAE,1.5398016,0.89771086,0.8181,0.8565696477890015,8.415695
MN,2,MN_cfg2_des4,4,2,14,DPDGDEEYEHMAEE,1.5398016,1.9235317,0.8181,0.8565696477890015,9.123874
MN,2,MN_cfg2_des4,4,3,11,SNGDGKFTKAE,1.5398016,2.48701,0.8181,0.8565696477890015,23.842148
MN,2,MN_cfg2_des4,4,4,14,TAGGDGDGKLSAAE,1.5398016,1.397919,0.8181,0.8565696477890015,30.43415
MN,2,MN_cfg2_des5,5,1,14,ELDGRGDGTISLAE,2.4610403,2.9502218,0.8082,0.8412958979606628,2.643202
MN,2,MN_cfg2_des5,5,2,14,DPDGASSLEEAIKE,2.4610403,4.603348,0.8082,0.8412958979606628,29.37384
MN,2,MN_cfg2_des5,5,3,11,SADGDGLTRAE,2.4610403,1.4241879,0.8082,0.8412958979606628,4.011853
MN,2,MN_cfg2_des5,5,4,14,DAAGDNDGVLDAAE,2.4610403,1.4399117,0.8082,0.8412958979606628,27.08921
MN,2,MN_cfg2_des6,6,1,14,DLDGRGDGTISLAE,0.89152646,0.84054244,0.8225,0.8957643508911133,23.197777
MN,2,MN_cfg2_des6,6,2,14,DYDKDGSGTLTAEE,0.89152646,0.5299698,0.8225,0.8957643508911133,6.5059114
MN,2,MN_cfg2_des6,6,3,11,SDGDGTLSRAE,0.89152646,0.96668243,0.8225,0.8957643508911133,23.797653
MN,2,MN_cfg2_des6,6,4,14,SAGGADPGTLTAAE,0.89152646,1.2188321,0.8225,0.8957643508911133,29.794638
MN,2,MN_cfg2_des7,7,1,14,DLDKDGDGTISLPE,2.2285511,3.0865843,0.8044,0.8618823885917664,4.230534
MN,2,MN_cfg2_des7,7,2,14,DKDGDGLFKPGDGE,2.2285511,2.5083895,0.8044,0.8618823885917664,30.57527
MN,2,MN_cfg2_des7,7,3,11,DKDGKGLSRAE,2.2285511,0.81212026,0.8044,0.8618823885917664,23.25289
MN,2,MN_cfg2_des7,7,4,14,ELDGDGDRKLTAAE,2.2285511,2.780237,0.8044,0.8618823885917664,29.269907
MN,2,MN_cfg2_des8,8,1,14,ELDGDGDGTISLAE,1.8208784,3.2246747,0.8425,0.8962096571922302,21.915964
MN,2,MN_cfg2_des8,8,2,14,DAAGDGDGKLSAEE,1.8208784,1.2777591,0.8425,0.8962096571922302,9.360347
MN,2,MN_cfg2_des8,8,3,11,DDGDGTLSRAE,1.8208784,0.7983495,0.8425,0.8962096571922302,23.185516
MN,2,MN_cfg2_des8,8,4,14,VAGGASGTALSAAD,1.8208784,1.4011633,0.8425,0.8962096571922302,9.230519
MN,2,MN_cfg2_des9,9,1,14,DLDKDGDGTVSLAE,8.405145,2.5585213,0.7436,0.6133080124855042,9.135769
MN,2,MN_cfg2_des9,9,2,14,DPSGVFTADDRAAE,8.405145,11.585133,0.7436,0.6133080124855042,24.024607
MN,2,MN_cfg2_des9,9,3,11,ENGDGALTKAE,8.405145,14.259151,0.7436,0.6133080124855042,29.618448
MN,2,MN_cfg2_des9,9,4,14,ALDGDGDGTLSAAE,8.405145,3.4312046,0.7436,0.6133080124855042,9.511004
MN,2,MN_cfg2_des10,10,1,14,DLDGDGDGTISLAE,1.216914,0.70776504,0.8364,0.8919853568077087,23.350954
MN,2,MN_cfg2_des10,10,2,14,VADGDGDGVLTAED,1.216914,1.7458082,0.8364,0.8919853568077087,30.112627
MN,2,MN_cfg2_des10,10,3,11,SDGDGTLNRAE,1.216914,1.2582476,0.8364,0.8919853568077087,25.15721
MN,2,MN_cfg2_des10,10,4,14,QVDGDGDGKLNAAE,1.216914,1.660271,0.8364,0.8919853568077087,8.95829
MN,2,MN_cfg2_des11,11,1,14,DLDGDGDGTISLAE,1.5075961,1.4270961,0.8462,0.9009833335876465,9.06672
MN,2,MN_cfg2_des11,11,2,14,DKLGDGDGVLSAEE,1.5075961,1.2823516,0.8462,0.9009833335876465,12.490635
MN,2,MN_cfg2_des11,11,3,11,GDGDDVLSRAE,1.5075961,2.7406497,0.8462,0.9009833335876465,24.718096
MN,2,MN_cfg2_des11,11,4,14,DAVGDGDGVLSAAE,1.5075961,1.1177307,0.8462,0.9009833335876465,29.39099
MN,2,MN_cfg2_des12,12,1,14,DLDKDGDGTVSLAE,5.528364,1.3175668,0.8046,0.7704796195030212,9.5497675
MN,2,MN_cfg2_des12,12,2,14,HDADSDTEEEAIKE,5.528364,9.44008,0.8046,0.7704796195030212,22.463234
MN,2,MN_cfg2_des12,12,3,11,SDGSGELTKAE,5.528364,5.1330347,0.8046,0.7704796195030212,23.801552
MN,2,MN_cfg2_des12,12,4,14,DTDGDGSGTLNAAE,5.528364,3.4120069,0.8046,0.7704796195030212,8.409763
MN,2,MN_cfg2_des13,13,1,14,DLDGDGDGKISLAE,1.8348701,1.3702136,0.811,0.8636093139648438,3.3004582
MN,2,MN_cfg2_des13,13,2,14,NKNGNNTREDAIAE,1.8348701,3.323874,0.811,0.8636093139648438,29.479204
MN,2,MN_cfg2_des13,13,3,11,DPDGDGLSRAE,1.8348701,2.0788445,0.811,0.8636093139648438,24.106684
MN,2,MN_cfg2_des13,13,4,14,TAGTDGDGVLSAAE,1.8348701,0.84334403,0.811,0.8636093139648438,26.312515
MN,2,MN_cfg2_des14,14,1,14,DLDGDGDGTIDLAE,1.1260796,0.8173209,0.8312,0.8923521637916565,3.2193348
MN,2,MN_cfg2_des14,14,2,14,DPAGQMSEETAPKE,1.1260796,1.2101724,0.8312,0.8923521637916565,29.215385
MN,2,MN_cfg2_des14,14,3,11,LNGDGVLTKAE,1.1260796,1.7822573,0.8312,0.8923521637916565,2.5244577
MN,2,MN_cfg2_des14,14,4,14,DAAGDNDGTLNAAE,1.1260796,0.9006141,0.8312,0.8923521637916565,9.1884985
MN,3,MN_cfg3_des0,0,1,11,SDGDGVISLAE,13.14619,18.773993,0.7244,0.4282362163066864,2.6943045
MN,3,MN_cfg3_des0,0,2,10,SSDGWLTAEE,13.14619,19.781343,0.7244,0.4282362163066864,24.520151
MN,3,MN_cfg3_des0,0,3,13,DTDPAHGALSREE,13.14619,14.913637,0.7244,0.4282362163066864,16.023157
MN,3,MN_cfg3_des0,0,4,13,EGGDGDGVLDAAE,13.14619,12.80825,0.7244,0.4282362163066864,3.3747838
MN,3,MN_cfg3_des1,1,1,11,DDGDGTLTLAE,1.7986565,2.3142025,0.8313,0.8854755163192749,24.849884
MN,3,MN_cfg3_des1,1,2,10,SSDGLLTAEE,1.7986565,0.7176847,0.8313,0.8854755163192749,9.641727
MN,3,MN_cfg3_des1,1,3,13,DADGDGKGLSRAE,1.7986565,0.9019334,0.8313,0.8854755163192749,23.008362
MN,3,MN_cfg3_des1,1,4,13,EAAQPAGGDDAAA,1.7986565,1.7885134,0.8313,0.8854755163192749,10.633866
MN,3,MN_cfg3_des2,2,1,11,SDGDGAISLAE,0.8586842,0.8104494,0.8519,0.9083243608474731,23.085032
MN,3,MN_cfg3_des2,2,2,10,SSDGVLTAEE,0.8586842,1.1008995,0.8519,0.9083243608474731,9.088164
MN,3,MN_cfg3_des2,2,3,13,DTDGDNNTLSRAE,0.8586842,0.89790696,0.8519,0.9083243608474731,24.544664
MN,3,MN_cfg3_des2,2,4,13,EGTDGDGVLSAAE,0.8586842,0.9388542,0.8519,0.9083243608474731,9.3178
MN,3,MN_cfg3_des3,3,1,11,SDGSGYISLAE,1.9401717,1.4227889,0.8363,0.8467052578926086,23.048227
MN,3,MN_cfg3_des3,3,2,10,QKKGKNAAEA,1.9401717,3.224667,0.8363,0.8467052578926086,11.256665
MN,3,MN_cfg3_des3,3,3,13,DPGSVDDEISREE,1.9401717,2.5077548,0.8363,0.8467052578926086,27.606138
MN,3,MN_cfg3_des3,3,4,13,SGGDGDGVISAAE,1.9401717,1.0170975,0.8363,0.8467052578926086,2.5779436
MN,3,MN_cfg3_des4,4,1,11,DDGDGAISLAE,0.78980356,0.73984635,0.8458,0.8992701172828674,9.027082
MN,3,MN_cfg3_des4,4,2,10,SSDGVLTAEE,0.78980356,0.7570625,0.8458,0.8992701172828674,30.336342
MN,3,MN_cfg3_des4,4,3,13,DADGDGTTLSRAE,0.78980356,0.8743499,0.8458,0.8992701172828674,2.6313372
MN,3,MN_cfg3_des4,4,4,13,SAADGDGVLDAAE,0.78980356,0.8029722,0.8458,0.8992701172828674,9.5315275
MN,3,MN_cfg3_des5,5,1,11,SDGDGLISLAE,1.3183386,0.90937614,0.8477,0.8873584866523743,2.8399942
MN,3,MN_cfg3_des5,5,2,10,SSDGVLTAEE,1.3183386,1.317131,0.8477,0.8873584866523743,29.979856
MN,3,MN_cfg3_des5,5,3,13,DLDGDGTHLSREE,1.3183386,1.4674796,0.8477,0.8873584866523743,3.4823716
MN,3,MN_cfg3_des5,5,4,13,SGGDGDGKLSAAE,1.3183386,1.799939,0.8477,0.8873584866523743,26.390465
MN,3,MN_cfg3_des6,6,1,11,SDGSGGISLAE,1.3126848,1.7779815,0.838,0.8935043811798096,9.051795
MN,3,MN_cfg3_des6,6,2,10,SSDGVLTAAD,1.3126848,1.1481738,0.838,0.8935043811798096,29.019691
MN,3,MN_cfg3_des6,6,3,13,DTDGDGTALDRAE,1.3126848,1.4520668,0.838,0.8935043811798096,2.8235295
MN,3,MN_cfg3_des6,6,4,13,DAADGDGVLDAAE,1.3126848,0.90679115,0.838,0.8935043811798096,26.975143
MN,3,MN_cfg3_des7,7,1,11,SDGSGTISLAE,1.6133747,1.7881663,0.852,0.8905922174453735,22.919441
MN,3,MN_cfg3_des7,7,2,10,SSDGVLSAEE,1.6133747,1.4061617,0.852,0.8905922174453735,5.9199233
MN,3,MN_cfg3_des7,7,3,13,DYDKDGGGLSREE,1.6133747,2.2021844,0.852,0.8905922174453735,4.3256087
MN,3,MN_cfg3_des7,7,4,13,ASAPTDTSLTAAE,1.6133747,1.234879,0.852,0.8905922174453735,8.065286
MN,3,MN_cfg3_des8,8,1,11,SDGDGTISLAE,1.0575547,1.3742977,0.8541,0.8912236094474792,2.8656006
MN,3,MN_cfg3_des8,8,2,10,SSDGTLTAEE,1.0575547,0.74776834,0.8541,0.8912236094474792,30.630564
MN,3,MN_cfg3_des8,8,3,13,DLDGDGTSLSREE,1.0575547,1.2062972,0.8541,0.8912236094474792,3.5475893
MN,3,MN_cfg3_des8,8,4,13,SRDPAAGTLDAAE,1.0575547,1.1277508,0.8541,0.8912236094474792,26.4713
MN,3,MN_cfg3_des9,9,1,11,DADGVAISLAE,1.4209466,2.6306295,0.8432,0.897657036781311,8.976808
MN,3,MN_cfg3_des9,9,2,10,SSDGVLTAEE,1.4209466,1.4545716,0.8432,0.897657036781311,27.310911
MN,3,MN_cfg3_des9,9,3,13,DLDGDGNKLSRAE,1.4209466,1.3986628,0.8432,0.897657036781311,24.724886
MN,3,MN_cfg3_des9,9,4,13,EGADADGTLSAAE,1.4209466,1.1758941,0.8432,0.897657036781311,26.575045
MN,3,MN_cfg3_des10,10,1,11,SDGDGLISRAE,1.4842528,1.3533372,0.8643,0.8992988467216492,9.097136
MN,3,MN_cfg3_des10,10,2,10,STDGELSAEE,1.4842528,1.0925679,0.8643,0.8992988467216492,27.630793
MN,3,MN_cfg3_des10,10,3,13,IKTPGHTTLSREE,1.4842528,1.8907437,0.8643,0.8992988467216492,23.203287
MN,3,MN_cfg3_des10,10,4,13,DLDGDGTTLDAAE,1.4842528,1.3597159,0.8643,0.8992988467216492,27.240519
MN,3,MN_cfg3_des11,11,1,11,SDGDGTISLAE,1.5195341,0.87218565,0.8522,0.8881307244300842,2.863179
MN,3,MN_cfg3_des11,11,2,10,SSDGRLSAEE,1.5195341,1.0389904,0.8522,0.8881307244300842,28.694918
MN,3,MN_cfg3_des11,11,3,13,QTKDDDGLLDRAE,1.5195341,2.3025262,0.8522,0.8881307244300842,3.0912478
MN,3,MN_cfg3_des11,11,4,13,DTRTGDGLIDAAE,1.5195341,1.3278793,0.8522,0.8881307244300842,29.625616
MN,3,MN_cfg3_des12,12,1,11,SDGDGTISLAE,7.828646,3.5715754,0.8153,0.7741397023200989,4.0553837
MN,3,MN_cfg3_des12,12,2,10,DNGVSSMADE,7.828646,8.733757,0.8153,0.7741397023200989,16.252472
MN,3,MN_cfg3_des12,12,3,13,DADGDPNGLSREE,7.828646,10.616857,0.8153,0.7741397023200989,23.427362
MN,3,MN_cfg3_des12,12,4,13,AAADGDGVLDAAE,7.828646,4.748399,0.8153,0.7741397023200989,8.870902
MN,3,MN_cfg3_des13,13,1,11,SDGDGTISLAE,0.97684723,0.8800664,0.8535,0.9005388617515564,2.8269603
MN,3,MN_cfg3_des13,13,2,10,SSDGVLSAEE,0.97684723,0.8501397,0.8535,0.9005388617515564,29.812243
MN,3,MN_cfg3_des13,13,3,13,DTVDKDGTLSREE,0.97684723,0.8679446,0.8535,0.9005388617515564,3.2708123
MN,3,MN_cfg3_des13,13,4,13,SDGDGRGTLSAAE,0.97684723,1.2949425,0.8535,0.9005388617515564,26.384844
MN,3,MN_cfg3_des14,14,1,11,SDGSGTISLAE,2.9413357,3.3831527,0.8427,0.8686321377754211,28.814394
MN,3,MN_cfg3_des14,14,2,10,SSDGRLSAEE,2.9413357,1.7124734,0.8427,0.8686321377754211,2.7751236
MN,3,MN_cfg3_des14,14,3,13,DLDGDKKELSREE,2.9413357,5.325007,0.8427,0.8686321377754211,25.634184
MN,3,MN_cfg3_des14,14,4,13,SDGSGDGVLDAAE,2.9413357,1.7581006,0.8427,0.8686321377754211,3.2772484
MN,4,MN_cfg4_des0,0,1,13,DADGADGRISLAE,1.2480414,0.8311442,0.845,0.8934346437454224,9.288995
MN,4,MN_cfg4_des0,0,2,14,QTNKDGSGTLTAEE,1.2480414,1.7185587,0.845,0.8934346437454224,8.792882
MN,4,MN_cfg4_des0,0,3,10,SSDGVLSRAE,1.2480414,1.5840113,0.845,0.8934346437454224,23.764791
MN,4,MN_cfg4_des0,0,4,14,EVDGDGSGTLTAAE,1.2480414,1.9589198,0.845,0.8934346437454224,30.217234
MN,4,MN_cfg4_des1,1,1,13,DFIDGDGKISLAE,1.9838287,1.2309856,0.8541,0.9015985131263733,9.275042
MN,4,MN_cfg4_des1,1,2,14,FPDGDTSGAAAVKE,1.9838287,1.0243182,0.8541,0.9015985131263733,32.251957
MN,4,MN_cfg4_des1,1,3,10,MTDGGLTRAE,1.9838287,3.4898205,0.8541,0.9015985131263733,28.107973
MN,4,MN_cfg4_des1,1,4,14,DTNADGDGKLSAAE,1.9838287,2.4946036,0.8541,0.9015985131263733,9.039897
MN,4,MN_cfg4_des2,2,1,13,DFIDRDGRISLAE,11.013406,6.9782104,0.7233,0.5297881960868835,14.8381605
MN,4,MN_cfg4_des2,2,2,14,HPDGLETWEESVAE,11.013406,12.889603,0.7233,0.5297881960868835,22.33239
MN,4,MN_cfg4_des2,2,3,10,TPDGGLTRAE,11.013406,20.723803,0.7233,0.5297881960868835,17.654398
MN,4,MN_cfg4_des2,2,4,14,EVDGRGDGYLDAAE,11.013406,4.1941504,0.7233,0.5297881960868835,2.5065725
MN,4,MN_cfg4_des3,3,1,13,DFDGADGTISLAE,1.6806552,1.1801023,0.8318,0.8861817121505737,27.924616
MN,4,MN_cfg4_des3,3,2,14,DKDGDETWDSMVEE,1.6806552,1.7076881,0.8318,0.8861817121505737,2.932788
MN,4,MN_cfg4_des3,3,3,10,RTGSTFTRAE,1.6806552,1.9046208,0.8318,0.8861817121505737,25.552938
MN,4,MN_cfg4_des3,3,4,14,TAAGNGDGTLTAAE,1.6806552,1.7617191,0.8318,0.8861817121505737,9.139622
MN,4,MN_cfg4_des4,4,1,13,DTLDADGTIDLAE,1.8516488,2.1751487,0.8445,0.8901094198226929,5.150741
MN,4,MN_cfg4_des4,4,2,14,DDGKSVPGKLTAEE,1.8516488,2.7255766,0.8445,0.8901094198226929,3.9858315
MN,4,MN_cfg4_des4,4,3,10,SDDGVLSRAE,1.8516488,1.4459602,0.8445,0.8901094198226929,25.75902
MN,4,MN_cfg4_des4,4,4,14,LAAGDTDGTLDAAE,1.8516488,2.5507553,0.8445,0.8901094198226929,7.8304944
MN,4,MN_cfg4_des5,5,1,13,DFDGVDGTISLAE,11.1002035,17.326864,0.7227,0.41559934616088867,11.985652
MN,4,MN_cfg4_des5,5,2,14,DPDGVSSAEEAAEE,11.1002035,9.663438,0.7227,0.41559934616088867,5.1863327
MN,4,MN_cfg4_des5,5,3,10,MTSDELDRPE,11.1002035,7.1018744,0.7227,0.41559934616088867,9.558991
MN,4,MN_cfg4_des5,5,4,14,AAGGADPSALDAAE,11.1002035,11.661348,0.7227,0.41559934616088867,20.888184
MN,4,MN_cfg4_des6,6,1,13,DTEDHDGKIDLAE,1.5816097,0.7455931,0.8498,0.9141093492507935,23.097794
MN,4,MN_cfg4_des6,6,2,14,DTDGSGAMSNAAEE,1.5816097,1.7800808,0.8498,0.9141093492507935,9.432174
MN,4,MN_cfg4_des6,6,3,10,TSDGVLTRPE,1.5816097,2.0187335,0.8498,0.9141093492507935,23.537094
MN,4,MN_cfg4_des6,6,4,14,DSNADGDGKLDAAE,1.5816097,2.7488568,0.8498,0.9141093492507935,2.4006217
MN,4,MN_cfg4_des7,7,1,13,DTLDADGTISLAE,3.179726,3.433788,0.8007,0.8281841278076172,2.8666153
MN,4,MN_cfg4_des7,7,2,14,NPNRDYTWESMAAE,3.179726,3.1037729,0.8007,0.8281841278076172,3.8263197
MN,4,MN_cfg4_des7,7,3,10,ATSDRFTKAE,3.179726,2.784936,0.8007,0.8281841278076172,23.16452
MN,4,MN_cfg4_des7,7,4,14,LAAGDTDGVLTAAE,3.179726,2.7917962,0.8007,0.8281841278076172,2.6748507
MN,4,MN_cfg4_des8,8,1,13,DLDGVDGKISLAE,7.765903,5.6199145,0.7528,0.5545138716697693,2.5750887
MN,4,MN_cfg4_des8,8,2,14,NPDHSDDPAKLAEE,7.765903,8.830092,0.7528,0.5545138716697693,30.177725
MN,4,MN_cfg4_des8,8,3,10,RDPSKSVRDE,7.765903,6.613094,0.7528,0.5545138716697693,24.567955
MN,4,MN_cfg4_des8,8,4,14,DLDKDGDGTLSAAE,7.765903,7.346776,0.7528,0.5545138716697693,2.4782112
MN,4,MN_cfg4_des9,9,1,13,DLDGASDTISLAE,2.16223,0.5904216,0.8148,0.8389092683792114,2.6718225
MN,4,MN_cfg4_des9,9,2,14,DPDKLETMEHAIEE,2.16223,2.8418238,0.8148,0.8389092683792114,28.93135
MN,4,MN_cfg4_des9,9,3,10,SSDDGFSRAE,2.16223,2.7418246,0.8148,0.8389092683792114,29.981636
MN,4,MN_cfg4_des9,9,4,14,DDAADGDDTLSAAE,2.16223,3.2750978,0.8148,0.8389092683792114,2.878459
MN,4,MN_cfg4_des10,10,1,13,DFEDGDGTISLAE,1.6086462,0.60145056,0.8284,0.86114901304245,22.054934
MN,4,MN_cfg4_des10,10,2,14,NPDGDNSREAMAKE,1.6086462,1.5645038,0.8284,0.86114901304245,28.297754
MN,4,MN_cfg4_des10,10,3,10,LTSDEFTKAE,1.6086462,1.9994098,0.8284,0.86114901304245,25.147463
MN,4,MN_cfg4_des10,10,4,14,DAGNNGGTSIDAAE,1.6086462,1.4726707,0.8284,0.86114901304245,8.57132
MN,4,MN_cfg4_des11,11,1,13,DTEDGDGRISLPE,1.4032079,0.5896987,0.8348,0.9064141511917114,2.4298456
MN,4,MN_cfg4_des11,11,2,14,DAVGNGDGTLTAEE,1.4032079,0.90561265,0.8348,0.9064141511917114,29.582205
MN,4,MN_cfg4_des11,11,3,10,SADGTLDRAE,1.4032079,0.7289795,0.8348,0.9064141511917114,9.358366
MN,4,MN_cfg4_des11,11,4,14,QVDRDGDGTLTAAE,1.4032079,2.8092406,0.8348,0.9064141511917114,26.71672
MN,4,MN_cfg4_des12,12,1,13,DTIDHDGTISLAE,2.571125,4.5937967,0.8409,0.8856250643730164,5.896021
MN,4,MN_cfg4_des12,12,2,14,IPDGVASLEEAAKE,2.571125,1.8395844,0.8409,0.8856250643730164,31.93413
MN,4,MN_cfg4_des12,12,3,10,VSGDTLTRAE,2.571125,2.0628724,0.8409,0.8856250643730164,23.423819
MN,4,MN_cfg4_des12,12,4,14,AAGGADPSVLTAAE,2.571125,1.5714071,0.8409,0.8856250643730164,15.246615
MN,4,MN_cfg4_des13,13,1,13,DFDRADGKISLAE,2.7906578,3.4349387,0.8196,0.8527601361274719,24.623604
MN,4,MN_cfg4_des13,13,2,14,DPDGCETGEHMVEE,2.7906578,3.2955534,0.8196,0.8527601361274719,5.826964
MN,4,MN_cfg4_des13,13,3,10,MTDDGLSRAE,2.7906578,3.192392,0.8196,0.8527601361274719,24.573746
MN,4,MN_cfg4_des13,13,4,14,TAGGDGDGTVDAAE,2.7906578,1.4244448,0.8196,0.8527601361274719,22.727804
MN,4,MN_cfg4_des14,14,1,13,DLDGHGGVVSLAE,15.051423,17.8447,0.7337,0.5190566778182983,5.197087
MN,4,MN_cfg4_des14,14,2,14,DPDRSASLEEAAKE,15.051423,16.1244,0.7337,0.5190566778182983,31.204924
MN,4,MN_cfg4_des14,14,3,10,CPDGTLTRAE,15.051423,23.92839,0.7337,0.5190566778182983,4.3791604
MN,4,MN_cfg4_des14,14,4,14,AAGSADPSVVSAAE,15.051423,17.174904,0.7337,0.5190566778182983,18.030193
NI,0,NI_cfg0_des0,0,1,14,DANADGSGEISLAE,1.4964995,2.616057,0.8416,0.8812384009361267,7.2420616
NI,0,NI_cfg0_des0,0,2,10,STDGVLTAEE,1.4964995,1.4982476,0.8416,0.8812384009361267,34.22562
NI,0,NI_cfg0_des0,0,3,10,SSDGTLSRDE,1.4964995,1.9882334,0.8416,0.8812384009361267,23.323778
NI,0,NI_cfg0_des0,0,4,10,STCGTLSAAE,1.4964995,0.68902475,0.8416,0.8812384009361267,26.909674
NI,0,NI_cfg0_des1,1,1,14,DGNFTGDGEVDLAD,8.191915,9.059606,0.7333,0.5105454325675964,4.1340814
NI,0,NI_cfg0_des1,1,2,10,HVPGKSSAEE,8.191915,8.098241,0.7333,0.5105454325675964,29.826433
NI,0,NI_cfg0_des1,1,3,10,CSDGELSREE,8.191915,7.779213,0.7333,0.5105454325675964,4.150562
NI,0,NI_cfg0_des1,1,4,10,TIPGKSAAEE,8.191915,6.730126,0.7333,0.5105454325675964,22.626429
NI,0,NI_cfg0_des2,2,1,14,ELARRGDGELSLAE,6.440759,9.925326,0.7934,0.7948945760726929,3.8471324
NI,0,NI_cfg0_des2,2,2,10,ADDDVLSAEE,6.440759,5.5363755,0.7934,0.7948945760726929,17.997295
NI,0,NI_cfg0_des2,2,3,10,ADDDTLSRAE,6.440759,6.609313,0.7934,0.7948945760726929,12.903084
NI,0,NI_cfg0_des2,2,4,10,TAGQASSAAA,6.440759,5.194723,0.7934,0.7948945760726929,29.172144
NI,0,NI_cfg0_des3,3,1,14,DADGLRTDAHARVE,3.3092337,4.8183665,0.7871,0.7829238772392273,27.614706
NI,0,NI_cfg0_des3,3,2,10,HDGKSPDAEE,3.3092337,4.2706246,0.7871,0.7829238772392273,11.872533
NI,0,NI_cfg0_des3,3,3,10,TKDGKLTREE,3.3092337,3.1214643,0.7871,0.7829238772392273,22.260391
NI,0,NI_cfg0_des3,3,4,10,TAGQSSLAAA,3.3092337,1.4017837,0.7871,0.7829238772392273,14.33195
NI,0,NI_cfg0_des4,4,1,14,GLSDTDSDAARLAH,4.2892947,2.5862415,0.7691,0.6564227938652039,23.98633
NI,0,NI_cfg0_des4,4,2,10,APDGRLTAED,4.2892947,2.3622057,0.7691,0.6564227938652039,10.680055
NI,0,NI_cfg0_des4,4,3,10,AADGVLDRAE,4.2892947,5.2655387,0.7691,0.6564227938652039,23.594408
NI,0,NI_cfg0_des4,4,4,10,EAGQATTTAA,4.2892947,6.3753247,0.7691,0.6564227938652039,14.374141
NI,0,NI_cfg0_des5,5,1,14,DLDGNGDDNLTLAE,13.428292,16.912119,0.7565,0.49832117557525635,18.606073
NI,0,NI_cfg0_des5,5,2,10,SSCGTLTAED,13.428292,18.272495,0.7565,0.49832117557525635,28.513605
NI,0,NI_cfg0_des5,5,3,10,ADDDSLSRAE,13.428292,16.547703,0.7565,0.49832117557525635,10.746543
NI,0,NI_cfg0_des5,5,4,10,EVEGATSKES,13.428292,18.280313,0.7565,0.49832117557525635,31.386917
NI,0,NI_cfg0_des6,6,1,14,DLDGAGDGHLSLAE,3.3122146,5.2120376,0.8337,0.8563098907470703,6.631689
NI,0,NI_cfg0_des6,6,2,10,ADDDTLTAEE,3.3122146,1.2287121,0.8337,0.8563098907470703,15.034492
NI,0,NI_cfg0_des6,6,3,10,SSDGTLSRAE,3.3122146,1.6447009,0.8337,0.8563098907470703,23.88002
NI,0,NI_cfg0_des6,6,4,10,QGTGSTGAAE,3.3122146,6.6214056,0.8337,0.8563098907470703,32.196804
NI,0,NI_cfg0_des7,7,1,14,DLDGDGTGAEDLAE,14.0376625,17.890186,0.7396,0.4735976457595825,9.160726
NI,0,NI_cfg0_des7,7,2,10,STCGVLTAED,14.0376625,18.67823,0.7396,0.4735976457595825,21.795927
NI,0,NI_cfg0_des7,7,3,10,SPHGELTRDE,14.0376625,17.910273,0.7396,0.4735976457595825,10.560287
NI,0,NI_cfg0_des7,7,4,10,QTTGSTPASE,14.0376625,11.868366,0.7396,0.4735976457595825,20.493048
NI,0,NI_cfg0_des8,8,1,14,ELEKRGDGRLSLPE,2.6406157,4.591133,0.8125,0.8338760137557983,20.534765
NI,0,NI_cfg0_des8,8,2,10,SSDGTLTAED,2.6406157,1.4031652,0.8125,0.8338760137557983,4.096691
NI,0,NI_cfg0_des8,8,3,10,ASDGKLNRAE,2.6406157,1.8595996,0.8125,0.8338760137557983,3.1416616
NI,0,NI_cfg0_des8,8,4,10,TAGQTDSAAA,2.6406157,1.7729356,0.8125,0.8338760137557983,31.678291
NI,0,NI_cfg0_des9,9,1,14,DDGADGSGELDLAE,10.093209,8.543479,0.7482,0.49502360820770264,14.194217
NI,0,NI_cfg0_des9,9,2,10,SSCGVLTAED,10.093209,12.388335,0.7482,0.49502360820770264,6.783399
NI,0,NI_cfg0_des9,9,3,10,SACGELSRDE,10.093209,12.754525,0.7482,0.49502360820770264,13.908475
NI,0,NI_cfg0_des9,9,4,10,TAGGLSDAAA,10.093209,10.68834,0.7482,0.49502360820770264,23.625399
NI,0,NI_cfg0_des10,10,1,14,DLNGDGEAFDDLAE,13.7006,17.55494,0.7491,0.5242912769317627,13.408825
NI,0,NI_cfg0_des10,10,2,10,SSDGRLTAEE,13.7006,20.252417,0.7491,0.5242912769317627,20.873383
NI,0,NI_cfg0_des10,10,3,10,DPDGELSRDE,13.7006,14.504494,0.7491,0.5242912769317627,15.979833
NI,0,NI_cfg0_des10,10,4,10,DTGAADSAAA,13.7006,7.9395947,0.7491,0.5242912769317627,21.080654
NI,0,NI_cfg0_des11,11,1,14,DLEGDGDGVLSLAE,11.693855,9.972604,0.7354,0.43702054023742676,24.362719
NI,0,NI_cfg0_des11,11,2,10,SSCGLLTAEE,11.693855,11.661337,0.7354,0.43702054023742676,6.672398
NI,0,NI_cfg0_des11,11,3,10,TTCGVMSREE,11.693855,11.049759,0.7354,0.43702054023742676,25.692535
NI,0,NI_cfg0_des11,11,4,10,TAGQTTSAAA,11.693855,10.707606,0.7354,0.43702054023742676,17.951052
NI,0,NI_cfg0_des12,12,1,14,DLDGDGSGRINLPE,7.730718,3.5751781,0.7207,0.458953320980072,7.51658
NI,0,NI_cfg0_des12,12,2,10,TAGCKSDVEA,7.730718,9.461225,0.7207,0.458953320980072,24.087624
NI,0,NI_cfg0_des12,12,3,10,CKDGKLSREE,7.730718,10.899865,0.7207,0.458953320980072,5.4702415
NI,0,NI_cfg0_des12,12,4,10,SAGDGDGTVD,7.730718,3.9089444,0.7207,0.458953320980072,8.4935255
NI,0,NI_cfg0_des13,13,1,14,DADGLRTDAAFRVE,3.8883967,7.008597,0.8103,0.8102109432220459,30.797049
NI,0,NI_cfg0_des13,13,2,10,SPDGRLTAED,3.8883967,2.1015837,0.8103,0.8102109432220459,4.4891295
NI,0,NI_cfg0_des13,13,3,10,ADDDYLTRDE,3.8883967,4.772599,0.8103,0.8102109432220459,3.6754305
NI,0,NI_cfg0_des13,13,4,10,TDGQTSLDAA,3.8883967,1.3244464,0.8103,0.8102109432220459,26.396973
NI,0,NI_cfg0_des14,14,1,14,DLDRDGDGRLSLAE,4.247277,4.8453484,0.7452,0.5692668557167053,23.343653
NI,0,NI_cfg0_des14,14,2,10,HTGKVSPAEE,4.247277,3.293965,0.7452,0.5692668557167053,14.37408
NI,0,NI_cfg0_des14,14,3,10,SPCGKFSREE,4.247277,4.1109977,0.7452,0.5692668557167053,22.795218
NI,0,NI_cfg0_des14,14,4,10,EVTAATGAAE,4.247277,3.9927018,0.7452,0.5692668557167053,9.322549
NI,1,NI_cfg1_des0,0,1,10,AADGVLTLAE,1.3060765,1.3397276,0.8399,0.8779688477516174,26.596209
NI,1,NI_cfg1_des0,0,2,13,AKDGDKDSLTAEE,1.3060765,1.6876419,0.8399,0.8779688477516174,14.935388
NI,1,NI_cfg1_des0,0,3,12,DADKDGVLSRAE,1.3060765,0.81488997,0.8399,0.8779688477516174,2.3392437
NI,1,NI_cfg1_des0,0,4,12,EAADTDGDVAAA,1.3060765,1.9992591,0.8399,0.8779688477516174,10.144435
NI,1,NI_cfg1_des1,1,1,10,STDGTISLAE,0.97379726,1.641793,0.8536,0.8946713805198669,23.618399
NI,1,NI_cfg1_des1,1,2,13,DKDGDKKTLSAEE,0.97379726,0.8770447,0.8536,0.8946713805198669,32.849247
NI,1,NI_cfg1_des1,1,3,12,DADGDGKLSRAE,0.97379726,1.1280761,0.8536,0.8946713805198669,2.4286187
NI,1,NI_cfg1_des1,1,4,12,DTDGDGVLTAAE,0.97379726,0.85409784,0.8536,0.8946713805198669,2.3719795
NI,1,NI_cfg1_des2,2,1,10,GADGRISLAE,1.3627021,1.942238,0.8462,0.8875817060470581,9.800215
NI,1,NI_cfg1_des2,2,2,13,RAGCGDDTLTAEE,1.3627021,1.3296068,0.8462,0.8875817060470581,3.5635948
NI,1,NI_cfg1_des2,2,3,12,DADGDGALSRAE,1.3627021,1.0579312,0.8462,0.8875817060470581,24.05001
NI,1,NI_cfg1_des2,2,4,12,DADGDGLLDAAE,1.3627021,0.6458136,0.8462,0.8875817060470581,27.03884
NI,1,NI_cfg1_des3,3,1,10,GADGTISLAE,1.4898793,2.1199057,0.8514,0.8846812844276428,9.37371
NI,1,NI_cfg1_des3,3,2,13,DVNGDGGTLSAEE,1.4898793,1.752368,0.8514,0.8846812844276428,2.9121
NI,1,NI_cfg1_des3,3,3,12,DADGDGKLSRAE,1.4898793,1.2795441,0.8514,0.8846812844276428,26.806595
NI,1,NI_cfg1_des3,3,4,12,DADGDGVLDAAE,1.4898793,1.2189308,0.8514,0.8846812844276428,26.549314
NI,1,NI_cfg1_des4,4,1,10,GADGRISLAE,1.5238047,2.9590583,0.8543,0.898361325263977,9.789722
NI,1,NI_cfg1_des4,4,2,13,AAPDGDGTLDAAE,1.5238047,0.89595354,0.8543,0.898361325263977,2.5004234
NI,1,NI_cfg1_des4,4,3,12,DADGDGTLSRAE,1.5238047,1.0488353,0.8543,0.898361325263977,2.3782542
NI,1,NI_cfg1_des4,4,4,12,DTDGDGVLTAAE,1.5238047,0.95465356,0.8543,0.898361325263977,32.80238
NI,1,NI_cfg1_des5,5,1,10,SSDGTLSLPE,1.35629,2.09433,0.8479,0.8969261646270752,9.578753
NI,1,NI_cfg1_des5,5,2,13,SAADGSGRLNAEE,1.35629,0.880467,0.8479,0.8969261646270752,11.021954
NI,1,NI_cfg1_des5,5,3,12,DADGDGTLSRDE,1.35629,1.2370183,0.8479,0.8969261646270752,23.6756
NI,1,NI_cfg1_des5,5,4,12,DADGDGVLDAAE,1.35629,1.3728306,0.8479,0.8969261646270752,26.488195
NI,1,NI_cfg1_des6,6,1,10,GSDGTISLAE,1.6500626,1.8674321,0.8439,0.8814113736152649,25.034597
NI,1,NI_cfg1_des6,6,2,13,DKDGSHDHLSAEE,1.6500626,2.5585947,0.8439,0.8814113736152649,3.3324032
NI,1,NI_cfg1_des6,6,3,12,DADGDGRLSRAE,1.6500626,1.2978412,0.8439,0.8814113736152649,24.048548
NI,1,NI_cfg1_des6,6,4,12,DADGDGVLTAAE,1.6500626,1.1732475,0.8439,0.8814113736152649,26.05731
NI,1,NI_cfg1_des7,7,1,10,SADGRISLAE,1.4743994,2.3487215,0.8618,0.9020941853523254,10.391648
NI,1,NI_cfg1_des7,7,2,13,DAADGDGVLTAEE,1.4743994,1.3036535,0.8618,0.9020941853523254,29.386604
NI,1,NI_cfg1_des7,7,3,12,DADGDGVLDRAE,1.4743994,1.4170029,0.8618,0.9020941853523254,2.37828
NI,1,NI_cfg1_des7,7,4,12,DADGDGVLDAAE,1.4743994,1.5146022,0.8618,0.9020941853523254,29.835688
NI,1,NI_cfg1_des8,8,1,10,SSDGRISLAE,1.948038,3.8919985,0.8477,0.893465518951416,23.502455
NI,1,NI_cfg1_des8,8,2,13,CKDGDHDSLTAEE,1.948038,1.2565477,0.8477,0.893465518951416,31.393227
NI,1,NI_cfg1_des8,8,3,12,DADGDGTLSRAE,1.948038,1.580341,0.8477,0.893465518951416,2.3805459
NI,1,NI_cfg1_des8,8,4,12,DTDGDGVLDAAE,1.948038,1.3730476,0.8477,0.893465518951416,2.3106985
NI,1,NI_cfg1_des9,9,1,10,GSDGTISLAE,1.3317903,1.9735638,0.8434,0.8822975158691406,9.082599
NI,1,NI_cfg1_des9,9,2,13,DTDGRDGTLTAEE,1.3317903,1.5181091,0.8434,0.8822975158691406,2.6361847
NI,1,NI_cfg1_des9,9,3,12,DADGDGFLSRAE,1.3317903,0.98237854,0.8434,0.8822975158691406,2.4469764
NI,1,NI_cfg1_des9,9,4,12,DADGDGELSAAE,1.3317903,0.8871724,0.8434,0.8822975158691406,32.846096
NI,1,NI_cfg1_des10,10,1,10,SADGTISLAE,1.1738471,1.596925,0.8537,0.8995029330253601,9.383874
NI,1,NI_cfg1_des10,10,2,13,TAPCGDGLLTAEE,1.1738471,1.0334567,0.8537,0.8995029330253601,3.2431746
NI,1,NI_cfg1_des10,10,3,12,DADGDGALDRAE,1.1738471,1.1212506,0.8537,0.8995029330253601,2.4030554
NI,1,NI_cfg1_des10,10,4,12,DADGDGVLTAAE,1.1738471,0.7632893,0.8537,0.8995029330253601,28.061043
NI,1,NI_cfg1_des11,11,1,10,STDGTISLAE,1.3605435,2.15234,0.8622,0.89997398853302,24.341242
NI,1,NI_cfg1_des11,11,2,13,AAADGDGVLSAEE,1.3605435,0.88426787,0.8622,0.89997398853302,29.095604
NI,1,NI_cfg1_des11,11,3,12,DADGDGVLSRDE,1.3605435,1.0133872,0.8622,0.89997398853302,2.3909137
NI,1,NI_cfg1_des11,11,4,12,DTDGDGVLDAAE,1.3605435,1.3066998,0.8622,0.89997398853302,3.0039093
NI,1,NI_cfg1_des12,12,1,10,GADGTISLAE,1.3512503,1.8577373,0.8521,0.8904738426208496,23.76236
NI,1,NI_cfg1_des12,12,2,13,DNGDGSGTLTAEE,1.3512503,1.8413167,0.8521,0.8904738426208496,31.45653
NI,1,NI_cfg1_des12,12,3,12,DADGDGTLSRAE,1.3512503,1.3941879,0.8521,0.8904738426208496,2.3783467
NI,1,NI_cfg1_des12,12,4,12,DADGDGVLDAAE,1.3512503,1.2585512,0.8521,0.8904738426208496,2.2791588
NI,1,NI_cfg1_des13,13,1,10,GSDGTISLAE,1.3101789,1.8766575,0.8533,0.8867258429527283,26.477606
NI,1,NI_cfg1_des13,13,2,13,AAACGDGVLSAEE,1.3101789,0.87520665,0.8533,0.8867258429527283,31.496317
NI,1,NI_cfg1_des13,13,3,12,DADGDGVLSRAE,1.3101789,0.889441,0.8533,0.8867258429527283,23.92566
NI,1,NI_cfg1_des13,13,4,12,DADGDGVLDAAE,1.3101789,1.0738643,0.8533,0.8867258429527283,26.835917
NI,1,NI_cfg1_des14,14,1,10,GSDGTISLAE,1.393982,1.4712186,0.8555,0.8775224089622498,9.175094
NI,1,NI_cfg1_des14,14,2,13,TKDPADGYLTAEE,1.393982,0.96889025,0.8555,0.8775224089622498,31.065392
NI,1,NI_cfg1_des14,14,3,12,DADGDGKLSRDE,1.393982,1.0532048,0.8555,0.8775224089622498,9.448214
NI,1,NI_cfg1_des14,14,4,12,DTDGSGTLSAAE,1.393982,1.1722485,0.8555,0.8775224089622498,26.733679
NI,2,NI_cfg2_des0,0,1,10,CPDGVISLAE,1.374711,1.6476976,0.857,0.9006857872009277,23.654963
NI,2,NI_cfg2_des0,0,2,12,DVNGDGKLNAEE,1.374711,0.8510122,0.857,0.9006857872009277,34.876225
NI,2,NI_cfg2_des0,0,3,12,DADGDGVLSRAE,1.374711,1.0592481,0.857,0.9006857872009277,2.395853
NI,2,NI_cfg2_des0,0,4,10,STCGTIDAAE,1.374711,1.6903294,0.857,0.9006857872009277,9.269483
NI,2,NI_cfg2_des1,1,1,10,SSDGVLTLAE,1.2545211,1.946247,0.8606,0.8969702124595642,24.95848
NI,2,NI_cfg2_des1,1,2,12,DVNGDGVLTAEE,1.2545211,1.0432696,0.8606,0.8969702124595642,9.676225
NI,2,NI_cfg2_des1,1,3,12,DADGDGKLSRAE,1.2545211,1.1517097,0.8606,0.8969702124595642,23.228867
NI,2,NI_cfg2_des1,1,4,10,TAGVTDTAAA,1.2545211,2.0684986,0.8606,0.8969702124595642,29.331596
NI,2,NI_cfg2_des2,2,1,10,SSDGRLTLAE,1.0085016,1.0501015,0.8588,0.9035810232162476,23.801743
NI,2,NI_cfg2_des2,2,2,12,DVNKDGVLTAEE,1.0085016,0.7346708,0.8588,0.9035810232162476,9.93043
NI,2,NI_cfg2_des2,2,3,12,DKDGDGKLSRAE,1.0085016,1.0166163,0.8588,0.9035810232162476,2.3576703
NI,2,NI_cfg2_des2,2,4,10,RAGAPDDAAA,1.0085016,0.96411014,0.8588,0.9035810232162476,11.617349
NI,2,NI_cfg2_des3,3,1,10,STDGTLTLAE,1.5136883,1.4878852,0.8482,0.8836776614189148,23.476494
NI,2,NI_cfg2_des3,3,2,12,DVNGDGVLTAEE,1.5136883,0.9572092,0.8482,0.8836776614189148,3.449619
NI,2,NI_cfg2_des3,3,3,12,DADGDGVLSRAE,1.5136883,1.0655107,0.8482,0.8836776614189148,10.010299
NI,2,NI_cfg2_des3,3,4,10,EATAATDAAE,1.5136883,3.3192568,0.8482,0.8836776614189148,11.007291
NI,2,NI_cfg2_des4,4,1,10,STDGSLSLAE,1.1695158,1.4304394,0.8537,0.8893684148788452,23.766586
NI,2,NI_cfg2_des4,4,2,12,DVNGDGTLTAEE,1.1695158,0.6757558,0.8537,0.8893684148788452,4.944979
NI,2,NI_cfg2_des4,4,3,12,DADGDGTLSRAE,1.1695158,1.0421501,0.8537,0.8893684148788452,12.164651
NI,2,NI_cfg2_des4,4,4,10,TAGGASVAAE,1.1695158,2.0089931,0.8537,0.8893684148788452,27.186302
NI,2,NI_cfg2_des5,5,1,10,SSDGTLTLAE,0.91752934,0.8974494,0.8554,0.8939557671546936,23.843088
NI,2,NI_cfg2_des5,5,2,12,DVNGDGVLTAEE,0.91752934,0.86066204,0.8554,0.8939557671546936,15.312942
NI,2,NI_cfg2_des5,5,3,12,DTDGDGVLDRAE,0.91752934,0.837932,0.8554,0.8939557671546936,3.3860571
NI,2,NI_cfg2_des5,5,4,10,TVPGKSDAEE,0.91752934,1.3903295,0.8554,0.8939557671546936,27.066916
NI,2,NI_cfg2_des6,6,1,10,SSCGTLTLAE,3.2723677,6.582101,0.8349,0.8596055507659912,19.526987
NI,2,NI_cfg2_des6,6,2,12,DTDGRGTLSAEE,3.2723677,1.1485533,0.8349,0.8596055507659912,8.792235
NI,2,NI_cfg2_des6,6,3,12,DADGRGVLSRAE,3.2723677,1.0291919,0.8349,0.8596055507659912,26.486008
NI,2,NI_cfg2_des6,6,4,10,QAAAADNAAE,3.2723677,5.024618,0.8349,0.8596055507659912,29.296919
NI,2,NI_cfg2_des7,7,1,10,DLHEGDARAH,3.4438689,2.3501587,0.7849,0.7574220299720764,23.881746
NI,2,NI_cfg2_des7,7,2,12,DVNGDGTLTAEE,3.4438689,1.7078115,0.7849,0.7574220299720764,26.915327
NI,2,NI_cfg2_des7,7,3,12,DADGDGVLSRAE,3.4438689,2.683274,0.7849,0.7574220299720764,3.5927813
NI,2,NI_cfg2_des7,7,4,10,EAGQTSMAAA,3.4438689,6.0320125,0.7849,0.7574220299720764,23.020338
NI,2,NI_cfg2_des8,8,1,10,STDGVLTLAE,0.7853235,0.76104057,0.8595,0.8988330364227295,23.600988
NI,2,NI_cfg2_des8,8,2,12,DVNGDGKLSAEE,0.7853235,0.4889777,0.8595,0.8988330364227295,27.029785
NI,2,NI_cfg2_des8,8,3,12,DADGDGVLDRPE,0.7853235,0.59598994,0.8595,0.8988330364227295,2.3184907
NI,2,NI_cfg2_des8,8,4,10,EAEATDPAAA,0.7853235,1.639043,0.8595,0.8988330364227295,27.24792
NI,2,NI_cfg2_des9,9,1,10,SSDGVLTLAE,1.4764453,1.8976446,0.8426,0.8789745569229126,23.87014
NI,2,NI_cfg2_des9,9,2,12,DTDGSGVLTAEE,1.4764453,0.8731663,0.8426,0.8789745569229126,26.847807
NI,2,NI_cfg2_des9,9,3,12,DADGDGVLDRAE,1.4764453,0.9353959,0.8426,0.8789745569229126,2.342022
NI,2,NI_cfg2_des9,9,4,10,EASAATVAAE,1.4764453,3.6358762,0.8426,0.8789745569229126,27.904577
NI,2,NI_cfg2_des10,10,1,10,STDGTLTLAE,1.9012706,2.2598317,0.8535,0.8931260704994202,23.815414
NI,2,NI_cfg2_des10,10,2,12,DVNKDGTLTAEE,1.9012706,0.9824351,0.8535,0.8931260704994202,25.951426
NI,2,NI_cfg2_des10,10,3,12,DADKDGKLSRAE,1.9012706,1.0458773,0.8535,0.8931260704994202,3.5953043
NI,2,NI_cfg2_des10,10,4,10,DVPGKSDAEE,1.9012706,5.0023475,0.8535,0.8931260704994202,25.667898
NI,2,NI_cfg2_des11,11,1,10,STDGTLTLAE,1.1552118,1.3442752,0.873,0.8991784453392029,25.180534
NI,2,NI_cfg2_des11,11,2,12,DVNGDGVLTAEE,1.1552118,0.73302776,0.873,0.8991784453392029,9.569205
NI,2,NI_cfg2_des11,11,3,12,DADGDGVLSREE,1.1552118,1.1202152,0.873,0.8991784453392029,23.237228
NI,2,NI_cfg2_des11,11,4,10,TTGAADDAAA,1.1552118,1.2873548,0.873,0.8991784453392029,29.996298
NI,2,NI_cfg2_des12,12,1,10,STCGTLTLAE,1.1223998,1.3409892,0.849,0.8901525139808655,2.758318
NI,2,NI_cfg2_des12,12,2,12,DVNKDGKLSAEE,1.1223998,0.49327552,0.849,0.8901525139808655,2.3928359
NI,2,NI_cfg2_des12,12,3,12,DADGDGVLDRPE,1.1223998,0.87490857,0.849,0.8901525139808655,3.0765667
NI,2,NI_cfg2_des12,12,4,10,TAGETDDAAA,1.1223998,1.4308078,0.849,0.8901525139808655,27.18173
NI,2,NI_cfg2_des13,13,1,10,STDGTLTLAE,3.110126,5.702544,0.8565,0.8912888169288635,23.238012
NI,2,NI_cfg2_des13,13,2,12,DVDGDGTLSAEE,3.110126,1.4207399,0.8565,0.8912888169288635,9.155314
NI,2,NI_cfg2_des13,13,3,12,DADGDGVLSRAE,3.110126,1.5426247,0.8565,0.8912888169288635,9.452234
NI,2,NI_cfg2_des13,13,4,10,TVPGQSDAAE,3.110126,6.1371875,0.8565,0.8912888169288635,32.4199
NI,2,NI_cfg2_des14,14,1,10,STDGTLTLAE,3.6571536,5.7546916,0.8147,0.7893962860107422,23.098185
NI,2,NI_cfg2_des14,14,2,12,DVNGDGVLSAEE,3.6571536,1.1169689,0.8147,0.7893962860107422,8.947425
NI,2,NI_cfg2_des14,14,3,12,DANGDGVLDRAE,3.6571536,1.8934956,0.8147,0.7893962860107422,23.217766
NI,2,NI_cfg2_des14,14,4,10,ETAAATDAAE,3.6571536,3.8827069,0.8147,0.7893962860107422,26.862925
NI,3,NI_cfg3_des0,0,1,12,DADGDGVINLAE,1.8584533,1.306842,0.8447,0.8731102347373962,22.757029
NI,3,NI_cfg3_des0,0,2,14,NPSGDLSIEHMAEA,1.8584533,3.424707,0.8447,0.8731102347373962,5.0012565
NI,3,NI_cfg3_des0,0,3,11,SNGDGTFTKAE,1.8584533,2.5094607,0.8447,0.8731102347373962,9.668508
NI,3,NI_cfg3_des0,0,4,11,ANGSSTLNAAE,1.8584533,1.2861787,0.8447,0.8731102347373962,8.943433
NI,3,NI_cfg3_des1,1,1,12,DFDGDGVISLAE,0.8887406,0.8782454,0.8514,0.8991196751594543,10.492391
NI,3,NI_cfg3_des1,1,2,14,QTDGDGSGKLTAEE,0.8887406,1.4370512,0.8514,0.8991196751594543,29.88118
NI,3,NI_cfg3_des1,1,3,11,SDGDGVLSRAE,0.8887406,1.0945544,0.8514,0.8991196751594543,2.6980674
NI,3,NI_cfg3_des1,1,4,11,SDGSGVLDAAE,0.8887406,1.1649419,0.8514,0.8991196751594543,9.693584
NI,3,NI_cfg3_des2,2,1,12,DADGDGVIDLAE,0.9568338,0.59738004,0.8579,0.8992313742637634,11.96439
NI,3,NI_cfg3_des2,2,2,14,QTDKDGSGTLTAEE,0.9568338,1.7623563,0.8579,0.8992313742637634,29.260847
NI,3,NI_cfg3_des2,2,3,11,SADGKALSRAE,0.9568338,1.1093521,0.8579,0.8992313742637634,3.1441908
NI,3,NI_cfg3_des2,2,4,11,SDGCGVLDAAE,0.9568338,1.0399065,0.8579,0.8992313742637634,9.862056
NI,3,NI_cfg3_des3,3,1,12,DADGDGVISLAE,0.9956977,0.9754209,0.8643,0.9097197651863098,12.401471
NI,3,NI_cfg3_des3,3,2,14,DKLGTGDGTLSAEE,0.9956977,1.3439556,0.8643,0.9097197651863098,29.913992
NI,3,NI_cfg3_des3,3,3,11,SDGSGTLSRAE,0.9956977,1.9895232,0.8643,0.9097197651863098,8.939618
NI,3,NI_cfg3_des3,3,4,11,SNGDDTLTAAE,0.9956977,0.5153719,0.8643,0.9097197651863098,8.85213
NI,3,NI_cfg3_des4,4,1,12,DADGDGVISLPE,1.1807791,0.42269176,0.8418,0.8881806135177612,9.799792
NI,3,NI_cfg3_des4,4,2,14,DSPVTKDGRLTAEE,1.1807791,1.7979037,0.8418,0.8881806135177612,9.309669
NI,3,NI_cfg3_des4,4,3,11,DDGCGTLSRAE,1.1807791,1.5529528,0.8418,0.8881806135177612,9.381871
NI,3,NI_cfg3_des4,4,4,11,SDGDGYLTAAE,1.1807791,0.58406025,0.8418,0.8881806135177612,9.137361
NI,3,NI_cfg3_des5,5,1,12,DADGDGVISLAE,1.6048905,1.0497603,0.8241,0.8478707671165466,25.071243
NI,3,NI_cfg3_des5,5,2,14,NPDRCFSPEHNAAA,1.6048905,3.2498713,0.8241,0.8478707671165466,8.219962
NI,3,NI_cfg3_des5,5,3,11,QCADGALSRAE,1.6048905,0.8708578,0.8241,0.8478707671165466,23.662828
NI,3,NI_cfg3_des5,5,4,11,TNGSATLNAAE,1.6048905,1.0040194,0.8241,0.8478707671165466,22.690622
NI,3,NI_cfg3_des6,6,1,12,DADGDGVISLAE,9.512455,12.558081,0.7187,0.45501285791397095,19.959604
NI,3,NI_cfg3_des6,6,2,14,DDPEAKCGVLTAEE,9.512455,10.003658,0.7187,0.45501285791397095,24.006197
NI,3,NI_cfg3_des6,6,3,11,SDGCGVLSRPE,9.512455,8.02906,0.7187,0.45501285791397095,15.524757
NI,3,NI_cfg3_des6,6,4,11,CSDGTVITAAE,9.512455,9.5849695,0.7187,0.45501285791397095,13.276135
NI,3,NI_cfg3_des7,7,1,12,DADGDGVISLAE,1.4179475,1.1060499,0.8531,0.9017258882522583,24.427507
NI,3,NI_cfg3_des7,7,2,14,CPKGRCSDEEAVKE,1.4179475,1.8758206,0.8531,0.9017258882522583,6.421022
NI,3,NI_cfg3_des7,7,3,11,SDGDGYVTKAE,1.4179475,1.0855213,0.8531,0.9017258882522583,2.457194
NI,3,NI_cfg3_des7,7,4,11,SNGSPTLSAAE,1.4179475,0.845672,0.8531,0.9017258882522583,8.956353
NI,3,NI_cfg3_des8,8,1,12,DADGDGVIDLAE,1.8271703,0.75091565,0.8362,0.8672875165939331,28.098356
NI,3,NI_cfg3_des8,8,2,14,DPDGDESREHCIEE,1.8271703,2.0544946,0.8362,0.8672875165939331,3.037691
NI,3,NI_cfg3_des8,8,3,11,DKCGTGLSRAE,1.8271703,2.9925706,0.8362,0.8672875165939331,23.532808
NI,3,NI_cfg3_des8,8,4,11,STDDDTLTAAE,1.8271703,1.5406679,0.8362,0.8672875165939331,9.090249
NI,3,NI_cfg3_des9,9,1,12,DADGDGVISLAE,1.1317376,0.7461459,0.8456,0.8821377754211426,9.98706
NI,3,NI_cfg3_des9,9,2,14,QTDKKGDGTLTAEE,1.1317376,2.0394304,0.8456,0.8821377754211426,4.9210277
NI,3,NI_cfg3_des9,9,3,11,DDGSGALSRAE,1.1317376,1.394731,0.8456,0.8821377754211426,23.670843
NI,3,NI_cfg3_des9,9,4,11,SDGSGTLSAAE,1.1317376,1.3107551,0.8456,0.8821377754211426,26.246916
NI,3,NI_cfg3_des10,10,1,12,DADGDGVITLPE,0.9418669,0.7181527,0.8616,0.894855797290802,2.3132672
NI,3,NI_cfg3_des10,10,2,14,DKDKVGVFKNPAEE,0.9418669,1.241081,0.8616,0.894855797290802,10.208511
NI,3,NI_cfg3_des10,10,3,11,SDGDGVLTKAE,0.9418669,1.4692287,0.8616,0.894855797290802,23.913048
NI,3,NI_cfg3_des10,10,4,11,SADGVALTAAE,0.9418669,0.8882813,0.8616,0.894855797290802,26.623579
NI,3,NI_cfg3_des11,11,1,12,DADGDGTISLAE,1.4901218,0.5913369,0.8472,0.8617116808891296,23.330214
NI,3,NI_cfg3_des11,11,2,14,NKDGCETIECMAEE,1.4901218,2.7291133,0.8472,0.8617116808891296,5.287578
NI,3,NI_cfg3_des11,11,3,11,DDGNGKFTKAE,1.4901218,1.3411812,0.8472,0.8617116808891296,24.738014
NI,3,NI_cfg3_des11,11,4,11,SNGGTTLTAAE,1.4901218,0.9770155,0.8472,0.8617116808891296,8.835353
NI,3,NI_cfg3_des12,12,1,12,DADGDGLISLAE,1.388627,0.893146,0.8276,0.8739299178123474,27.810503
NI,3,NI_cfg3_des12,12,2,14,DPKGRCSYEEAVVE,1.388627,2.0592625,0.8276,0.8739299178123474,3.5498588
NI,3,NI_cfg3_des12,12,3,11,LDGDGYLTKAE,1.388627,1.3551203,0.8276,0.8739299178123474,23.550726
NI,3,NI_cfg3_des12,12,4,11,SACGTTLSAAE,1.388627,0.7901473,0.8276,0.8739299178123474,26.25134
NI,3,NI_cfg3_des13,13,1,12,DADGDGLISLAE,1.6795641,0.98454964,0.856,0.8944821357727051,19.63659
NI,3,NI_cfg3_des13,13,2,14,AAHNPEAGKLTAEE,1.6795641,2.3194673,0.856,0.8944821357727051,9.613984
NI,3,NI_cfg3_des13,13,3,11,STKDDTLSRAE,1.6795641,1.5002176,0.856,0.8944821357727051,24.634323
NI,3,NI_cfg3_des13,13,4,11,SADGVALSAAE,1.6795641,1.1572738,0.856,0.8944821357727051,9.530242
NI,3,NI_cfg3_des14,14,1,12,DFDGDGTISLAE,1.327043,0.6422475,0.8409,0.8644818663597107,23.599022
NI,3,NI_cfg3_des14,14,2,14,CPKDSCSREEAIEA,1.327043,1.8097029,0.8409,0.8644818663597107,5.911962
NI,3,NI_cfg3_des14,14,3,11,DNGDGEFTRAE,1.327043,2.0229352,0.8409,0.8644818663597107,24.656912
NI,3,NI_cfg3_des14,14,4,11,SSDGVNITAAE,1.327043,1.3911854,0.8409,0.8644818663597107,8.641855
NI,4,NI_cfg4_des0,0,1,10,GSDGTISLAE,1.1256535,1.4644989,0.8546,0.8926517367362976,20.409008
NI,4,NI_cfg4_des0,0,2,13,AAACGDGTLSAEE,1.1256535,1.4120958,0.8546,0.8926517367362976,2.954355
NI,4,NI_cfg4_des0,0,3,10,SSCGTLTRAE,1.1256535,1.5460384,0.8546,0.8926517367362976,24.886292
NI,4,NI_cfg4_des0,0,4,13,AAGDGDGVLDAAE,1.1256535,1.2584918,0.8546,0.8926517367362976,3.1162176
NI,4,NI_cfg4_des1,1,1,10,SSDGTISLAE,1.7838402,2.4825625,0.8571,0.8962134122848511,10.10328
NI,4,NI_cfg4_des1,1,2,13,DSKNHDGRLYAEE,1.7838402,1.9375482,0.8571,0.8962134122848511,7.0114326
NI,4,NI_cfg4_des1,1,3,10,SSDGSLTRAE,1.7838402,1.931234,0.8571,0.8962134122848511,9.319134
NI,4,NI_cfg4_des1,1,4,13,EGSHADGVLDAAE,1.7838402,2.5694103,0.8571,0.8962134122848511,3.2512481
NI,4,NI_cfg4_des2,2,1,10,GSDGTISLAE,1.3822719,1.77382,0.8408,0.8806180953979492,23.294725
NI,4,NI_cfg4_des2,2,2,13,DKTPGAGELTAEE,1.3822719,1.5807626,0.8408,0.8806180953979492,3.218661
NI,4,NI_cfg4_des2,2,3,10,SPCGKLTRPE,1.3822719,2.1088789,0.8408,0.8806180953979492,24.773195
NI,4,NI_cfg4_des2,2,4,13,TAADADGVISAAE,1.3822719,1.2465643,0.8408,0.8806180953979492,31.60312
NI,4,NI_cfg4_des3,3,1,10,STCGTISLAE,1.3336519,1.91199,0.8446,0.8945582509040833,25.949486
NI,4,NI_cfg4_des3,3,2,13,QKDPDAGVLTAEE,1.3336519,1.2430451,0.8446,0.8945582509040833,9.99337
NI,4,NI_cfg4_des3,3,3,10,SSCGVLSRPE,1.3336519,1.6325641,0.8446,0.8945582509040833,27.072958
NI,4,NI_cfg4_des3,3,4,13,SAACGDGVIDAAE,1.3336519,1.2926599,0.8446,0.8945582509040833,3.016442
NI,4,NI_cfg4_des4,4,1,10,STDGTISLAE,1.3762133,1.3392662,0.8445,0.890816330909729,26.472267
NI,4,NI_cfg4_des4,4,2,13,DAGCKCGVLTAEE,1.3762133,1.4923649,0.8445,0.890816330909729,3.180444
NI,4,NI_cfg4_des4,4,3,10,SKCGTMSRAE,1.3762133,2.4305992,0.8445,0.890816330909729,24.571503
NI,4,NI_cfg4_des4,4,4,13,TAADGDGVLSAAE,1.3762133,0.91528887,0.8445,0.890816330909729,26.300287
NI,4,NI_cfg4_des5,5,1,10,STDGTLSLAE,1.6326844,2.784337,0.8493,0.8855444192886353,20.732534
NI,4,NI_cfg4_des5,5,2,13,VKTPGSDTLTAEE,1.6326844,1.415734,0.8493,0.8855444192886353,9.486434
NI,4,NI_cfg4_des5,5,3,10,SPCGVLSRAE,1.6326844,1.9539425,0.8493,0.8855444192886353,23.113588
NI,4,NI_cfg4_des5,5,4,13,EAAAAPGASDAEA,1.6326844,2.1682098,0.8493,0.8855444192886353,5.205222
NI,4,NI_cfg4_des6,6,1,10,CSCGTISLAE,1.3592731,1.5203351,0.8521,0.8868041634559631,23.135712
NI,4,NI_cfg4_des6,6,2,13,DAADGSGLLSAEE,1.3592731,1.2662148,0.8521,0.8868041634559631,12.181655
NI,4,NI_cfg4_des6,6,3,10,SKDGKMSRAE,1.3592731,2.1000836,0.8521,0.8868041634559631,9.786052
NI,4,NI_cfg4_des6,6,4,13,SADAAAGTIDAAE,1.3592731,1.6199328,0.8521,0.8868041634559631,8.739513
NI,4,NI_cfg4_des7,7,1,10,SSDGTISLAE,1.3494511,1.729163,0.8574,0.8962547183036804,26.834764
NI,4,NI_cfg4_des7,7,2,13,RTDPSDPTLTAEE,1.3494511,1.0732554,0.8574,0.8962547183036804,4.9249864
NI,4,NI_cfg4_des7,7,3,10,SSDGTLSRAE,1.3494511,2.4007587,0.8574,0.8962547183036804,3.4757347
NI,4,NI_cfg4_des7,7,4,13,AAPDADGVISAAE,1.3494511,1.2414783,0.8574,0.8962547183036804,30.417597
NI,4,NI_cfg4_des8,8,1,10,SADGTLSLAE,2.2506652,2.1251535,0.8453,0.8713077306747437,24.23636
NI,4,NI_cfg4_des8,8,2,13,DKCGAHTYLTAEE,2.2506652,2.7839003,0.8453,0.8713077306747437,5.8902264
NI,4,NI_cfg4_des8,8,3,10,GSDGRLSRAE,2.2506652,3.2602081,0.8453,0.8713077306747437,25.315928
NI,4,NI_cfg4_des8,8,4,13,DLDGDGTSLSAAE,2.2506652,1.019194,0.8453,0.8713077306747437,2.5507212
NI,4,NI_cfg4_des9,9,1,10,SSDGRLSLPE,1.6363549,1.4034647,0.8398,0.887863278388977,19.874891
NI,4,NI_cfg4_des9,9,2,13,DKDGDGKTLTAEE,1.6363549,1.6375271,0.8398,0.887863278388977,29.537256
NI,4,NI_cfg4_des9,9,3,10,APDGVLTRAE,1.6363549,2.1731846,0.8398,0.887863278388977,9.899577
NI,4,NI_cfg4_des9,9,4,13,SAADADGVLSAAE,1.6363549,1.158958,0.8398,0.887863278388977,29.539228
NI,4,NI_cfg4_des10,10,1,10,GADGRISRAE,1.339932,1.9514595,0.8224,0.8666544556617737,24.771223
NI,4,NI_cfg4_des10,10,2,13,STDGVEGQLSAEE,1.339932,1.7539889,0.8224,0.8666544556617737,4.361583
NI,4,NI_cfg4_des10,10,3,10,SPDDVLSRAE,1.339932,1.8034343,0.8224,0.8666544556617737,26.761026
NI,4,NI_cfg4_des10,10,4,13,ECGDGDGVISAAE,1.339932,1.1767085,0.8224,0.8666544556617737,2.636694
NI,4,NI_cfg4_des11,11,1,10,GADGRISLAE,2.3047245,2.246846,0.8072,0.832158625125885,24.056635
NI,4,NI_cfg4_des11,11,2,13,MPGNCNFEEAVEE,2.3047245,3.7000928,0.8072,0.832158625125885,13.801971
NI,4,NI_cfg4_des11,11,3,10,MKSDEFTKAE,2.3047245,2.7216942,0.8072,0.832158625125885,26.03702
NI,4,NI_cfg4_des11,11,4,13,TAACGDGLVDAAE,2.3047245,1.8231231,0.8072,0.832158625125885,2.695676
NI,4,NI_cfg4_des12,12,1,10,SSDGLISLAE,1.3385882,1.1960821,0.8491,0.8951775431632996,21.85977
NI,4,NI_cfg4_des12,12,2,13,VKTPGCGTLTAEE,1.3385882,1.1265033,0.8491,0.8951775431632996,5.5713773
NI,4,NI_cfg4_des12,12,3,10,SPDGVLSRAE,1.3385882,2.3145573,0.8491,0.8951775431632996,23.797354
NI,4,NI_cfg4_des12,12,4,13,AAASADGVLSAAE,1.3385882,1.518666,0.8491,0.8951775431632996,27.387207
NI,4,NI_cfg4_des13,13,1,10,GSDGTISLAE,2.1208012,2.254145,0.8298,0.8222880363464355,22.955812
NI,4,NI_cfg4_des13,13,2,13,APDGVVTAAEKDE,2.1208012,2.6496878,0.8298,0.8222880363464355,5.3267984
NI,4,NI_cfg4_des13,13,3,10,SKDDSLTRAE,2.1208012,2.0188115,0.8298,0.8222880363464355,10.328592
NI,4,NI_cfg4_des13,13,4,13,ATSGDGTTISAAE,2.1208012,1.1198331,0.8298,0.8222880363464355,31.545446
NI,4,NI_cfg4_des14,14,1,10,SSDSTLTLAD,12.916867,15.2648735,0.7365,0.4591588079929352,18.342459
NI,4,NI_cfg4_des14,14,2,13,DPSGVITKKTRYE,12.916867,17.012417,0.7365,0.4591588079929352,15.820633
NI,4,NI_cfg4_des14,14,3,10,SKDDSLTRAE,12.916867,12.2076,0.7365,0.4591588079929352,5.5304418
NI,4,NI_cfg4_des14,14,4,13,FGDTVHASTQAAE,12.916867,14.581077,0.7365,0.4591588079929352,26.027666
LA,0,LA_cfg0_des0,0,1,11,SADGTAISRAE,2.1480079,1.1537417,0.8182,0.8258731365203857,3.5740378
LA,0,LA_cfg0_des0,0,2,10,NDASKTVAEE,2.1480079,5.404367,0.8182,0.8258731365203857,27.50855
LA,0,LA_cfg0_des0,0,3,15,GLDPSKNLTDADKPE,2.1480079,1.566356,0.8182,0.8258731365203857,15.263535
LA,0,LA_cfg0_des0,0,4,14,TASSADPDLLSAAE,2.1480079,1.2196555,0.8182,0.8258731365203857,25.863144
LA,0,LA_cfg0_des1,1,1,11,ADAAGTLSLAE,1.9387138,2.0578172,0.8186,0.8303344249725342,23.001524
LA,0,LA_cfg0_des1,1,2,10,STDGVLSAEE,1.9387138,1.1951948,0.8186,0.8303344249725342,14.657337
LA,0,LA_cfg0_des1,1,3,15,QAPGDKDSGTMSRAE,1.9387138,2.7023928,0.8186,0.8303344249725342,24.11675
LA,0,LA_cfg0_des1,1,4,14,DPDGSTDPAAVAAE,1.9387138,1.3863338,0.8186,0.8303344249725342,9.525535
LA,0,LA_cfg0_des2,2,1,11,DDGSGTISLAE,0.9206022,0.99671376,0.8595,0.8934416174888611,23.495514
LA,0,LA_cfg0_des2,2,2,10,SSDGYLSAEE,0.9206022,0.73866785,0.8595,0.8934416174888611,15.128736
LA,0,LA_cfg0_des2,2,3,15,SDGAPGRENELSRAE,0.9206022,0.9258161,0.8595,0.8934416174888611,26.226982
LA,0,LA_cfg0_des2,2,4,14,AAVSGSADTLSAAE,0.9206022,1.2303021,0.8595,0.8934416174888611,8.973828
LA,0,LA_cfg0_des3,3,1,11,GCDATACTLAE,11.049485,11.880156,0.7508,0.42617467045783997,11.438275
LA,0,LA_cfg0_des3,3,2,10,NDPSLTNAEE,11.049485,15.94672,0.7508,0.42617467045783997,8.925821
LA,0,LA_cfg0_des3,3,3,15,GLDPKAAMTAADRPE,11.049485,5.6233673,0.7508,0.42617467045783997,15.621034
LA,0,LA_cfg0_des3,3,4,14,FGADSCSGASAAAE,11.049485,8.535779,0.7508,0.42617467045783997,15.856995
LA,0,LA_cfg0_des4,4,1,11,SDGDGTISLAE,1.6909342,0.91338855,0.8381,0.844855785369873,23.089918
LA,0,LA_cfg0_des4,4,2,10,LDPSKTNAEE,1.6909342,1.3660942,0.8381,0.844855785369873,9.998518
LA,0,LA_cfg0_des4,4,3,15,GLDPTKPCTAADRAE,1.6909342,1.6499789,0.8381,0.844855785369873,23.57556
LA,0,LA_cfg0_des4,4,4,14,DTNANGDGTIDAAE,1.6909342,3.0205357,0.8381,0.844855785369873,9.004581
LA,0,LA_cfg0_des5,5,1,11,DDGDGQLSLAE,14.247847,6.8812933,0.7654,0.6537135243415833,13.62478
LA,0,LA_cfg0_des5,5,2,10,NVPGLGAFEE,14.247847,10.770992,0.7654,0.6537135243415833,29.799429
LA,0,LA_cfg0_des5,5,3,15,ADKPMTPEDELSRAE,14.247847,25.906767,0.7654,0.6537135243415833,11.003932
LA,0,LA_cfg0_des5,5,4,14,SPSASADAPLSAAE,14.247847,17.275368,0.7654,0.6537135243415833,25.381943
LA,0,LA_cfg0_des6,6,1,11,DGADGTLNRAE,1.7313677,3.387647,0.8447,0.8917616605758667,2.5929568
LA,0,LA_cfg0_des6,6,2,10,SDDGVLTAEE,1.7313677,1.8060727,0.8447,0.8917616605758667,5.4866204
LA,0,LA_cfg0_des6,6,3,15,DASGDETNPTLSRAE,1.7313677,1.4035338,0.8447,0.8917616605758667,3.0401351
LA,0,LA_cfg0_des6,6,4,14,GLEDGDSAAAAAVE,1.7313677,1.1161689,0.8447,0.8917616605758667,29.917574
LA,0,LA_cfg0_des7,7,1,11,SDGDGTISLAE,2.557332,1.4509225,0.8249,0.853557825088501,9.304126
LA,0,LA_cfg0_des7,7,2,10,NKPGVSAVDE,2.557332,4.5387635,0.8249,0.853557825088501,11.320892
LA,0,LA_cfg0_des7,7,3,15,DLDGDGSPYNFSRAE,2.557332,3.4379616,0.8249,0.853557825088501,23.358507
LA,0,LA_cfg0_des7,7,4,14,DATGGGDGTISAAE,2.557332,2.1020033,0.8249,0.853557825088501,7.3187313
LA,0,LA_cfg0_des8,8,1,11,SDGDGRISLAE,2.3239017,0.86315,0.8133,0.867047131061554,23.136362
LA,0,LA_cfg0_des8,8,2,10,SSDGYLSAEE,2.3239017,0.8290767,0.8133,0.867047131061554,2.7026312
LA,0,LA_cfg0_des8,8,3,15,DGVDGDGDGKLSRPE,2.3239017,2.5358503,0.8133,0.867047131061554,23.28327
LA,0,LA_cfg0_des8,8,4,14,EVDGDGDGYLTAAE,2.3239017,3.0380573,0.8133,0.867047131061554,2.379155
LA,0,LA_cfg0_des9,9,1,11,SADGVSISLAE,2.461896,1.7692275,0.8405,0.8594211935997009,28.365524
LA,0,LA_cfg0_des9,9,2,10,SSDGLLTAEE,2.461896,1.096505,0.8405,0.8594211935997009,3.5741117
LA,0,LA_cfg0_des9,9,3,15,DSAASGSDGTLTRAE,2.461896,3.6232908,0.8405,0.8594211935997009,3.4970913
LA,0,LA_cfg0_des9,9,4,14,AGAGDAAGTLTAAE,2.461896,2.5873206,0.8405,0.8594211935997009,31.147232
LA,0,LA_cfg0_des10,10,1,11,DDGSGTISLAE,5.7556024,2.2492876,0.8133,0.7464138865470886,9.056918
LA,0,LA_cfg0_des10,10,2,10,DDGVSSEVEE,5.7556024,7.744324,0.8133,0.7464138865470886,26.548143
LA,0,LA_cfg0_des10,10,3,15,DADPADFGKELSRDE,5.7556024,7.5795074,0.8133,0.7464138865470886,12.4131775
LA,0,LA_cfg0_des10,10,4,14,DASGNGDGTLDAAE,5.7556024,2.0042255,0.8133,0.7464138865470886,8.87063
LA,0,LA_cfg0_des11,11,1,11,SDGSGKISLAE,1.5292988,1.3850878,0.8481,0.8771039247512817,24.88878
LA,0,LA_cfg0_des11,11,2,10,SDDGTLSAEE,1.5292988,0.8587852,0.8481,0.8771039247512817,3.5134037
LA,0,LA_cfg0_des11,11,3,15,RAPGDADSDELSRAE,1.5292988,2.4143124,0.8481,0.8771039247512817,23.534693
LA,0,LA_cfg0_des11,11,4,14,DGDVDGDGLISAAE,1.5292988,1.2880579,0.8481,0.8771039247512817,26.05155
LA,0,LA_cfg0_des12,12,1,11,SDGDGKVSLAE,1.3009712,1.4826934,0.8495,0.8889971375465393,23.460047
LA,0,LA_cfg0_des12,12,2,10,STDGKLSAEE,1.3009712,0.8011802,0.8495,0.8889971375465393,29.51525
LA,0,LA_cfg0_des12,12,3,15,DTGPADEKDELSRAE,1.3009712,2.1745973,0.8495,0.8889971375465393,3.4326184
LA,0,LA_cfg0_des12,12,4,14,DTDANGDGKLDAAE,1.3009712,1.0932802,0.8495,0.8889971375465393,8.405113
LA,0,LA_cfg0_des13,13,1,11,DDGSGTISLAE,1.0212582,0.7917304,0.8525,0.886383593082428,23.122183
LA,0,LA_cfg0_des13,13,2,10,STDGTLSAEE,1.0212582,0.8088659,0.8525,0.886383593082428,10.496498
LA,0,LA_cfg0_des13,13,3,15,DTDNPGVSTTLSRAE,1.0212582,1.6387426,0.8525,0.886383593082428,24.179337
LA,0,LA_cfg0_des13,13,4,14,EGAADTSGTLSAAE,1.0212582,1.1877083,0.8525,0.886383593082428,8.738496
LA,0,LA_cfg0_des14,14,1,11,SDGDGLLSLAE,2.8455145,1.428988,0.8393,0.8559141159057617,9.745558
LA,0,LA_cfg0_des14,14,2,10,STDGYLSAEE,2.8455145,1.3357277,0.8393,0.8559141159057617,32.242157
LA,0,LA_cfg0_des14,14,3,15,DAPETKSERKLSRAE,2.8455145,4.867032,0.8393,0.8559141159057617,24.753372
LA,0,LA_cfg0_des14,14,4,14,AAGSGGSDTLSAAE,2.8455145,2.0875103,0.8393,0.8559141159057617,8.2420845
LA,1,LA_cfg1_des0,0,1,12,DADGDGVIDLAE,2.5979018,1.5309134,0.8563,0.876899242401123,24.04024
LA,1,LA_cfg1_des0,0,2,13,SAADGDGLLSAEE,2.5979018,1.3567358,0.8563,0.876899242401123,28.620094
LA,1,LA_cfg1_des0,0,3,15,RDTSVGDPSKLSRAE,2.5979018,5.271461,0.8563,0.876899242401123,23.247484
LA,1,LA_cfg1_des0,0,4,12,DTDGDGKISAAE,2.5979018,1.7215725,0.8563,0.876899242401123,9.299186
LA,1,LA_cfg1_des1,1,1,12,DADGDGVISLAE,1.2861551,0.9968204,0.848,0.8817147016525269,23.009346
LA,1,LA_cfg1_des1,1,2,13,SSGDGDGVLSAEE,1.2861551,0.7902127,0.848,0.8817147016525269,2.4856899
LA,1,LA_cfg1_des1,1,3,15,DNGADGDPNKLTRDE,1.2861551,2.3899796,0.848,0.8817147016525269,23.306929
LA,1,LA_cfg1_des1,1,4,12,DADGDGALDAAE,1.2861551,1.1706555,0.848,0.8817147016525269,9.471889
LA,1,LA_cfg1_des2,2,1,12,GFDGDHAENRAE,7.7775984,10.679404,0.7644,0.6404753923416138,17.845518
LA,1,LA_cfg1_des2,2,2,13,SAADGSGLLSAEE,7.7775984,3.2984612,0.7644,0.6404753923416138,16.004572
LA,1,LA_cfg1_des2,2,3,15,SDEPNAAKPTLSRAE,7.7775984,6.3751616,0.7644,0.6404753923416138,5.343515
LA,1,LA_cfg1_des2,2,4,12,TDGSAGSDVAAE,7.7775984,12.7729845,0.7644,0.6404753923416138,23.925636
LA,1,LA_cfg1_des3,3,1,12,DADGDGLISLAE,1.8177588,1.0802373,0.8417,0.8903623819351196,23.348097
LA,1,LA_cfg1_des3,3,2,13,TKGDGDGKLSAEE,1.8177588,1.6701465,0.8417,0.8903623819351196,2.5071466
LA,1,LA_cfg1_des3,3,3,15,TAGDATGDGKLDRAE,1.8177588,2.2818592,0.8417,0.8903623819351196,23.1761
LA,1,LA_cfg1_des3,3,4,12,DADGDGRLSAAE,1.8177588,1.2617898,0.8417,0.8903623819351196,9.374434
LA,1,LA_cfg1_des4,4,1,12,DADGDGVISLAE,1.5810158,0.89798146,0.8558,0.88881516456604,10.029889
LA,1,LA_cfg1_des4,4,2,13,SAADGDGVLSAEE,1.5810158,1.1597164,0.8558,0.88881516456604,10.127672
LA,1,LA_cfg1_des4,4,3,15,DKNEGVADGKLTRDE,1.5810158,3.2275615,0.8558,0.88881516456604,9.737411
LA,1,LA_cfg1_des4,4,4,12,DLDGSGVLTAAE,1.5810158,1.1775367,0.8558,0.88881516456604,9.774516
LA,1,LA_cfg1_des5,5,1,12,DADGDGVISLAE,1.3479598,1.0614488,0.8481,0.8911545872688293,23.202436
LA,1,LA_cfg1_des5,5,2,13,SKVNGDGKLSAEE,1.3479598,0.8516415,0.8481,0.8911545872688293,8.716365
LA,1,LA_cfg1_des5,5,3,15,DKLGGDNDGTLDRAE,1.3479598,2.1206808,0.8481,0.8911545872688293,23.025763
LA,1,LA_cfg1_des5,5,4,12,DANGDGVLDAAE,1.3479598,1.1640549,0.8481,0.8911545872688293,9.643859
LA,1,LA_cfg1_des6,6,1,12,DFDGDGVISRAE,1.6717705,1.3012146,0.8425,0.8855818510055542,23.26802
LA,1,LA_cfg1_des6,6,2,13,NGADGDGKLSAEE,1.6717705,2.1339164,0.8425,0.8855818510055542,2.3737042
LA,1,LA_cfg1_des6,6,3,15,DEVCADKDGKLSRAE,1.6717705,2.8587563,0.8425,0.8855818510055542,23.049736
LA,1,LA_cfg1_des6,6,4,12,DADGDGVLTAAE,1.6717705,1.3214946,0.8425,0.8855818510055542,9.648205
LA,1,LA_cfg1_des7,7,1,12,DADGDGVISLAE,2.0287638,1.2683308,0.8466,0.8805028796195984,23.374733
LA,1,LA_cfg1_des7,7,2,13,DKNKDGGTLSAEE,2.0287638,1.6901474,0.8466,0.8805028796195984,2.5859334
LA,1,LA_cfg1_des7,7,3,15,SGLDGDGDGKLSRAE,2.0287638,2.77469,0.8466,0.8805028796195984,22.969246
LA,1,LA_cfg1_des7,7,4,12,DADGSGVLTAAE,2.0287638,1.3433214,0.8466,0.8805028796195984,9.699962
LA,1,LA_cfg1_des8,8,1,12,DADGDGVISLAE,2.9311848,1.4822315,0.8496,0.8856746554374695,10.013046
LA,1,LA_cfg1_des8,8,2,13,SAADGDGLLSAEE,2.9311848,1.5935925,0.8496,0.8856746554374695,32.355892
LA,1,LA_cfg1_des8,8,3,15,NTGADGKPDALTRDE,2.9311848,6.9304,0.8496,0.8856746554374695,3.515638
LA,1,LA_cfg1_des8,8,4,12,DTDGDGVLTAAE,2.9311848,1.4628227,0.8496,0.8856746554374695,9.610325
LA,1,LA_cfg1_des9,9,1,12,DFDGDGVISRAE,1.9191263,1.2275337,0.8403,0.8813883066177368,23.370012
LA,1,LA_cfg1_des9,9,2,13,DTDKVDGTLSAEE,1.9191263,1.2201482,0.8403,0.8813883066177368,2.7363741
LA,1,LA_cfg1_des9,9,3,15,ANVDGDNDGKLSRAE,1.9191263,2.6548586,0.8403,0.8813883066177368,23.495596
LA,1,LA_cfg1_des9,9,4,12,DADGDGVLTAAE,1.9191263,1.2556776,0.8403,0.8813883066177368,2.3675659
LA,1,LA_cfg1_des10,10,1,12,DLDGDGVISLAE,1.1817876,0.7797506,0.8616,0.8928343057632446,2.359104
LA,1,LA_cfg1_des10,10,2,13,TASSSDGKLTAEE,1.1817876,0.9712056,0.8616,0.8928343057632446,28.88576
LA,1,LA_cfg1_des10,10,3,15,DAAGAANDGALSRDE,1.1817876,2.5505927,0.8616,0.8928343057632446,2.4871442
LA,1,LA_cfg1_des10,10,4,12,DANGDGVLDAAE,1.1817876,0.6924737,0.8616,0.8928343057632446,30.492613
LA,1,LA_cfg1_des11,11,1,12,DADGDGKISLAE,2.0523667,1.207934,0.8421,0.8783206343650818,23.982124
LA,1,LA_cfg1_des11,11,2,13,DKDGVDGKLSAEE,2.0523667,1.3115051,0.8421,0.8783206343650818,8.824367
LA,1,LA_cfg1_des11,11,3,15,DAGDADKDGKLSRAE,2.0523667,3.0831056,0.8421,0.8783206343650818,23.400137
LA,1,LA_cfg1_des11,11,4,12,DTDGDGTLSAAE,2.0523667,1.5749276,0.8421,0.8783206343650818,2.3466594
LA,1,LA_cfg1_des12,12,1,12,DADGDGKISLAE,2.1208541,1.507833,0.8521,0.8854088187217712,24.046553
LA,1,LA_cfg1_des12,12,2,13,SAADGDGKLSAEE,2.1208541,1.3484375,0.8521,0.8854088187217712,10.030456
LA,1,LA_cfg1_des12,12,3,15,DDLAADPSGKLTRAE,2.1208541,3.2464347,0.8521,0.8854088187217712,23.672407
LA,1,LA_cfg1_des12,12,4,12,DANGDGVLDAAE,2.1208541,1.5023749,0.8521,0.8854088187217712,9.491471
LA,1,LA_cfg1_des13,13,1,12,DADGDGRISLAE,1.4896,1.078583,0.8478,0.8954579830169678,23.145065
LA,1,LA_cfg1_des13,13,2,13,STANGDGKLSAEE,1.4896,1.1404741,0.8478,0.8954579830169678,2.86744
LA,1,LA_cfg1_des13,13,3,15,DKGDDGGDGTLSRAE,1.4896,2.5589895,0.8478,0.8954579830169678,23.546026
LA,1,LA_cfg1_des13,13,4,12,DANGDGYIDAAE,1.4896,1.231163,0.8478,0.8954579830169678,2.3414733
LA,1,LA_cfg1_des14,14,1,12,DADGSGKISLAE,1.6928675,1.3284936,0.8526,0.8845487833023071,27.41912
LA,1,LA_cfg1_des14,14,2,13,DGGDGDGKLSAEE,1.6928675,1.3083107,0.8526,0.8845487833023071,9.009387
LA,1,LA_cfg1_des14,14,3,15,TVGGADKDGKLSRAE,1.6928675,3.5187795,0.8526,0.8845487833023071,23.529566
LA,1,LA_cfg1_des14,14,4,12,DANGDGYIDAAE,1.6928675,1.1619198,0.8526,0.8845487833023071,29.44073
LA,2,LA_cfg2_des0,0,1,12,DADGDGKISLAE,1.1960961,0.8053201,0.863,0.9119669795036316,2.41308
LA,2,LA_cfg2_des0,0,2,10,STDGTLTAAE,1.1960961,0.80485713,0.863,0.9119669795036316,29.935066
LA,2,LA_cfg2_des0,0,3,12,DADGDGKLSRAE,1.1960961,1.0644186,0.863,0.9119669795036316,9.241855
LA,2,LA_cfg2_des0,0,4,14,NAGGGGDGKLDAAE,1.1960961,1.7956607,0.863,0.9119669795036316,26.953033
LA,2,LA_cfg2_des1,1,1,12,DFDGDGVISLAE,1.4808583,0.6489862,0.8358,0.8937841057777405,24.262571
LA,2,LA_cfg2_des1,1,2,10,STDGYLSAEE,1.4808583,0.474798,0.8358,0.8937841057777405,9.169178
LA,2,LA_cfg2_des1,1,3,12,DKNGDGKLDRAE,1.4808583,0.93210477,0.8358,0.8937841057777405,25.859789
LA,2,LA_cfg2_des1,1,4,14,QLDGDGDGTLTAAE,1.4808583,2.7507184,0.8358,0.8937841057777405,8.945029
LA,2,LA_cfg2_des2,2,1,12,DLNKDGTIHRSE,1.0459712,1.2756876,0.8455,0.8719714879989624,23.208788
LA,2,LA_cfg2_des2,2,2,10,SSDGVLSAEE,1.0459712,1.1439137,0.8455,0.8719714879989624,8.46611
LA,2,LA_cfg2_des2,2,3,12,DKNGDGKLSRDE,1.0459712,0.8567484,0.8455,0.8719714879989624,9.860435
LA,2,LA_cfg2_des2,2,4,14,GFEDGMSNAEAAKE,1.0459712,0.74757177,0.8455,0.8719714879989624,8.116754
LA,2,LA_cfg2_des3,3,1,12,DADGDGKISLAE,1.2079023,0.59607315,0.861,0.9117282032966614,23.37078
LA,2,LA_cfg2_des3,3,2,10,SSDGTLSAEE,1.2079023,0.89025545,0.861,0.9117282032966614,8.762052
LA,2,LA_cfg2_des3,3,3,12,DKNGDGKLDRAE,1.2079023,0.6615409,0.861,0.9117282032966614,24.158415
LA,2,LA_cfg2_des3,3,4,14,DANADGDGKLDAAE,1.2079023,2.59081,0.861,0.9117282032966614,9.308975
LA,2,LA_cfg2_des4,4,1,12,DADGDGKISLAE,1.4275078,0.57885593,0.8444,0.8881915807723999,23.397888
LA,2,LA_cfg2_des4,4,2,10,GSDGTLSAEE,1.4275078,0.879247,0.8444,0.8881915807723999,8.005405
LA,2,LA_cfg2_des4,4,3,12,DANGDGVLDRAE,1.4275078,0.70163006,0.8444,0.8881915807723999,23.506775
LA,2,LA_cfg2_des4,4,4,14,EVDKNGDGTLSAAE,1.4275078,2.7653317,0.8444,0.8881915807723999,2.369312
LA,2,LA_cfg2_des5,5,1,12,DADGDGVISLAE,1.0029535,0.7531128,0.8575,0.9035667777061462,23.447645
LA,2,LA_cfg2_des5,5,2,10,SSDGYLSAEE,1.0029535,0.97004056,0.8575,0.9035667777061462,2.8152893
LA,2,LA_cfg2_des5,5,3,12,DADGDGKLSRAE,1.0029535,0.86052436,0.8575,0.9035667777061462,24.09607
LA,2,LA_cfg2_des5,5,4,14,DAGAGAPGQLTAAE,1.0029535,1.2938458,0.8575,0.9035667777061462,8.492088
LA,2,LA_cfg2_des6,6,1,12,DADGDGVIDLAE,0.9282042,0.6584546,0.8509,0.8965312838554382,2.3678966
LA,2,LA_cfg2_des6,6,2,10,STDGKLSAEE,0.9282042,0.54926366,0.8509,0.8965312838554382,27.543846
LA,2,LA_cfg2_des6,6,3,12,DADGDGVLSRAE,0.9282042,0.7979862,0.8509,0.8965312838554382,9.140268
LA,2,LA_cfg2_des6,6,4,14,QGSTPGDNKLTAAE,0.9282042,1.6535132,0.8509,0.8965312838554382,26.577421
LA,2,LA_cfg2_des7,7,1,12,DLNGDGTLHRSE,1.0042062,0.9118215,0.8377,0.8891660571098328,23.603012
LA,2,LA_cfg2_des7,7,2,10,SSDGYLSAEE,1.0042062,0.76966685,0.8377,0.8891660571098328,2.91488
LA,2,LA_cfg2_des7,7,3,12,DANGDGKLDRAE,1.0042062,0.8175263,0.8377,0.8891660571098328,24.92954
LA,2,LA_cfg2_des7,7,4,14,GLEDGDDAATAAAE,1.0042062,0.9516232,0.8377,0.8891660571098328,8.616288
LA,2,LA_cfg2_des8,8,1,12,DADGDGAISLAE,1.5613431,0.67268926,0.8485,0.8911824226379395,24.376688
LA,2,LA_cfg2_des8,8,2,10,SSDGKLSAEE,1.5613431,0.5894098,0.8485,0.8911824226379395,9.902838
LA,2,LA_cfg2_des8,8,3,12,DANGDGVLSRAE,1.5613431,0.75025946,0.8485,0.8911824226379395,24.831766
LA,2,LA_cfg2_des8,8,4,14,DVDKNGDGLLSAAE,1.5613431,2.8822381,0.8485,0.8911824226379395,9.475213
LA,2,LA_cfg2_des9,9,1,12,DADGDGRISLAE,1.3600386,0.4211873,0.8324,0.8917058706283569,24.434374
LA,2,LA_cfg2_des9,9,2,10,SSDGTLSAEE,1.3600386,0.52593976,0.8324,0.8917058706283569,9.346964
LA,2,LA_cfg2_des9,9,3,12,DANGDGVLDRAE,1.3600386,0.7466644,0.8324,0.8917058706283569,23.54841
LA,2,LA_cfg2_des9,9,4,14,EVDGNGDGLLSAAE,1.3600386,2.7516546,0.8324,0.8917058706283569,2.3867335
LA,2,LA_cfg2_des10,10,1,12,DADGDGKISLAE,0.93629074,0.7036891,0.8604,0.9136402010917664,23.382172
LA,2,LA_cfg2_des10,10,2,10,SSDGTLSAEE,0.93629074,0.83654153,0.8604,0.9136402010917664,2.7406578
LA,2,LA_cfg2_des10,10,3,12,DADGDGKLSRAE,0.93629074,1.0110191,0.8604,0.9136402010917664,24.07321
LA,2,LA_cfg2_des10,10,4,14,DAVGNGDGKLSAAE,0.93629074,0.7916787,0.8604,0.9136402010917664,9.219222
LA,2,LA_cfg2_des11,11,1,12,DFDGDGVISRAE,0.81054574,0.8653476,0.8628,0.9084026217460632,9.703808
LA,2,LA_cfg2_des11,11,2,10,SSDGTLTAEE,0.81054574,0.5660653,0.8628,0.9084026217460632,27.10926
LA,2,LA_cfg2_des11,11,3,12,DKDGDGKLSRAE,0.81054574,0.6301231,0.8628,0.9084026217460632,9.606786
LA,2,LA_cfg2_des11,11,4,14,DVGGDGDGTISAAE,0.81054574,1.3493607,0.8628,0.9084026217460632,26.722105
LA,2,LA_cfg2_des12,12,1,12,DADGSGAISLAE,0.89805067,1.1965629,0.8589,0.9106854200363159,23.432526
LA,2,LA_cfg2_des12,12,2,10,SDDGTLSAEE,0.89805067,0.83575284,0.8589,0.9106854200363159,2.7570553
LA,2,LA_cfg2_des12,12,3,12,DADGDGKLSRAE,0.89805067,0.9405962,0.8589,0.9106854200363159,23.7573
LA,2,LA_cfg2_des12,12,4,14,DAAGGGDGTLNAAE,0.89805067,1.194882,0.8589,0.9106854200363159,2.7769568
LA,2,LA_cfg2_des13,13,1,12,DADGDGVISLAE,0.89544713,0.8583979,0.8619,0.9087780714035034,24.346884
LA,2,LA_cfg2_des13,13,2,10,SSDGTLSAEE,0.89544713,0.8010227,0.8619,0.9087780714035034,7.3846245
LA,2,LA_cfg2_des13,13,3,12,DTDGDGVLSRAE,0.89544713,0.9844833,0.8619,0.9087780714035034,2.3387685
LA,2,LA_cfg2_des13,13,4,14,AAGSADPSVLTAAE,0.89544713,1.0014024,0.8619,0.9087780714035034,9.162661
LA,2,LA_cfg2_des14,14,1,12,DADGDGTISLAE,1.3179697,0.6830953,0.8528,0.9077609181404114,23.43838
LA,2,LA_cfg2_des14,14,2,10,SSDGTLSAEE,1.3179697,0.46606824,0.8528,0.9077609181404114,8.802498
LA,2,LA_cfg2_des14,14,3,12,DANGDGVLDRAE,1.3179697,0.6118947,0.8528,0.9077609181404114,24.41809
LA,2,LA_cfg2_des14,14,4,14,DTNANGDGTLTAAE,1.3179697,3.0961778,0.8528,0.9077609181404114,9.019733
LA,3,LA_cfg3_des0,0,1,15,TAGDAAKDGRVSLAE,2.1187303,3.9816039,0.8467,0.8714662790298462,23.975403
LA,3,LA_cfg3_des0,0,2,12,DVNGDGVLTAEE,2.1187303,1.5652822,0.8467,0.8714662790298462,27.39119
LA,3,LA_cfg3_des0,0,3,10,SDDGTLTRAE,2.1187303,1.7445135,0.8467,0.8714662790298462,23.967329
LA,3,LA_cfg3_des0,0,4,14,DVDPAGAGTLTAAE,2.1187303,1.8693228,0.8467,0.8714662790298462,26.544245
LA,3,LA_cfg3_des1,1,1,15,GNTAASDTNAAARAE,9.279435,11.484223,0.7694,0.6937247514724731,25.928488
LA,3,LA_cfg3_des1,1,2,12,DVNGDGTLTAEE,9.279435,4.202587,0.7694,0.6937247514724731,7.0945854
LA,3,LA_cfg3_des1,1,3,10,SDDGTLSRAE,9.279435,3.981637,0.7694,0.6937247514724731,9.103544
LA,3,LA_cfg3_des1,1,4,14,DPASSGTGAEFAAE,9.279435,11.853701,0.7694,0.6937247514724731,20.941233
LA,3,LA_cfg3_des2,2,1,15,TVHDATGDGLISLAE,1.677635,2.1721044,0.8437,0.9002070426940918,9.419404
LA,3,LA_cfg3_des2,2,2,12,DTDGDGVLTAEE,1.677635,1.590389,0.8437,0.9002070426940918,27.124151
LA,3,LA_cfg3_des2,2,3,10,SDDGTLDRAE,1.677635,1.9161304,0.8437,0.9002070426940918,2.735587
LA,3,LA_cfg3_des2,2,4,14,DAEGDGDGKLSAAE,1.677635,1.1041397,0.8437,0.9002070426940918,28.978218
LA,3,LA_cfg3_des3,3,1,15,DPDGVAGTVAERLAE,6.936126,6.399581,0.7891,0.7293153405189514,21.815245
LA,3,LA_cfg3_des3,3,2,12,DVDGDGVLTAEE,6.936126,4.229188,0.7891,0.7293153405189514,14.033696
LA,3,LA_cfg3_des3,3,3,10,SSDGLMSRAE,6.936126,3.3509407,0.7891,0.7293153405189514,3.6668856
LA,3,LA_cfg3_des3,3,4,14,EAEGGGPDSDLAAE,6.936126,6.5843945,0.7891,0.7293153405189514,21.742147
LA,3,LA_cfg3_des4,4,1,15,GIDPAVNDSAERLAE,3.5980556,2.7259746,0.7923,0.7616459727287292,9.458611
LA,3,LA_cfg3_des4,4,2,12,DTDGSGTLTAEE,3.5980556,1.63222,0.7923,0.7616459727287292,34.82272
LA,3,LA_cfg3_des4,4,3,10,SSDGVLSRAE,3.5980556,2.614283,0.7923,0.7616459727287292,2.8119545
LA,3,LA_cfg3_des4,4,4,14,EAAHDTATDDAATE,3.5980556,4.5350986,0.7923,0.7616459727287292,29.60586
LA,3,LA_cfg3_des5,5,1,15,DPSGTITSRAEALAE,5.695652,3.7788262,0.7918,0.7418966293334961,27.253267
LA,3,LA_cfg3_des5,5,2,12,DVDGDGRLSAEE,5.695652,2.0558732,0.7918,0.7418966293334961,13.588321
LA,3,LA_cfg3_des5,5,3,10,DSSGLLSRAE,5.695652,3.838058,0.7918,0.7418966293334961,24.037592
LA,3,LA_cfg3_des5,5,4,14,DAGSATTVAAAQTA,5.695652,4.768888,0.7918,0.7418966293334961,23.057375
LA,3,LA_cfg3_des6,6,1,15,GFTAAEETAAEMLAE,7.6786957,8.431221,0.7821,0.6926636695861816,23.265581
LA,3,LA_cfg3_des6,6,2,12,DVDKDGVLTAEE,7.6786957,2.8863404,0.7821,0.6926636695861816,10.3207855
LA,3,LA_cfg3_des6,6,3,10,TDDGLMSRAE,7.6786957,3.158102,0.7821,0.6926636695861816,10.848625
LA,3,LA_cfg3_des6,6,4,14,FSSATYTLAELTAE,7.6786957,8.308314,0.7821,0.6926636695861816,21.94667
LA,3,LA_cfg3_des7,7,1,15,RDPAEPDSTTISLAE,4.0468125,8.0631,0.8248,0.8508382439613342,4.2949214
LA,3,LA_cfg3_des7,7,2,12,DVDGDGVLTAAE,4.0468125,1.4573963,0.8248,0.8508382439613342,30.060364
LA,3,LA_cfg3_des7,7,3,10,DSSGTLSRAE,4.0468125,3.640196,0.8248,0.8508382439613342,3.1786044
LA,3,LA_cfg3_des7,7,4,14,AAGGADPNTLSAAE,4.0468125,2.0733337,0.8248,0.8508382439613342,29.938025
LA,3,LA_cfg3_des8,8,1,15,DFLDTDKDGKISLAE,2.2331464,3.7597446,0.8498,0.8837448954582214,8.496488
LA,3,LA_cfg3_des8,8,2,12,DVNKDGVLTAEE,2.2331464,1.2571698,0.8498,0.8837448954582214,27.084503
LA,3,LA_cfg3_des8,8,3,10,SPSGELTRAE,2.2331464,1.762319,0.8498,0.8837448954582214,8.592128
LA,3,LA_cfg3_des8,8,4,14,DLDKDGDGKLSAAE,2.2331464,2.4347696,0.8498,0.8837448954582214,26.966139
LA,3,LA_cfg3_des9,9,1,15,HDDKATYTAAERLAE,9.582971,9.803489,0.803,0.811502993106842,19.252142
LA,3,LA_cfg3_des9,9,2,12,DKDGSGVLTAEE,9.582971,1.6885747,0.803,0.811502993106842,12.846307
LA,3,LA_cfg3_des9,9,3,10,SDDGTLTRAE,9.582971,2.3800385,0.803,0.811502993106842,2.9285038
LA,3,LA_cfg3_des9,9,4,14,DPGASYTRAELEAE,9.582971,12.385938,0.803,0.811502993106842,27.29895
LA,3,LA_cfg3_des10,10,1,15,GWTAATESDADALAE,1.8022825,3.4799702,0.8332,0.8571116328239441,8.3422575
LA,3,LA_cfg3_des10,10,2,12,DKDGSGTLTAEE,1.8022825,1.1239159,0.8332,0.8571116328239441,32.014153
LA,3,LA_cfg3_des10,10,3,10,SADGTLTRAE,1.8022825,1.0235895,0.8332,0.8571116328239441,2.7285995
LA,3,LA_cfg3_des10,10,4,14,NPNGSTTRAELAAE,1.8022825,1.2778517,0.8332,0.8571116328239441,29.461946
LA,3,LA_cfg3_des11,11,1,15,GISGGTETAAENLAE,6.5994234,5.445091,0.774,0.6996358036994934,4.588283
LA,3,LA_cfg3_des11,11,2,12,DKDGDGTLSAAE,6.5994234,3.2560523,0.774,0.6996358036994934,26.007715
LA,3,LA_cfg3_des11,11,3,10,SADGVLSRAE,6.5994234,4.3028426,0.774,0.6996358036994934,3.49543
LA,3,LA_cfg3_des11,11,4,14,FTSASSTTAEQTAE,6.5994234,12.631458,0.774,0.6996358036994934,23.505949
LA,3,LA_cfg3_des12,12,1,15,HPAGAAVTPAALRAE,1.7175486,1.7878716,0.8195,0.8212642669677734,23.595991
LA,3,LA_cfg3_des12,12,2,12,DVDGDGVLTAEE,1.7175486,1.3266088,0.8195,0.8212642669677734,3.5378523
LA,3,LA_cfg3_des12,12,3,10,SDDGTLSRAE,1.7175486,1.8515465,0.8195,0.8212642669677734,3.1578434
LA,3,LA_cfg3_des12,12,4,14,TAGTADTRAGVAAA,1.7175486,1.5132782,0.8195,0.8212642669677734,29.722216
LA,3,LA_cfg3_des13,13,1,15,DADGVVGDVASARAE,14.109467,16.92845,0.7386,0.4412072002887726,5.3613753
LA,3,LA_cfg3_des13,13,2,12,DVNGDGVLSAEE,14.109467,9.786883,0.7386,0.4412072002887726,16.323814
LA,3,LA_cfg3_des13,13,3,10,SSDGVLDRAE,14.109467,14.501184,0.7386,0.4412072002887726,3.4921763
LA,3,LA_cfg3_des13,13,4,14,NATSADPTKFTAAE,14.109467,16.490997,0.7386,0.4412072002887726,20.392832
LA,3,LA_cfg3_des14,14,1,15,SDGATSDSVAAARAE,2.4422662,4.5863714,0.8221,0.8471196293830872,9.056836
LA,3,LA_cfg3_des14,14,2,12,DVNGDGYLSAEE,2.4422662,0.6168846,0.8221,0.8471196293830872,30.0681
LA,3,LA_cfg3_des14,14,3,10,SDDGKLNRAE,2.4422662,0.93895596,0.8221,0.8471196293830872,2.7337637
LA,3,LA_cfg3_des14,14,4,14,NDGLSTDGYVTAAE,2.4422662,2.8548167,0.8221,0.8471196293830872,29.763206
LA,4,LA_cfg4_des0,0,1,11,DDGDGVLSLAE,9.311212,4.5552173,0.7933,0.7439156174659729,2.4773731
LA,4,LA_cfg4_des0,0,2,15,TNGAERCPREDAIKE,9.311212,4.602778,0.7933,0.7439156174659729,23.310242
LA,4,LA_cfg4_des0,0,3,12,DFNKDGYLSREE,9.311212,3.9469814,0.7933,0.7439156174659729,2.5595746
LA,4,LA_cfg4_des0,0,4,10,EAEEEVTGAF,9.311212,5.4979486,0.7933,0.7439156174659729,12.920665
LA,4,LA_cfg4_des1,1,1,11,DDGSGTISLAE,0.78846407,0.67658967,0.8509,0.8939945101737976,23.524824
LA,4,LA_cfg4_des1,1,2,15,AKADGKNDGTLSAEE,0.78846407,1.088906,0.8509,0.8939945101737976,2.7936132
LA,4,LA_cfg4_des1,1,3,12,DANGDGKLDRAE,0.78846407,0.72997683,0.8509,0.8939945101737976,24.45449
LA,4,LA_cfg4_des1,1,4,10,STDGTISAAE,0.78846407,0.6997548,0.8509,0.8939945101737976,9.408547
LA,4,LA_cfg4_des2,2,1,11,DDGDGTISLAE,1.9338335,1.2184492,0.8403,0.8839245438575745,23.55503
LA,4,LA_cfg4_des2,2,2,15,TGGEDRCSREEAIEE,1.9338335,2.3765707,0.8403,0.8839245438575745,3.7846625
LA,4,LA_cfg4_des2,2,3,12,DYNKDGYFSREE,1.9338335,1.1620086,0.8403,0.8839245438575745,25.570015
LA,4,LA_cfg4_des2,2,4,10,APSGALTAAE,1.9338335,1.0042932,0.8403,0.8839245438575745,9.566648
LA,4,LA_cfg4_des3,3,1,11,DDGDGTISLAE,1.856485,1.0403987,0.8428,0.8845435380935669,2.4523284
LA,4,LA_cfg4_des3,3,2,15,VTVLGDGDGKLSAEE,1.856485,1.9691006,0.8428,0.8845435380935669,30.998163
LA,4,LA_cfg4_des3,3,3,12,DADGDGKLSRAE,1.856485,0.7750067,0.8428,0.8845435380935669,2.3293972
LA,4,LA_cfg4_des3,3,4,10,SPSGTLDAAE,1.856485,0.8497966,0.8428,0.8845435380935669,31.83809
LA,4,LA_cfg4_des4,4,1,11,SDGDGTISLAE,1.1611161,1.1429422,0.8481,0.9037240147590637,2.8008196
LA,4,LA_cfg4_des4,4,2,15,NAADPDKDGKLGAAE,1.1611161,1.3111495,0.8481,0.9037240147590637,30.113531
LA,4,LA_cfg4_des4,4,3,12,DADGDGKLSRAE,1.1611161,1.1956801,0.8481,0.9037240147590637,2.3602865
LA,4,LA_cfg4_des4,4,4,10,SSDGTLDAAE,1.1611161,1.1363305,0.8481,0.9037240147590637,30.87549
LA,4,LA_cfg4_des5,5,1,11,DDGSGTISLAE,1.4203787,0.6580124,0.8364,0.8679263591766357,8.6848135
LA,4,LA_cfg4_des5,5,2,15,SGGAGSFSGAEAAGE,1.4203787,0.8769905,0.8364,0.8679263591766357,31.379683
LA,4,LA_cfg4_des5,5,3,12,DANGDGGLSRAE,1.4203787,0.78452754,0.8364,0.8679263591766357,2.4401424
LA,4,LA_cfg4_des5,5,4,10,STDGTIDAAE,1.4203787,0.7593074,0.8364,0.8679263591766357,9.4148035
LA,4,LA_cfg4_des6,6,1,11,DNGSGALSLAE,4.6619215,3.1369765,0.7861,0.7167778611183167,2.6071837
LA,4,LA_cfg4_des6,6,2,15,SNGADVCRGADAVAE,4.6619215,4.3827577,0.7861,0.7167778611183167,23.093428
LA,4,LA_cfg4_des6,6,3,12,DANGDGSLSRDE,4.6619215,1.5730565,0.7861,0.7167778611183167,18.543253
LA,4,LA_cfg4_des6,6,4,10,DATSSDDAAA,4.6619215,4.3930607,0.7861,0.7167778611183167,25.515131
LA,4,LA_cfg4_des7,7,1,11,DDGDGALSLAE,2.4823012,2.1080966,0.8352,0.862324059009552,23.321062
LA,4,LA_cfg4_des7,7,2,15,FPDGSCPTFAEAAAA,2.4823012,2.9341288,0.8352,0.862324059009552,9.651577
LA,4,LA_cfg4_des7,7,3,12,DFDGDGALNKAE,2.4823012,1.7335211,0.8352,0.862324059009552,25.033983
LA,4,LA_cfg4_des7,7,4,10,DAVGSTDAAS,2.4823012,3.6513503,0.8352,0.862324059009552,9.802252
LA,4,LA_cfg4_des8,8,1,11,SDGDGVIDLPE,15.05138,19.537037,0.7671,0.6451866626739502,3.5454848
LA,4,LA_cfg4_des8,8,2,15,TGGADRCSWEDAIAE,15.05138,14.520504,0.7671,0.6451866626739502,10.350314
LA,4,LA_cfg4_des8,8,3,12,DFNKDGYLSREE,15.05138,20.138931,0.7671,0.6451866626739502,24.07059
LA,4,LA_cfg4_des8,8,4,10,STDGTLDAAE,15.05138,20.562952,0.7671,0.6451866626739502,24.97808
LA,4,LA_cfg4_des9,9,1,11,AGADGVLSLAE,2.6863241,2.6952133,0.8134,0.8514465689659119,23.949236
LA,4,LA_cfg4_des9,9,2,15,DKNGDGVFDAAGAAE,2.6863241,3.6268308,0.8134,0.8514465689659119,10.067248
LA,4,LA_cfg4_des9,9,3,12,DKNGDGTLDRAE,2.6863241,1.5914601,0.8134,0.8514465689659119,26.17901
LA,4,LA_cfg4_des9,9,4,10,DVTAEDPAAE,2.6863241,4.636631,0.8134,0.8514465689659119,10.615143
LA,4,LA_cfg4_des10,10,1,11,DGGDGTLSLAE,3.0803504,3.9448905,0.8176,0.8507922887802124,24.501013
LA,4,LA_cfg4_des10,10,2,15,SNGEDSLSREEAIAE,3.0803504,1.9998411,0.8176,0.8507922887802124,4.7353263
LA,4,LA_cfg4_des10,10,3,12,DFNGDGVLTREE,3.0803504,1.31243,0.8176,0.8507922887802124,23.237143
LA,4,LA_cfg4_des10,10,4,10,TDGVADDAAA,3.0803504,6.6270833,0.8176,0.8507922887802124,25.188902
LA,4,LA_cfg4_des11,11,1,11,DDGDGTISLAE,2.1701202,0.82601124,0.8285,0.8835014700889587,23.41285
LA,4,LA_cfg4_des11,11,2,15,SKDGGPNIGAEAVAE,2.1701202,3.1562812,0.8285,0.8835014700889587,8.650703
LA,4,LA_cfg4_des11,11,3,12,DANGDGGIDRAE,2.1701202,1.1774293,0.8285,0.8835014700889587,25.045044
LA,4,LA_cfg4_des11,11,4,10,SSDGTLDAAE,2.1701202,1.1694473,0.8285,0.8835014700889587,8.865843
LA,4,LA_cfg4_des12,12,1,11,DAGDGVISLAE,0.9581682,1.2173358,0.8287,0.8931153416633606,23.521791
LA,4,LA_cfg4_des12,12,2,15,VAADPDKSGKLTAAD,0.9581682,1.2685663,0.8287,0.8931153416633606,2.6551282
LA,4,LA_cfg4_des12,12,3,12,DADGDGALNRAE,0.9581682,0.82457,0.8287,0.8931153416633606,25.046839
LA,4,LA_cfg4_des12,12,4,10,DASGALTAAE,0.9581682,0.98702335,0.8287,0.8931153416633606,9.24892
LA,4,LA_cfg4_des13,13,1,11,DADGGALTLAE,1.7205465,1.4586756,0.8407,0.8809790015220642,23.890394
LA,4,LA_cfg4_des13,13,2,15,DKNGNGVFEGDETEE,1.7205465,2.9522533,0.8407,0.8809790015220642,9.269798
LA,4,LA_cfg4_des13,13,3,12,DLNGDGSIDRAE,1.7205465,1.040043,0.8407,0.8809790015220642,28.017508
LA,4,LA_cfg4_des13,13,4,10,FDGVADEAAA,1.7205465,1.5837789,0.8407,0.8809790015220642,9.955754
LA,4,LA_cfg4_des14,14,1,11,GPTDGRISLAE,1.500546,2.1909943,0.805,0.8454025983810425,19.192472
LA,4,LA_cfg4_des14,14,2,15,SGGAGIFSKADVVGE,1.500546,1.2875582,0.805,0.8454025983810425,9.637742
LA,4,LA_cfg4_des14,14,3,12,DADGDGSLNRAE,1.500546,1.0116336,0.805,0.8454025983810425,24.996431
LA,4,LA_cfg4_des14,14,4,10,DADGVLTAAE,1.500546,1.23617,0.805,0.8454025983810425,2.7282584
ND,0,ND_cfg0_des0,0,1,11,SDGSGTISLAE,1.0664649,1.0897881,0.8487,0.8961714506149292,23.514679
ND,0,ND_cfg0_des0,0,2,11,SNGDSTLTAAE,1.0664649,0.8797513,0.8487,0.8961714506149292,3.2302
ND,0,ND_cfg0_des0,0,3,13,DTKNGDGTLDRAE,1.0664649,1.0179442,0.8487,0.8961714506149292,23.670092
ND,0,ND_cfg0_des0,0,4,14,DAPGSGDGVISAAE,1.0664649,1.8949139,0.8487,0.8961714506149292,9.610962
ND,0,ND_cfg0_des1,1,1,11,DDGSGYISLAE,1.1988547,1.0055071,0.8606,0.8982195258140564,25.752602
ND,0,ND_cfg0_des1,1,2,11,DDGSGYLTAEE,1.1988547,0.9836277,0.8606,0.8982195258140564,2.548223
ND,0,ND_cfg0_des1,1,3,13,QKNPADGGLSRDE,1.1988547,1.1586196,0.8606,0.8982195258140564,23.069403
ND,0,ND_cfg0_des1,1,4,14,DVDKAANGGLSAAE,1.1988547,2.5679886,0.8606,0.8982195258140564,8.364687
ND,0,ND_cfg0_des2,2,1,11,DDGSGRISLAE,1.4047794,1.4677244,0.8509,0.9037721157073975,23.298513
ND,0,ND_cfg0_des2,2,2,11,SKSDGYLSAEE,1.4047794,1.2687916,0.8509,0.9037721157073975,3.1235645
ND,0,ND_cfg0_des2,2,3,13,DTDGTKGKLSRAE,1.4047794,1.2991294,0.8509,0.9037721157073975,24.052368
ND,0,ND_cfg0_des2,2,4,14,DAGGAVPGELSAAE,1.4047794,1.1412024,0.8509,0.9037721157073975,7.5147767
ND,0,ND_cfg0_des3,3,1,11,DDGDGVISLAE,1.6800425,0.7688562,0.8466,0.899508535861969,9.33215
ND,0,ND_cfg0_des3,3,2,11,SGGSSTLTAAE,1.6800425,1.1443135,0.8466,0.899508535861969,28.628769
ND,0,ND_cfg0_des3,3,3,13,SSDPEKNTLDRAE,1.6800425,0.93450856,0.8466,0.899508535861969,24.229614
ND,0,ND_cfg0_des3,3,4,14,DSGADGDGVLDAAE,1.6800425,2.413431,0.8466,0.899508535861969,9.204352
ND,0,ND_cfg0_des4,4,1,11,SDGDGTISLAE,1.0842226,1.5904797,0.8542,0.9074286818504333,23.583067
ND,0,ND_cfg0_des4,4,2,11,DNGDGYLSAEE,1.0842226,0.72989917,0.8542,0.9074286818504333,2.5331147
ND,0,ND_cfg0_des4,4,3,13,DTEDGDGRLSRAE,1.0842226,1.196704,0.8542,0.9074286818504333,25.007967
ND,0,ND_cfg0_des4,4,4,14,TADGNGDGKVDAAE,1.0842226,1.0759507,0.8542,0.9074286818504333,8.719998
ND,0,ND_cfg0_des5,5,1,11,SDGDGTISLAE,1.0537355,1.0946223,0.8402,0.8856261968612671,24.31056
ND,0,ND_cfg0_des5,5,2,11,SNGDGKLSAEE,1.0537355,1.4057444,0.8402,0.8856261968612671,9.256158
ND,0,ND_cfg0_des5,5,3,13,DKDGDKKSLSRDE,1.0537355,1.7237772,0.8402,0.8856261968612671,23.806967
ND,0,ND_cfg0_des5,5,4,14,DAVGSGDGTLDAAE,1.0537355,0.91481644,0.8402,0.8856261968612671,8.27805
ND,0,ND_cfg0_des6,6,1,11,DDGSGTISLAE,1.6602614,1.313448,0.8494,0.8950567245483398,23.09849
ND,0,ND_cfg0_des6,6,2,11,SGGSGTLTAAE,1.6602614,1.1107559,0.8494,0.8950567245483398,8.565435
ND,0,ND_cfg0_des6,6,3,13,DTDGGDGTLSRAE,1.6602614,1.0050894,0.8494,0.8950567245483398,24.05792
ND,0,ND_cfg0_des6,6,4,14,EADGASGTALDAAA,1.6602614,1.9910935,0.8494,0.8950567245483398,9.943928
ND,0,ND_cfg0_des7,7,1,11,DDGSGTVSLAE,1.5790539,1.2126304,0.8435,0.8875045776367188,23.278086
ND,0,ND_cfg0_des7,7,2,11,SKGSGTLSAAE,1.5790539,1.0442175,0.8435,0.8875045776367188,10.598366
ND,0,ND_cfg0_des7,7,3,13,DQGDGDGTLSRAE,1.5790539,1.0270082,0.8435,0.8875045776367188,25.096354
ND,0,ND_cfg0_des7,7,4,14,QTDGRGDGVLDAAE,1.5790539,1.3639472,0.8435,0.8875045776367188,9.136506
ND,0,ND_cfg0_des8,8,1,11,SDGSGTISLAE,1.0723166,0.96816057,0.857,0.8965234160423279,23.788017
ND,0,ND_cfg0_des8,8,2,11,SKGDGKLTAEE,1.0723166,1.010454,0.857,0.8965234160423279,30.961008
ND,0,ND_cfg0_des8,8,3,13,DKDGGDGTLSRDE,1.0723166,1.0577544,0.857,0.8965234160423279,22.84416
ND,0,ND_cfg0_des8,8,4,14,TAGSADGTELSAAE,1.0723166,1.7570497,0.857,0.8965234160423279,26.652525
ND,0,ND_cfg0_des9,9,1,11,SDGDGTISLAE,0.9141206,1.1842166,0.8475,0.8891571164131165,9.303512
ND,0,ND_cfg0_des9,9,2,11,SKGDSTLTAEE,0.9141206,1.1380838,0.8475,0.8891571164131165,8.590813
ND,0,ND_cfg0_des9,9,3,13,DLDGDYKSLSRAE,0.9141206,0.8666821,0.8475,0.8891571164131165,26.938347
ND,0,ND_cfg0_des9,9,4,14,DATGNGDGVLNAAE,0.9141206,0.8154253,0.8475,0.8891571164131165,9.124156
ND,0,ND_cfg0_des10,10,1,11,SDGSGKISLAE,1.522456,1.3344777,0.8408,0.8699505925178528,23.326378
ND,0,ND_cfg0_des10,10,2,11,AGSDGKLSAAE,1.522456,2.0687146,0.8408,0.8699505925178528,8.640962
ND,0,ND_cfg0_des10,10,3,13,DKDGDYSSLSRDE,1.522456,1.5344924,0.8408,0.8699505925178528,24.960747
ND,0,ND_cfg0_des10,10,4,14,DLDKNGDGLLDAAE,1.522456,2.2495656,0.8408,0.8699505925178528,9.239536
ND,0,ND_cfg0_des11,11,1,11,DDGDGLVSLAE,1.7523024,1.221851,0.8463,0.8880705833435059,2.499445
ND,0,ND_cfg0_des11,11,2,11,SGGSGELSAEE,1.7523024,0.49184743,0.8463,0.8880705833435059,27.198294
ND,0,ND_cfg0_des11,11,3,13,DKDGDGKSLSRDE,1.7523024,1.358916,0.8463,0.8880705833435059,3.276224
ND,0,ND_cfg0_des11,11,4,14,SAAAGAGVGLSAAE,1.7523024,3.0490835,0.8463,0.8880705833435059,27.19855
ND,0,ND_cfg0_des12,12,1,11,SDGDGTISLAE,0.9345335,1.0294037,0.8441,0.9036620855331421,24.444857
ND,0,ND_cfg0_des12,12,2,11,SGGDGYLSAEE,0.9345335,0.9575109,0.8441,0.9036620855331421,9.803632
ND,0,ND_cfg0_des12,12,3,13,DTNNHDGRLDRAE,0.9345335,1.1161659,0.8441,0.9036620855331421,23.879967
ND,0,ND_cfg0_des12,12,4,14,DAVGNGDGTLTAAE,0.9345335,0.863018,0.8441,0.9036620855331421,8.765677
ND,0,ND_cfg0_des13,13,1,11,SASDGRISLAE,1.1009319,1.690369,0.8441,0.8920275568962097,23.318449
ND,0,ND_cfg0_des13,13,2,11,SNGDGYLSAEE,1.1009319,1.1731776,0.8441,0.8920275568962097,2.6006207
ND,0,ND_cfg0_des13,13,3,13,SADGDTTRLSRAE,1.1009319,0.87867075,0.8441,0.8920275568962097,27.350113
ND,0,ND_cfg0_des13,13,4,14,DAAGDNDGLLTAAE,1.1009319,1.095254,0.8441,0.8920275568962097,2.4879172
ND,0,ND_cfg0_des14,14,1,11,SDGDGTISLAE,1.0480165,1.350488,0.8607,0.9038506150245667,7.1462817
ND,0,ND_cfg0_des14,14,2,11,SKGSSVLSAEE,1.0480165,0.8822682,0.8607,0.9038506150245667,29.057795
ND,0,ND_cfg0_des14,14,3,13,DKDGDGKGLSRDE,1.0480165,1.0831864,0.8607,0.9038506150245667,2.64913
ND,0,ND_cfg0_des14,14,4,14,DATGNGDGTLDAAE,1.0480165,0.9541266,0.8607,0.9038506150245667,8.427486
ND,1,ND_cfg1_des0,0,1,12,DADGDGTISLAE,0.71106267,0.7668503,0.8462,0.9017859697341919,23.216787
ND,1,ND_cfg1_des0,0,2,10,STDGLLSAEE,0.71106267,0.7035041,0.8462,0.9017859697341919,9.556741
ND,1,ND_cfg1_des0,0,3,13,DGADKDGKLNRAE,0.71106267,0.8167364,0.8462,0.9017859697341919,25.581446
ND,1,ND_cfg1_des0,0,4,14,TADSADPSTLTAAE,0.71106267,0.6273518,0.8462,0.9017859697341919,8.566032
ND,1,ND_cfg1_des1,1,1,12,DFDGDGKISLAE,1.9327972,1.3076633,0.8272,0.853705883026123,23.267557
ND,1,ND_cfg1_des1,1,2,10,ANGSTLSAAE,1.9327972,1.2818248,0.8272,0.853705883026123,10.204319
ND,1,ND_cfg1_des1,1,3,13,CKTPGSTTLTRDE,1.9327972,1.9842596,0.8272,0.853705883026123,23.755287
ND,1,ND_cfg1_des1,1,4,14,EVDKNGDGVLSAAE,1.9327972,2.7925057,0.8272,0.853705883026123,9.6637335
ND,1,ND_cfg1_des2,2,1,12,DADGDGVIDLAE,1.1031518,0.5667062,0.8455,0.9101982712745667,23.356644
ND,1,ND_cfg1_des2,2,2,10,SSDGVLSAEE,1.1031518,1.1553317,0.8455,0.9101982712745667,31.314201
ND,1,ND_cfg1_des2,2,3,13,DTKDGDGTIDRAE,1.1031518,1.1808517,0.8455,0.9101982712745667,23.305475
ND,1,ND_cfg1_des2,2,4,14,DAVGGSDGVLDAAE,1.1031518,0.64255804,0.8455,0.9101982712745667,9.620191
ND,1,ND_cfg1_des3,3,1,12,DFDGDGKISLAE,2.1533933,0.98762244,0.8271,0.8347362279891968,23.198648
ND,1,ND_cfg1_des3,3,2,10,NVPGKTAVEE,2.1533933,2.0034184,0.8271,0.8347362279891968,10.836347
ND,1,ND_cfg1_des3,3,3,13,DKDGDPTTLSREE,2.1533933,2.4614224,0.8271,0.8347362279891968,25.40782
ND,1,ND_cfg1_des3,3,4,14,QVDGNGDGTLDAAE,2.1533933,2.7888029,0.8271,0.8347362279891968,8.625634
ND,1,ND_cfg1_des4,4,1,12,DADGDGVISLAE,1.0186039,0.895718,0.8577,0.912442684173584,23.293718
ND,1,ND_cfg1_des4,4,2,10,ANDDTLSAEE,1.0186039,2.0727637,0.8577,0.912442684173584,7.7232857
ND,1,ND_cfg1_des4,4,3,13,DTDDNSGKLSRAE,1.0186039,1.2141019,0.8577,0.912442684173584,23.427414
ND,1,ND_cfg1_des4,4,4,14,DAAGNGDGVLDAAE,1.0186039,0.824209,0.8577,0.912442684173584,2.4047823
ND,1,ND_cfg1_des5,5,1,12,DADGDGVISLPE,1.406716,0.6837099,0.8324,0.8709951043128967,24.252806
ND,1,ND_cfg1_des5,5,2,10,DDPTKSSAEE,1.406716,3.1423626,0.8324,0.8709951043128967,10.152413
ND,1,ND_cfg1_des5,5,3,13,DLNGDGGELTKAE,1.406716,1.8275425,0.8324,0.8709951043128967,24.158072
ND,1,ND_cfg1_des5,5,4,14,DAVDGGDGVLTAAE,1.406716,0.743721,0.8324,0.8709951043128967,9.627561
ND,1,ND_cfg1_des6,6,1,12,DFDGDGKISLAE,1.0964185,1.0582323,0.8383,0.8868837952613831,2.49656
ND,1,ND_cfg1_des6,6,2,10,APDGLLTAEE,1.0964185,0.84394956,0.8383,0.8868837952613831,29.172876
ND,1,ND_cfg1_des6,6,3,13,DLDGNGKSLSRAE,1.0964185,1.0566053,0.8383,0.8868837952613831,2.5363133
ND,1,ND_cfg1_des6,6,4,14,DATGNGDGALDAAE,1.0964185,0.97535366,0.8383,0.8868837952613831,29.666222
ND,1,ND_cfg1_des7,7,1,12,DFDGDGTIDLAE,1.0958751,0.5130197,0.8487,0.894959032535553,23.873129
ND,1,ND_cfg1_des7,7,2,10,SSDGYLSAEE,1.0958751,0.63333094,0.8487,0.894959032535553,8.578864
ND,1,ND_cfg1_des7,7,3,13,SKDGDKTRLSRDE,1.0958751,1.6726695,0.8487,0.894959032535553,23.038721
ND,1,ND_cfg1_des7,7,4,14,TAGGNGDGTISAAE,1.0958751,1.6886569,0.8487,0.894959032535553,8.833565
ND,1,ND_cfg1_des8,8,1,12,DADGDGVISLAE,2.368833,0.8710909,0.8345,0.8504884243011475,23.332466
ND,1,ND_cfg1_des8,8,2,10,DDGKSSADVE,2.368833,6.0554056,0.8345,0.8504884243011475,29.320189
ND,1,ND_cfg1_des8,8,3,13,DKDGVPGQLSREE,2.368833,2.9505162,0.8345,0.8504884243011475,26.923058
ND,1,ND_cfg1_des8,8,4,14,DAVGNNDGVLDAAE,2.368833,0.84400064,0.8345,0.8504884243011475,9.607648
ND,1,ND_cfg1_des9,9,1,12,DADGDGAISLAE,8.641364,8.144061,0.7378,0.5175822377204895,2.4337914
ND,1,ND_cfg1_des9,9,2,10,AKGSTLTAEE,8.641364,10.442145,0.7378,0.5175822377204895,28.003126
ND,1,ND_cfg1_des9,9,3,13,DKDGKRAALDRAE,8.641364,11.130737,0.7378,0.5175822377204895,21.177292
ND,1,ND_cfg1_des9,9,4,14,QVDGDGDGTLSAAE,8.641364,7.941592,0.7378,0.5175822377204895,2.417237
ND,1,ND_cfg1_des10,10,1,12,DFDGDGKISLAE,6.528267,1.2659463,0.8045,0.7567436695098877,9.461188
ND,1,ND_cfg1_des10,10,2,10,EDPSKSAPEE,6.528267,6.8432446,0.8045,0.7567436695098877,6.7251725
ND,1,ND_cfg1_des10,10,3,13,AKDGDYNSLSREE,6.528267,11.598168,0.8045,0.7567436695098877,23.868494
ND,1,ND_cfg1_des10,10,4,14,EVDKDGDGTLTAAE,6.528267,3.0975893,0.8045,0.7567436695098877,8.907914
ND,1,ND_cfg1_des11,11,1,12,DFDGDGKISLAE,2.1309009,1.6189702,0.8453,0.8945507407188416,23.142351
ND,1,ND_cfg1_des11,11,2,10,SSDGLLSAEE,2.1309009,1.4230944,0.8453,0.8945507407188416,28.911383
ND,1,ND_cfg1_des11,11,3,13,DLDGPDGRLSREE,2.1309009,2.9166706,0.8453,0.8945507407188416,25.435583
ND,1,ND_cfg1_des11,11,4,14,DAEGNGDGTLDAAE,2.1309009,1.0750476,0.8453,0.8945507407188416,8.998664
ND,1,ND_cfg1_des12,12,1,12,DADGDGTIDLAE,0.68885994,0.39191926,0.8467,0.9094098210334778,23.319906
ND,1,ND_cfg1_des12,12,2,10,STDGTLSAAE,0.68885994,0.7414561,0.8467,0.9094098210334778,7.6404495
ND,1,ND_cfg1_des12,12,3,13,DTKDGDGTLDRAE,0.68885994,0.6905045,0.8467,0.9094098210334778,24.088053
ND,1,ND_cfg1_des12,12,4,14,EAAGNGDGTLTAAA,0.68885994,0.9558241,0.8467,0.9094098210334778,8.857318
ND,1,ND_cfg1_des13,13,1,12,DFDGDGTISLAE,8.929882,7.934761,0.754,0.5464071035385132,12.83595
ND,1,ND_cfg1_des13,13,2,10,NNGKTSSADE,8.929882,10.391604,0.754,0.5464071035385132,25.7133
ND,1,ND_cfg1_des13,13,3,13,NADDPNSDLSRAE,8.929882,13.077387,0.754,0.5464071035385132,17.912796
ND,1,ND_cfg1_des13,13,4,14,EVDKNGDGTLNAAE,8.929882,7.1578665,0.754,0.5464071035385132,8.62465
ND,1,ND_cfg1_des14,14,1,12,DADGDGVISLAE,0.93598276,1.2229927,0.8546,0.9108383059501648,25.613836
ND,1,ND_cfg1_des14,14,2,10,SNDGTLSAEE,0.93598276,0.8981366,0.8546,0.9108383059501648,9.103606
ND,1,ND_cfg1_des14,14,3,13,DTDDGDGTLSRAE,0.93598276,1.1013569,0.8546,0.9108383059501648,23.62034
ND,1,ND_cfg1_des14,14,4,14,DAPGGGDGVLTAAE,0.93598276,0.6395587,0.8546,0.9108383059501648,2.6555207
ND,2,ND_cfg2_des0,0,1,13,DFEDGDGTISLAE,1.883784,0.89329475,0.8232,0.8718113899230957,23.691477
ND,2,ND_cfg2_des0,0,2,15,DVNGDGVLGGKHASE,1.883784,1.1333178,0.8232,0.8718113899230957,9.242821
ND,2,ND_cfg2_des0,0,3,14,ELDGKGDNTLDRAE,1.883784,2.8682485,0.8232,0.8718113899230957,25.603369
ND,2,ND_cfg2_des0,0,4,14,AAGSADPSVLDAAE,1.883784,1.4139081,0.8232,0.8718113899230957,9.029361
ND,2,ND_cfg2_des1,1,1,13,AADAPDGTISLAE,2.8102999,4.8690124,0.8371,0.8755308985710144,24.459328
ND,2,ND_cfg2_des1,1,2,15,AAADPDKDGKLSAEE,2.8102999,1.9650247,0.8371,0.8755308985710144,29.233778
ND,2,ND_cfg2_des1,1,3,14,DLDGDGDGKLSRAE,2.8102999,2.067849,0.8371,0.8755308985710144,2.7445748
ND,2,ND_cfg2_des1,1,4,14,DVGGGGDGTLSAAE,2.8102999,1.7569759,0.8371,0.8755308985710144,26.40133
ND,2,ND_cfg2_des2,2,1,13,DFLDGDGKISLAE,2.1845162,1.0913408,0.8057,0.7783406376838684,8.660792
ND,2,ND_cfg2_des2,2,2,15,NPNADADDFAEAAAE,2.1845162,3.2399135,0.8057,0.7783406376838684,31.492697
ND,2,ND_cfg2_des2,2,3,14,DKDVNGDGKLTRAE,2.1845162,3.210114,0.8057,0.7783406376838684,23.303192
ND,2,ND_cfg2_des2,2,4,14,TAGGDGDGKIDAAE,2.1845162,1.3690199,0.8057,0.7783406376838684,26.917366
ND,2,ND_cfg2_des3,3,1,13,DFLDGDGKISLAE,0.9724871,0.5771461,0.8415,0.8748778700828552,8.792912
ND,2,ND_cfg2_des3,3,2,15,TGGADSLTAEEAKKE,0.9724871,1.1986306,0.8415,0.8748778700828552,8.136989
ND,2,ND_cfg2_des3,3,3,14,SGDADDPGGLSRAE,0.9724871,1.1230022,0.8415,0.8748778700828552,27.541267
ND,2,ND_cfg2_des3,3,4,14,DAGGDGDGKLDAAE,0.9724871,0.89579785,0.8415,0.8748778700828552,8.706362
ND,2,ND_cfg2_des4,4,1,13,DTADGDGKISLAE,2.85624,1.4528338,0.8235,0.808165967464447,23.62988
ND,2,ND_cfg2_des4,4,2,15,DTDGSGEFTLDNKDE,2.85624,2.6926548,0.8235,0.808165967464447,9.187442
ND,2,ND_cfg2_des4,4,3,14,DLDGAHEIGMTRAE,2.85624,4.2822013,0.8235,0.808165967464447,23.359015
ND,2,ND_cfg2_des4,4,4,14,NASSPASGKISAAE,2.85624,1.9228904,0.8235,0.808165967464447,30.338892
ND,2,ND_cfg2_des5,5,1,13,DFLDGDGLISLAE,1.4401941,0.67672986,0.8209,0.8387507200241089,2.4727178
ND,2,ND_cfg2_des5,5,2,15,TNGADVAYGADAIAE,1.4401941,2.419429,0.8209,0.8387507200241089,29.954222
ND,2,ND_cfg2_des5,5,3,14,DLDGKGDNSLSRAE,1.4401941,0.85525554,0.8209,0.8387507200241089,3.0812933
ND,2,ND_cfg2_des5,5,4,14,AAASGDPTRLSAAE,1.4401941,1.8045056,0.8209,0.8387507200241089,26.533957
ND,2,ND_cfg2_des6,6,1,13,DTTDKDGKISLAE,1.6743311,0.76714134,0.8411,0.8874402046203613,22.926315
ND,2,ND_cfg2_des6,6,2,15,ADPSDGAPDLLSAEE,1.6743311,0.9711216,0.8411,0.8874402046203613,10.836192
ND,2,ND_cfg2_des6,6,3,14,DLDGDGDGTLSRAE,1.6743311,2.4271708,0.8411,0.8874402046203613,23.265923
ND,2,ND_cfg2_des6,6,4,14,DSGADGDGTLTAAE,1.6743311,2.6738615,0.8411,0.8874402046203613,8.671868
ND,2,ND_cfg2_des7,7,1,13,DFDGADGRISLAE,2.4244885,1.6855574,0.8018,0.8113738894462585,23.375898
ND,2,ND_cfg2_des7,7,2,15,DTDGSGVFGLDNIEE,2.4244885,4.139577,0.8018,0.8113738894462585,2.8602324
ND,2,ND_cfg2_des7,7,3,14,DLDGDGDGTMDRAE,2.4244885,1.9537612,0.8018,0.8113738894462585,23.45201
ND,2,ND_cfg2_des7,7,4,14,DAAGGNDGVLDAAE,2.4244885,1.9264023,0.8018,0.8113738894462585,9.458249
ND,2,ND_cfg2_des8,8,1,13,NLTSGDNAANLAE,11.20865,15.216498,0.7373,0.3523518443107605,18.4737
ND,2,ND_cfg2_des8,8,2,15,TNGATYDLLEDAIKE,11.20865,12.2528,0.7373,0.3523518443107605,3.9088008
ND,2,ND_cfg2_des8,8,3,14,VDKSDNPLGLSRAE,11.20865,8.171584,0.7373,0.3523518443107605,12.18023
ND,2,ND_cfg2_des8,8,4,14,TAGFANTTAGEAAA,11.20865,8.995831,0.7373,0.3523518443107605,24.153961
ND,2,ND_cfg2_des9,9,1,13,DTENHDGRISLAE,1.6036412,0.91690224,0.8241,0.8583462834358215,21.247429
ND,2,ND_cfg2_des9,9,2,15,FNGADSSSFADAVKE,1.6036412,1.0927924,0.8241,0.8583462834358215,26.64918
ND,2,ND_cfg2_des9,9,3,14,LATKSDDATLTRAE,1.6036412,2.746489,0.8241,0.8583462834358215,23.700226
ND,2,ND_cfg2_des9,9,4,14,DAGSGSDGLLSAAE,1.6036412,1.6796601,0.8241,0.8583462834358215,18.55266
ND,2,ND_cfg2_des10,10,1,13,DTDDADGRISLAE,2.4445944,1.4184589,0.8,0.8478020429611206,2.5280569
ND,2,ND_cfg2_des10,10,2,15,DKDGSGKFGVDNIEE,2.4445944,3.1651962,0.8,0.8478020429611206,29.75595
ND,2,ND_cfg2_des10,10,3,14,DLDGDGDGNIDRAE,2.4445944,1.8167764,0.8,0.8478020429611206,3.034846
ND,2,ND_cfg2_des10,10,4,14,EVDKDGDGTLTAAE,2.4445944,2.7641869,0.8,0.8478020429611206,23.181189
ND,2,ND_cfg2_des11,11,1,13,DTIDKDGKISLAE,2.2347462,1.2952225,0.8219,0.8279057741165161,2.4842923
ND,2,ND_cfg2_des11,11,2,15,DTDGDGVFTAANASE,2.2347462,3.1856425,0.8219,0.8279057741165161,27.858528
ND,2,ND_cfg2_des11,11,3,14,DLDGDGDGSMDRAE,2.2347462,2.1258173,0.8219,0.8279057741165161,3.4086502
ND,2,ND_cfg2_des11,11,4,14,DATGNKDGALDAAE,2.2347462,1.5594449,0.8219,0.8279057741165161,26.321257
ND,2,ND_cfg2_des12,12,1,13,DTDDHDGRISLAE,2.0172708,0.91316724,0.8096,0.8428211212158203,23.05559
ND,2,ND_cfg2_des12,12,2,15,TNGKRSATREEAIKE,2.0172708,1.7421638,0.8096,0.8428211212158203,8.999318
ND,2,ND_cfg2_des12,12,3,14,DDDTDGNGLFTLAE,2.0172708,3.6670735,0.8096,0.8428211212158203,24.726213
ND,2,ND_cfg2_des12,12,4,14,DLDKDGDGRLSAAE,2.0172708,2.3577218,0.8096,0.8428211212158203,8.857293
ND,2,ND_cfg2_des13,13,1,13,DFLDGDGKIDLAE,1.9049076,0.6662358,0.8249,0.8526196479797363,2.5208628
ND,2,ND_cfg2_des13,13,2,15,FNGATSSTFDEAAEE,1.9049076,1.751868,0.8249,0.8526196479797363,27.376272
ND,2,ND_cfg2_des13,13,3,14,DKDTDGDGKFTRAE,1.9049076,2.2979565,0.8249,0.8526196479797363,3.9176705
ND,2,ND_cfg2_des13,13,4,14,DAGFSGDGKLDAAE,1.9049076,1.9121832,0.8249,0.8526196479797363,26.959145
ND,2,ND_cfg2_des14,14,1,13,DFDGADGQISLAE,2.0948904,1.672779,0.8164,0.863479733467102,7.4271502
ND,2,ND_cfg2_des14,14,2,15,ATGVDGDSSLLSAEE,2.0948904,1.9331663,0.8164,0.863479733467102,27.00252
ND,2,ND_cfg2_des14,14,3,14,ELDGDGDGTLSRAE,2.0948904,2.2566361,0.8164,0.863479733467102,8.805413
ND,2,ND_cfg2_des14,14,4,14,ADDVDGDGLVSAAE,2.0948904,1.895601,0.8164,0.863479733467102,26.787653
ND,3,ND_cfg3_des0,0,1,12,DADGDGTISLAE,1.4507157,0.7537529,0.8504,0.8979229927062988,2.495569
ND,3,ND_cfg3_des0,0,2,14,DTNKDGDGKLSAEE,1.4507157,2.8244605,0.8504,0.8979229927062988,29.764618
ND,3,ND_cfg3_des0,0,3,13,DTVDGDGKLSRAE,1.4507157,1.3145183,0.8504,0.8979229927062988,2.6412094
ND,3,ND_cfg3_des0,0,4,14,QLDGDGNGKLSAAE,1.4507157,1.7377031,0.8504,0.8979229927062988,29.286173
ND,3,ND_cfg3_des1,1,1,12,DADGSGTISLAE,1.2205017,0.8863942,0.8561,0.9138243794441223,2.4490716
ND,3,ND_cfg3_des1,1,2,14,DKTGNGDGKLSAEE,1.2205017,1.0909797,0.8561,0.9138243794441223,28.994133
ND,3,ND_cfg3_des1,1,3,13,DTESGDGTLSRAE,1.2205017,0.7655147,0.8561,0.9138243794441223,2.6307573
ND,3,ND_cfg3_des1,1,4,14,DTNADGDGTLSAAE,1.2205017,2.540412,0.8561,0.9138243794441223,29.18367
ND,3,ND_cfg3_des2,2,1,12,DADGDGVISLAE,0.948647,0.7820814,0.858,0.9069557785987854,25.077326
ND,3,ND_cfg3_des2,2,2,14,DKTGNGDGYLSAEE,0.948647,1.1961153,0.858,0.9069557785987854,8.870296
ND,3,ND_cfg3_des2,2,3,13,DQGDGDGKLSRAE,0.948647,1.4700118,0.858,0.9069557785987854,23.091158
ND,3,ND_cfg3_des2,2,4,14,TAGSADPSVIDAAE,0.948647,1.173089,0.858,0.9069557785987854,29.023764
ND,3,ND_cfg3_des3,3,1,12,DADGDGKISLAE,1.7650558,1.298252,0.826,0.8426953554153442,9.605017
ND,3,ND_cfg3_des3,3,2,14,DPSGVGVGAEAVAE,1.7650558,2.8238955,0.826,0.8426953554153442,26.765839
ND,3,ND_cfg3_des3,3,3,13,DLDGNGKTLTKAE,1.7650558,1.4923806,0.826,0.8426953554153442,2.682679
ND,3,ND_cfg3_des3,3,4,14,DAAGDGDGVLDAAE,1.7650558,1.0346959,0.826,0.8426953554153442,30.896692
ND,3,ND_cfg3_des4,4,1,12,DADGDGTISLAE,0.8518957,0.72319067,0.8539,0.918240487575531,23.185972
ND,3,ND_cfg3_des4,4,2,14,DAAGNKDGKLSAAE,0.8518957,1.0421426,0.8539,0.918240487575531,2.4367907
ND,3,ND_cfg3_des4,4,3,13,DTKDGDGKLDRAE,0.8518957,1.0208774,0.8539,0.918240487575531,23.489138
ND,3,ND_cfg3_des4,4,4,14,DATGNNDGTLDAAE,0.8518957,0.7900696,0.8539,0.918240487575531,8.76112
ND,3,ND_cfg3_des5,5,1,12,DADGDGVISLAE,2.340278,0.6903171,0.8449,0.8849371671676636,2.4647465
ND,3,ND_cfg3_des5,5,2,14,DPDGSASFAEAAEE,2.340278,4.3685617,0.8449,0.8849371671676636,26.357328
ND,3,ND_cfg3_des5,5,3,13,SDANGDGKLTKAE,2.340278,1.7938473,0.8449,0.8849371671676636,6.318546
ND,3,ND_cfg3_des5,5,4,14,AAGSADPSVLSAAE,2.340278,1.5569291,0.8449,0.8849371671676636,26.661673
ND,3,ND_cfg3_des6,6,1,12,DADGDGKISLAE,0.9364114,0.673094,0.8643,0.9071186184883118,2.4284952
ND,3,ND_cfg3_des6,6,2,14,EAAGNGDGYLTAEE,0.9364114,1.0820587,0.8643,0.9071186184883118,30.05323
ND,3,ND_cfg3_des6,6,3,13,QTDPSREGLSRAE,0.9364114,1.0687945,0.8643,0.9071186184883118,8.727266
ND,3,ND_cfg3_des6,6,4,14,TAGGDGDGKLSAAE,0.9364114,1.2919044,0.8643,0.9071186184883118,34.589962
ND,3,ND_cfg3_des7,7,1,12,DFDGDGTISLAE,1.3241225,1.0443484,0.859,0.9110627174377441,2.4184716
ND,3,ND_cfg3_des7,7,2,14,AAGSADPSRLSAAE,1.3241225,0.8001931,0.859,0.9110627174377441,30.058859
ND,3,ND_cfg3_des7,7,3,13,DTDGGDGTLSRAE,1.3241225,1.0615102,0.859,0.9110627174377441,23.80324
ND,3,ND_cfg3_des7,7,4,14,DTNADGDGTLNAAE,1.3241225,2.7052557,0.859,0.9110627174377441,26.02002
ND,3,ND_cfg3_des8,8,1,12,DADGDGVISLAE,1.3107666,0.7163121,0.8543,0.9059876799583435,24.03025
ND,3,ND_cfg3_des8,8,2,14,DSGKDGSGKLTAEE,1.3107666,2.761275,0.8543,0.9059876799583435,9.135972
ND,3,ND_cfg3_des8,8,3,13,DTEDGDGTLSRAE,1.3107666,0.85193795,0.8543,0.9059876799583435,25.086435
ND,3,ND_cfg3_des8,8,4,14,AAGSASSTALTAAE,1.3107666,1.3135983,0.8543,0.9059876799583435,9.157307
ND,3,ND_cfg3_des9,9,1,12,DADGDGVISLAE,1.722733,0.8547819,0.8388,0.8938467502593994,23.678652
ND,3,ND_cfg3_des9,9,2,14,DKNKNGDGTLSAEE,1.722733,3.998305,0.8388,0.8938467502593994,8.557831
ND,3,ND_cfg3_des9,9,3,13,DTENGDGTLSRAE,1.722733,1.3615193,0.8388,0.8938467502593994,23.364243
ND,3,ND_cfg3_des9,9,4,14,QVDGDGDGTLSAAE,1.722733,1.4173305,0.8388,0.8938467502593994,2.7620509
ND,3,ND_cfg3_des10,10,1,12,DFDGDGVISLAE,1.1984336,0.86190623,0.845,0.9123337268829346,23.427612
ND,3,ND_cfg3_des10,10,2,14,NNPADKDGKLSAEE,1.1984336,1.2191275,0.845,0.9123337268829346,2.7765372
ND,3,ND_cfg3_des10,10,3,13,DTDTPDGKLSRAE,1.1984336,0.8508777,0.845,0.9123337268829346,23.601944
ND,3,ND_cfg3_des10,10,4,14,DANTDGDGVLDAAE,1.1984336,2.3463237,0.845,0.9123337268829346,9.535195
ND,3,ND_cfg3_des11,11,1,12,GWPDAVAAARAE,1.2120128,2.0796537,0.8074,0.8444384336471558,23.900484
ND,3,ND_cfg3_des11,11,2,14,DTDGDGSGKLSAEE,1.2120128,1.0002694,0.8074,0.8444384336471558,30.469162
ND,3,ND_cfg3_des11,11,3,13,DTDGTPGLLSRAE,1.2120128,0.7556476,0.8074,0.8444384336471558,8.283147
ND,3,ND_cfg3_des11,11,4,14,EAETGTDGIFGAAE,1.2120128,1.3920624,0.8074,0.8444384336471558,25.288298
ND,3,ND_cfg3_des12,12,1,12,DFDGDGKISLAE,2.5851712,1.3522006,0.7978,0.8025081157684326,9.433918
ND,3,ND_cfg3_des12,12,2,14,NPNGDRKWAEAAAE,2.5851712,3.0630622,0.7978,0.8025081157684326,27.562996
ND,3,ND_cfg3_des12,12,3,13,DTDPAAKTFTKAE,2.5851712,4.0239143,0.7978,0.8025081157684326,23.29667
ND,3,ND_cfg3_des12,12,4,14,DATGDGDGVLSAAE,2.5851712,1.6672294,0.7978,0.8025081157684326,8.995559
ND,3,ND_cfg3_des13,13,1,12,DADGDGRVSLAE,1.6406773,1.0204245,0.8485,0.8957923650741577,23.247068
ND,3,ND_cfg3_des13,13,2,14,TALGGGDGKLSAEE,1.6406773,2.525439,0.8485,0.8957923650741577,33.05135
ND,3,ND_cfg3_des13,13,3,13,DTVDKDGKLSRAE,1.6406773,1.2476107,0.8485,0.8957923650741577,23.415573
ND,3,ND_cfg3_des13,13,4,14,DTDADGAGVLSAAE,1.6406773,2.9244447,0.8485,0.8957923650741577,15.496831
ND,3,ND_cfg3_des14,14,1,12,DADGDGVISLAE,0.8719703,0.75524694,0.839,0.8858265280723572,25.388779
ND,3,ND_cfg3_des14,14,2,14,QKDKDGSGKLSAEE,0.8719703,1.1740484,0.839,0.8858265280723572,9.283608
ND,3,ND_cfg3_des14,14,3,13,DADGGDGTLSRAE,0.8719703,1.0123534,0.839,0.8858265280723572,25.777655
ND,3,ND_cfg3_des14,14,4,14,QVDGDGDGVLSAAE,0.8719703,1.3406998,0.839,0.8858265280723572,9.178092
ND,4,ND_cfg4_des0,0,1,12,DADGDGLISLAE,0.9482706,0.6153613,0.8556,0.9031195044517517,23.992416
ND,4,ND_cfg4_des0,0,2,12,DKDGDGLLTAEE,0.9482706,0.84300256,0.8556,0.9031195044517517,9.704255
ND,4,ND_cfg4_des0,0,3,15,DTDPSSPAGTLSRAE,0.9482706,0.9040318,0.8556,0.9031195044517517,23.774673
ND,4,ND_cfg4_des0,0,4,13,DVDGDGKGLSAAE,0.9482706,1.1970277,0.8556,0.9031195044517517,8.939867
ND,4,ND_cfg4_des1,1,1,12,DFDGDGKISLAE,2.4293227,2.0610847,0.845,0.8969043493270874,10.178116
ND,4,ND_cfg4_des1,1,2,12,DKNGDGILTAEE,2.4293227,1.7989417,0.845,0.8969043493270874,2.4357715
ND,4,ND_cfg4_des1,1,3,15,IDPSLGNGVGLSRAE,2.4293227,4.8382525,0.845,0.8969043493270874,24.53695
ND,4,ND_cfg4_des1,1,4,13,DGADADGYLSAAE,2.4293227,1.3728892,0.845,0.8969043493270874,8.842967
ND,4,ND_cfg4_des2,2,1,12,DFDGDGVISLAE,1.0479598,0.73613816,0.8416,0.9036978483200073,23.288969
ND,4,ND_cfg4_des2,2,2,12,DKNGDGYLSAEE,1.0479598,0.67028666,0.8416,0.9036978483200073,2.4735034
ND,4,ND_cfg4_des2,2,3,15,DDGSNGQDNKLSRAE,1.0479598,2.1730707,0.8416,0.9036978483200073,24.246534
ND,4,ND_cfg4_des2,2,4,13,SAADGDGVLTAAE,1.0479598,0.70535934,0.8416,0.9036978483200073,9.598685
ND,4,ND_cfg4_des3,3,1,12,DFDGDGKISLAE,3.2967327,2.1465797,0.837,0.8859987258911133,8.275712
ND,4,ND_cfg4_des3,3,2,12,DKDGSGKLTAEE,3.2967327,2.261789,0.837,0.8859987258911133,29.18505
ND,4,ND_cfg4_des3,3,3,15,NLDKSDKSNTLSRAE,3.2967327,7.1893296,0.837,0.8859987258911133,8.778892
ND,4,ND_cfg4_des3,3,4,13,ATGDGDGKLSAAE,3.2967327,1.8358264,0.837,0.8859987258911133,9.241683
ND,4,ND_cfg4_des4,4,1,12,DFDGDGVISLAE,1.949843,1.2266568,0.8315,0.8894302248954773,22.88913
ND,4,ND_cfg4_des4,4,2,12,DVNGDGKLSAEE,1.949843,0.706179,0.8315,0.8894302248954773,2.3989341
ND,4,ND_cfg4_des4,4,3,15,SGADGDGDGKLNRAE,1.949843,2.9082065,0.8315,0.8894302248954773,22.396482
ND,4,ND_cfg4_des4,4,4,13,DADGTDDALTAAE,1.949843,1.811375,0.8315,0.8894302248954773,9.172795
ND,4,ND_cfg4_des5,5,1,12,DFDGDGKISLAE,0.8601637,0.71869963,0.8474,0.8999462723731995,9.462284
ND,4,ND_cfg4_des5,5,2,12,DVNGDGKLSAEE,0.8601637,0.9976584,0.8474,0.8999462723731995,31.27352
ND,4,ND_cfg4_des5,5,3,15,GNKNADGKYELSRAE,0.8601637,1.3084484,0.8474,0.8999462723731995,8.189083
ND,4,ND_cfg4_des5,5,4,13,TAADGDGLLDAAE,0.8601637,0.7278139,0.8474,0.8999462723731995,9.629688
ND,4,ND_cfg4_des6,6,1,12,DFDGDGKISLAE,0.9091875,0.6607897,0.8382,0.8973087668418884,23.68409
ND,4,ND_cfg4_des6,6,2,12,DKNGDGKLTAEE,0.9091875,0.93922836,0.8382,0.8973087668418884,9.210738
ND,4,ND_cfg4_des6,6,3,15,DSAASAGDGALSRAE,0.9091875,1.3837188,0.8382,0.8973087668418884,24.279367
ND,4,ND_cfg4_des6,6,4,13,SAADGDGKISAAE,0.9091875,1.0181284,0.8382,0.8973087668418884,9.272232
ND,4,ND_cfg4_des7,7,1,12,DFDGDGVISLAE,1.6915334,1.3624086,0.8264,0.8996863961219788,23.057245
ND,4,ND_cfg4_des7,7,2,12,DKDGSGYLSAEE,1.6915334,1.3530467,0.8264,0.8996863961219788,2.4894383
ND,4,ND_cfg4_des7,7,3,15,EAYCKDKDGKLDKAE,1.6915334,2.1718895,0.8264,0.8996863961219788,22.583918
ND,4,ND_cfg4_des7,7,4,13,QGADADGVLTAAE,1.6915334,1.2405865,0.8264,0.8996863961219788,9.626516
ND,4,ND_cfg4_des8,8,1,12,DFDGSGTISLAE,1.732411,2.8930469,0.8452,0.897951602935791,22.717592
ND,4,ND_cfg4_des8,8,2,12,DKNGDGYLSAEE,1.732411,1.1099461,0.8452,0.897951602935791,8.956084
ND,4,ND_cfg4_des8,8,3,15,DIGATAGDGKLTRAE,1.732411,1.5808449,0.8452,0.897951602935791,23.953133
ND,4,ND_cfg4_des8,8,4,13,DAADADGVLTAAE,1.732411,1.222753,0.8452,0.897951602935791,9.689232
ND,4,ND_cfg4_des9,9,1,12,DADGDGVISLAE,0.71915,0.59119266,0.8535,0.9055851697921753,23.723932
ND,4,ND_cfg4_des9,9,2,12,DKNGDGYLSAEE,0.71915,0.7608529,0.8535,0.9055851697921753,8.84211
ND,4,ND_cfg4_des9,9,3,15,DSGTDGHPGKLSRAE,0.71915,1.0540671,0.8535,0.9055851697921753,23.50438
ND,4,ND_cfg4_des9,9,4,13,TAADGSGVISAAE,0.71915,0.7142815,0.8535,0.9055851697921753,2.4610646
ND,4,ND_cfg4_des10,10,1,12,DFDGSGKISLAE,2.1596503,1.1210233,0.8388,0.8702054023742676,9.96214
ND,4,ND_cfg4_des10,10,2,12,DKNGDGLLSAEE,2.1596503,1.1517825,0.8388,0.8702054023742676,29.223501
ND,4,ND_cfg4_des10,10,3,15,AAAADADKGVLTRAE,2.1596503,3.7074013,0.8388,0.8702054023742676,9.741189
ND,4,ND_cfg4_des10,10,4,13,DAADNDGYISAAE,2.1596503,1.0651593,0.8388,0.8702054023742676,9.140321
ND,4,ND_cfg4_des11,11,1,12,DADGDGVISLAE,1.0110224,0.89341766,0.8464,0.8975328207015991,23.683561
ND,4,ND_cfg4_des11,11,2,12,DVNKDGILTAEE,1.0110224,0.99256116,0.8464,0.8975328207015991,9.747515
ND,4,ND_cfg4_des11,11,3,15,DTGKGTPAGTLSRAE,1.0110224,1.0765023,0.8464,0.8975328207015991,24.374907
ND,4,ND_cfg4_des11,11,4,13,STANGDGVLDAAE,1.0110224,1.2694142,0.8464,0.8975328207015991,9.603889
ND,4,ND_cfg4_des12,12,1,12,DADGDGTISLAE,1.4030935,1.1166488,0.8394,0.9025181531906128,23.352468
ND,4,ND_cfg4_des12,12,2,12,DVNGDGVLNAEE,1.4030935,1.0520566,0.8394,0.9025181531906128,2.4592505
ND,4,ND_cfg4_des12,12,3,15,SNGDGRNDGTLSRAE,1.4030935,2.9179094,0.8394,0.9025181531906128,24.346064
ND,4,ND_cfg4_des12,12,4,13,SAADGDGTLDAAE,1.4030935,0.8628706,0.8394,0.9025181531906128,8.939695
ND,4,ND_cfg4_des13,13,1,12,DFDGDGKISLAE,1.079816,0.8462884,0.8477,0.8986037373542786,23.585829
ND,4,ND_cfg4_des13,13,2,12,DTNGDGYLSAEE,1.079816,0.6530925,0.8477,0.8986037373542786,9.097542
ND,4,ND_cfg4_des13,13,3,15,DVDDGVGRGALSRAE,1.079816,2.3554702,0.8477,0.8986037373542786,23.505066
ND,4,ND_cfg4_des13,13,4,13,TAADGDGVLDAAE,1.079816,0.52111495,0.8477,0.8986037373542786,2.6368318
ND,4,ND_cfg4_des14,14,1,12,DFDGDGVIDLAE,1.820982,1.2125515,0.8369,0.8895213603973389,23.603828
ND,4,ND_cfg4_des14,14,2,12,DVNGDGKLSAEE,1.820982,0.91131425,0.8369,0.8895213603973389,9.070844
ND,4,ND_cfg4_des14,14,3,15,TGIDGDGDGKLNRAE,1.820982,2.2219167,0.8369,0.8895213603973389,23.146872
ND,4,ND_cfg4_des14,14,4,13,AAADGDGVLDAAE,1.820982,1.0502262,0.8369,0.8895213603973389,2.4520211
SM,0,SM_cfg0_des0,0,1,11,SDGSGTISLAE,1.2870721,0.78969353,0.8285,0.8722415566444397,2.960008
SM,0,SM_cfg0_des0,0,2,11,SNGDGYLSAEE,1.2870721,1.6987706,0.8285,0.8722415566444397,8.721311
SM,0,SM_cfg0_des0,0,3,14,ELDGDGRGGLSRAE,1.2870721,2.0903382,0.8285,0.8722415566444397,11.085515
SM,0,SM_cfg0_des0,0,4,15,AAASPASPGVLDAAA,1.2870721,1.0511849,0.8285,0.8722415566444397,24.394592
SM,0,SM_cfg0_des1,1,1,11,SDGDGCLSLAE,6.7157717,3.2136915,0.7694,0.7525830864906311,3.464976
SM,0,SM_cfg0_des1,1,2,11,SKDGVSLSAEE,6.7157717,7.356947,0.7694,0.7525830864906311,28.190714
SM,0,SM_cfg0_des1,1,3,14,DLDGDGDGTLSRAE,6.7157717,2.3021502,0.7694,0.7525830864906311,2.8765087
SM,0,SM_cfg0_des1,1,4,15,AGDDTRCCGADAVAE,6.7157717,7.625203,0.7694,0.7525830864906311,19.82105
SM,0,SM_cfg0_des2,2,1,11,SDGDGLVSLAE,1.3757691,0.7883024,0.8326,0.8857101798057556,23.283312
SM,0,SM_cfg0_des2,2,2,11,SNGDGKLSAEE,1.3757691,1.1941555,0.8326,0.8857101798057556,2.8141406
SM,0,SM_cfg0_des2,2,3,14,DLDKNGDGTLSRPE,1.3757691,2.2246606,0.8326,0.8857101798057556,23.217134
SM,0,SM_cfg0_des2,2,4,15,NPGDSGPGATLTAAE,1.3757691,1.4644885,0.8326,0.8857101798057556,9.792841
SM,0,SM_cfg0_des3,3,1,11,SDGDGTISLAE,1.4706291,1.2070967,0.846,0.8948999047279358,2.7805016
SM,0,SM_cfg0_des3,3,2,11,SKDKVALSAEE,1.4706291,1.1246253,0.846,0.8948999047279358,30.083937
SM,0,SM_cfg0_des3,3,3,14,DLDKDGDGKLSRAE,1.4706291,2.4926827,0.846,0.8948999047279358,25.332087
SM,0,SM_cfg0_des3,3,4,15,EATDAAADGTIDAAS,1.4706291,0.7863317,0.846,0.8948999047279358,27.046242
SM,0,SM_cfg0_des4,4,1,11,SDGDGSLSLAE,2.3227816,1.1318902,0.8356,0.8939294815063477,23.494202
SM,0,SM_cfg0_des4,4,2,11,DNGDGYLSAEE,2.3227816,0.9382477,0.8356,0.8939294815063477,9.494264
SM,0,SM_cfg0_des4,4,3,14,DLDGDGDGKLNRAE,2.3227816,2.231841,0.8356,0.8939294815063477,32.92955
SM,0,SM_cfg0_des4,4,4,15,TGGADIDVGADAVAE,2.3227816,4.5046167,0.8356,0.8939294815063477,8.118683
SM,0,SM_cfg0_des5,5,1,11,SDGDGKISLAE,1.3627621,1.555181,0.8472,0.9046515226364136,10.120877
SM,0,SM_cfg0_des5,5,2,11,SNGDGYLSAEE,1.3627621,1.3175672,0.8472,0.9046515226364136,29.597155
SM,0,SM_cfg0_des5,5,3,14,DLDGDDPLALTRPE,1.3627621,2.2631698,0.8472,0.9046515226364136,2.3162851
SM,0,SM_cfg0_des5,5,4,15,EATDPKGDGVLDAAE,1.3627621,1.1852186,0.8472,0.9046515226364136,9.581584
SM,0,SM_cfg0_des6,6,1,11,SDGDGKISLAE,2.822484,1.8544257,0.8298,0.8623194098472595,2.8396606
SM,0,SM_cfg0_des6,6,2,11,SNGDGYLSAEE,2.822484,2.1472726,0.8298,0.8623194098472595,30.390413
SM,0,SM_cfg0_des6,6,3,14,DRDGVHKDRLDRAE,2.822484,4.908615,0.8298,0.8623194098472595,10.021145
SM,0,SM_cfg0_des6,6,4,15,EATDAAGDGKLDAAA,2.822484,1.9029623,0.8298,0.8623194098472595,14.036195
SM,0,SM_cfg0_des7,7,1,11,DDGDGKISLAE,1.729277,1.5418472,0.8514,0.9063587188720703,25.321198
SM,0,SM_cfg0_des7,7,2,11,SDGDGKLSAEE,1.729277,0.7254948,0.8514,0.9063587188720703,29.950354
SM,0,SM_cfg0_des7,7,3,14,DYDGDGDGKLSKAE,1.729277,1.8808907,0.8514,0.9063587188720703,2.609895
SM,0,SM_cfg0_des7,7,4,15,EAAGPAADGKLDAAE,1.729277,1.5289463,0.8514,0.9063587188720703,8.852129
SM,0,SM_cfg0_des8,8,1,11,SDGSGKVSLTE,2.562074,1.4744986,0.8469,0.8834213614463806,9.495917
SM,0,SM_cfg0_des8,8,2,11,DNGDGKLSAEE,2.562074,0.67192763,0.8469,0.8834213614463806,27.132599
SM,0,SM_cfg0_des8,8,3,14,DLDKDGDGKLSKAE,2.562074,2.3482032,0.8469,0.8834213614463806,9.22283
SM,0,SM_cfg0_des8,8,4,15,SDGGSGDGGTLSAAE,2.562074,5.322593,0.8469,0.8834213614463806,25.796244
SM,0,SM_cfg0_des9,9,1,11,DDGSGTISLAE,1.1321244,0.81603336,0.8502,0.9039306044578552,22.965904
SM,0,SM_cfg0_des9,9,2,11,DDGSGKLSAEE,1.1321244,0.78208864,0.8502,0.9039306044578552,2.6269238
SM,0,SM_cfg0_des9,9,3,14,DTNANGDGQLDRAE,1.1321244,2.050891,0.8502,0.9039306044578552,2.6159105
SM,0,SM_cfg0_des9,9,4,15,ETAATAGSGTLTAAE,1.1321244,1.4597763,0.8502,0.9039306044578552,8.963035
SM,0,SM_cfg0_des10,10,1,11,DDGSGALSLAE,2.5854726,2.4449596,0.8451,0.893131673336029,23.43798
SM,0,SM_cfg0_des10,10,2,11,SNGDGTLSAEE,2.5854726,2.014223,0.8451,0.893131673336029,2.927993
SM,0,SM_cfg0_des10,10,3,14,DLDGKDPNKLSKAE,2.5854726,1.1808752,0.8451,0.893131673336029,23.839788
SM,0,SM_cfg0_des10,10,4,15,TGGATVDPGAEGAKE,2.5854726,5.5696235,0.8451,0.893131673336029,8.8321905
SM,0,SM_cfg0_des11,11,1,11,SADGVAISLAE,1.3900601,2.1780808,0.8379,0.9004704356193542,9.23825
SM,0,SM_cfg0_des11,11,2,11,SDGSGKLSAEE,1.3900601,1.355939,0.8379,0.9004704356193542,26.350266
SM,0,SM_cfg0_des11,11,3,14,DYDGDGDGTLSRAE,1.3900601,1.3934199,0.8379,0.9004704356193542,2.553077
SM,0,SM_cfg0_des11,11,4,15,EAADAAKDGLLNAAE,1.3900601,1.6162816,0.8379,0.9004704356193542,30.042307
SM,0,SM_cfg0_des12,12,1,11,DDGDGALSLAE,5.8131022,2.6613774,0.7916,0.7788665890693665,23.664858
SM,0,SM_cfg0_des12,12,2,11,DNGDGKLSAEE,5.8131022,3.4498246,0.7916,0.7788665890693665,2.3466237
SM,0,SM_cfg0_des12,12,3,14,DLDGNGDGKLSRAE,5.8131022,2.3237252,0.7916,0.7788665890693665,19.617697
SM,0,SM_cfg0_des12,12,4,15,EGDPALTTAADQAAE,5.8131022,7.3944716,0.7916,0.7788665890693665,9.4137535
SM,0,SM_cfg0_des13,13,1,11,DDGSGTISLAE,2.692108,2.320119,0.8318,0.864290177822113,7.623815
SM,0,SM_cfg0_des13,13,2,11,SNGDGYLSAEE,2.692108,1.7433314,0.8318,0.864290177822113,29.666399
SM,0,SM_cfg0_des13,13,3,14,DLDGKDPNKLSRAE,2.692108,4.6223555,0.8318,0.864290177822113,5.0079956
SM,0,SM_cfg0_des13,13,4,15,SDDADAAKATLSAAE,2.692108,1.8011358,0.8318,0.864290177822113,9.096364
SM,0,SM_cfg0_des14,14,1,11,SDGDGTISLAE,2.3091903,2.0713131,0.834,0.8930158615112305,29.425966
SM,0,SM_cfg0_des14,14,2,11,SDGDGYLSAEE,2.3091903,1.0837754,0.834,0.8930158615112305,2.5853002
SM,0,SM_cfg0_des14,14,3,14,DFDGKGDGKLSRAE,2.3091903,1.4033155,0.834,0.8930158615112305,24.533213
SM,0,SM_cfg0_des14,14,4,15,ADSGSGAAARLSAAE,2.3091903,4.758987,0.834,0.8930158615112305,25.262228
SM,1,SM_cfg1_des0,0,1,10,STDGTISLAE,2.4420621,2.2536838,0.7819,0.8148852586746216,22.8053
SM,1,SM_cfg1_des0,0,2,14,NPNKLYTKEDTIAE,2.4420621,3.3617709,0.7819,0.8148852586746216,10.928375
SM,1,SM_cfg1_des0,0,3,15,ADKTGDGDGALDRAE,2.4420621,2.9621263,0.7819,0.8148852586746216,23.475645
SM,1,SM_cfg1_des0,0,4,13,AAADNDGVLSAAE,2.4420621,1.5840938,0.7819,0.8148852586746216,9.892224
SM,1,SM_cfg1_des1,1,1,10,GTDGTISLAE,1.0092384,1.2161279,0.8509,0.9003652334213257,9.258065
SM,1,SM_cfg1_des1,1,2,14,DASGNGDGYLSAEE,1.0092384,1.033412,0.8509,0.9003652334213257,27.38355
SM,1,SM_cfg1_des1,1,3,15,DKDGKDGGKALSRAE,1.0092384,1.1085643,0.8509,0.9003652334213257,9.440423
SM,1,SM_cfg1_des1,1,4,13,NASGGDGVLSAAE,1.0092384,0.906844,0.8509,0.9003652334213257,27.057356
SM,1,SM_cfg1_des2,2,1,10,STDGTLTLAE,3.0172803,2.6258228,0.8404,0.8649526834487915,2.8609645
SM,1,SM_cfg1_des2,2,2,14,DTDKKGDGYISAEE,3.0172803,2.1209075,0.8404,0.8649526834487915,31.419844
SM,1,SM_cfg1_des2,2,3,15,DTESGKGNGKLSRAE,3.0172803,4.124951,0.8404,0.8649526834487915,14.55571
SM,1,SM_cfg1_des2,2,4,13,EAAAPGDGKDASE,3.0172803,5.519684,0.8404,0.8649526834487915,29.255346
SM,1,SM_cfg1_des3,3,1,10,GSDGTISLAE,2.2606242,2.0410147,0.8282,0.8919946551322937,9.411229
SM,1,SM_cfg1_des3,3,2,14,DYDGDGSGTLSAEE,2.2606242,1.507412,0.8282,0.8919946551322937,31.526285
SM,1,SM_cfg1_des3,3,3,15,DIKNTRGDGTLDRAE,2.2606242,3.8966534,0.8282,0.8919946551322937,8.796749
SM,1,SM_cfg1_des3,3,4,13,EGSDGDGVLDAAE,2.2606242,1.4684203,0.8282,0.8919946551322937,29.905909
SM,1,SM_cfg1_des4,4,1,10,STDGTLTLAE,2.4261992,2.3085861,0.8514,0.8897995948791504,12.626803
SM,1,SM_cfg1_des4,4,2,14,DAAGNGDGLLSAEE,2.4261992,1.1721677,0.8514,0.8897995948791504,30.337973
SM,1,SM_cfg1_des4,4,3,15,DSGASGNPNVLSRAE,2.4261992,2.1702664,0.8514,0.8897995948791504,9.678807
SM,1,SM_cfg1_des4,4,4,13,TGGLSPSTPDAAE,2.4261992,5.3419504,0.8514,0.8897995948791504,8.796271
SM,1,SM_cfg1_des5,5,1,10,STDGLLSLAE,2.0211625,1.2901373,0.8007,0.8246598243713379,24.866037
SM,1,SM_cfg1_des5,5,2,14,DPDGYFSAADAAAE,2.0211625,2.2796695,0.8007,0.8246598243713379,26.563154
SM,1,SM_cfg1_des5,5,3,15,ADLDGSGDGGLSRAE,2.0211625,2.8067718,0.8007,0.8246598243713379,24.356
SM,1,SM_cfg1_des5,5,4,13,SAADNDGLLDAAE,2.0211625,1.4239917,0.8007,0.8246598243713379,26.91845
SM,1,SM_cfg1_des6,6,1,10,STDGYISLAE,1.2205395,0.93259215,0.8388,0.8936102986335754,8.920396
SM,1,SM_cfg1_des6,6,2,14,DKDKDGSGELSAEE,1.2205395,2.491877,0.8388,0.8936102986335754,31.605959
SM,1,SM_cfg1_des6,6,3,15,NDGSSGNPNVLTRAE,1.2205395,1.1073765,0.8388,0.8936102986335754,10.142899
SM,1,SM_cfg1_des6,6,4,13,SAADGDGRLSAAE,1.2205395,0.74503064,0.8388,0.8936102986335754,12.559718
SM,1,SM_cfg1_des7,7,1,10,GADGRISLAE,2.4911652,3.959545,0.8152,0.8507516384124756,23.613153
SM,1,SM_cfg1_des7,7,2,14,DPDGVDTLEEAIEE,2.4911652,2.1795285,0.8152,0.8507516384124756,3.6275508
SM,1,SM_cfg1_des7,7,3,15,LKYDEKKDGKLSKAE,2.4911652,2.3111243,0.8152,0.8507516384124756,23.775606
SM,1,SM_cfg1_des7,7,4,13,EPAGGDGTLDAAE,2.4911652,1.756967,0.8152,0.8507516384124756,27.023104
SM,1,SM_cfg1_des8,8,1,10,SSDGRLSLAE,7.355202,7.2457824,0.7789,0.7313454151153564,5.5199294
SM,1,SM_cfg1_des8,8,2,14,DKDKKNDNVLSAEE,7.355202,3.830479,0.7789,0.7313454151153564,25.712755
SM,1,SM_cfg1_des8,8,3,15,DSGASGDSSKLSKAE,7.355202,6.433535,0.7789,0.7313454151153564,13.748074
SM,1,SM_cfg1_des8,8,4,13,EATGASPDDEAAE,7.355202,7.9685307,0.7789,0.7313454151153564,20.4905
SM,1,SM_cfg1_des9,9,1,10,STDGTLTLAE,2.8372097,1.9914806,0.833,0.8778289556503296,23.621485
SM,1,SM_cfg1_des9,9,2,14,DYDKDGDGKLSAEE,2.8372097,2.8952115,0.833,0.8778289556503296,28.946299
SM,1,SM_cfg1_des9,9,3,15,DTNDTAGDGKLSRAE,2.8372097,3.5722327,0.833,0.8778289556503296,2.6365716
SM,1,SM_cfg1_des9,9,4,13,TAGAAPSTPDAAE,2.8372097,4.5244765,0.833,0.8778289556503296,29.681776
SM,1,SM_cfg1_des10,10,1,10,STDGTLTLAE,2.8917367,1.3229378,0.8311,0.8706473112106323,12.273292
SM,1,SM_cfg1_des10,10,2,14,DTGKGTPGTLTAEE,2.8917367,1.3082416,0.8311,0.8706473112106323,16.257898
SM,1,SM_cfg1_des10,10,3,15,TSGSTDGDGTLSRAE,2.8917367,4.865761,0.8311,0.8706473112106323,2.545395
SM,1,SM_cfg1_des10,10,4,13,RDAQAADASSAAE,2.8917367,4.4874034,0.8311,0.8706473112106323,30.646395
SM,1,SM_cfg1_des11,11,1,10,SSDGRISLAE,4.220309,3.2790496,0.8219,0.8484117388725281,9.370923
SM,1,SM_cfg1_des11,11,2,14,NPDKLATTADVAAE,4.220309,4.7058525,0.8219,0.8484117388725281,32.33537
SM,1,SM_cfg1_des11,11,3,15,DPDGKTESYEEAKAE,4.220309,3.470798,0.8219,0.8484117388725281,4.998407
SM,1,SM_cfg1_des11,11,4,13,EGADADGLIDAAE,4.220309,3.096499,0.8219,0.8484117388725281,26.495033
SM,1,SM_cfg1_des12,12,1,10,SSDGTLTLAE,8.467377,14.398593,0.7558,0.6205495595932007,16.703104
SM,1,SM_cfg1_des12,12,2,14,DAAGNKDGYLSAEE,8.467377,5.605034,0.7558,0.6205495595932007,15.189751
SM,1,SM_cfg1_des12,12,3,15,DGYDGVADGKLSRAE,8.467377,4.992411,0.7558,0.6205495595932007,2.777156
SM,1,SM_cfg1_des12,12,4,13,EDALPAGTPDAEE,8.467377,7.4381814,0.7558,0.6205495595932007,18.228148
SM,1,SM_cfg1_des13,13,1,10,DIPGQTPLQE,5.945444,2.3503857,0.7737,0.7583153247833252,12.39387
SM,1,SM_cfg1_des13,13,2,14,DTNKDGDNRLSAEE,5.945444,5.168082,0.7737,0.7583153247833252,25.782326
SM,1,SM_cfg1_des13,13,3,15,DKGTVRKDGTLDRAE,5.945444,4.5290804,0.7737,0.7583153247833252,9.0166445
SM,1,SM_cfg1_des13,13,4,13,DPDGTTGAALAAE,5.945444,6.998834,0.7737,0.7583153247833252,21.695532
SM,1,SM_cfg1_des14,14,1,10,GSDGTISLAE,3.0957615,3.3149955,0.8031,0.8009145259857178,9.014221
SM,1,SM_cfg1_des14,14,2,14,DADGSCTWEEAVEE,3.0957615,2.7257097,0.8031,0.8009145259857178,14.846993
SM,1,SM_cfg1_des14,14,3,15,DKSYKAGGKSFDKAE,3.0957615,4.5525303,0.8031,0.8009145259857178,17.654581
SM,1,SM_cfg1_des14,14,4,13,SAASADGRLSAAE,3.0957615,2.1612222,0.8031,0.8009145259857178,28.574814
SM,2,SM_cfg2_des0,0,1,13,DFIDNDGKISLAE,1.0571452,1.077638,0.8493,0.9126552939414978,25.184675
SM,2,SM_cfg2_des0,0,2,13,AKADGDGRLSAEE,1.0571452,0.8892464,0.8493,0.9126552939414978,30.24196
SM,2,SM_cfg2_des0,0,3,13,DTKDHDGTLDRAE,1.0571452,1.3385934,0.8493,0.9126552939414978,2.4101007
SM,2,SM_cfg2_des0,0,4,13,STADGDGTLDAAE,1.0571452,0.95462847,0.8493,0.9126552939414978,8.918657
SM,2,SM_cfg2_des1,1,1,13,DTEDHDGLISLAE,1.1857065,1.1347202,0.8474,0.9142090082168579,23.370794
SM,2,SM_cfg2_des1,1,2,13,AAADGDGKLSAEE,1.1857065,1.068938,0.8474,0.9142090082168579,29.388262
SM,2,SM_cfg2_des1,1,3,13,DLDGKDGTLSRAE,1.1857065,1.5527159,0.8474,0.9142090082168579,8.722069
SM,2,SM_cfg2_des1,1,4,13,DDNLHGGKLSAAE,1.1857065,1.0332907,0.8474,0.9142090082168579,9.035031
SM,2,SM_cfg2_des2,2,1,13,DTENHDGTISLAE,1.3868589,1.0527279,0.8549,0.9184841513633728,2.6806934
SM,2,SM_cfg2_des2,2,2,13,AAADGDGKLSAEE,1.3868589,1.6728407,0.8549,0.9184841513633728,29.848925
SM,2,SM_cfg2_des2,2,3,13,DTENHDGTLSRAE,1.3868589,1.4269824,0.8549,0.9184841513633728,2.524624
SM,2,SM_cfg2_des2,2,4,13,DADPADGTLDAAE,1.3868589,1.5602497,0.8549,0.9184841513633728,30.015722
SM,2,SM_cfg2_des3,3,1,13,DFLNGDGKIDLAE,1.1458998,1.1327667,0.8464,0.9147766828536987,23.232054
SM,2,SM_cfg2_des3,3,2,13,AAADGDGKLSAEE,1.1458998,1.3089807,0.8464,0.9147766828536987,2.4917233
SM,2,SM_cfg2_des3,3,3,13,DTEDGDGKLSRAE,1.1458998,1.3169924,0.8464,0.9147766828536987,23.928871
SM,2,SM_cfg2_des3,3,4,13,SAADGDGALSAAE,1.1458998,1.0603509,0.8464,0.9147766828536987,9.059602
SM,2,SM_cfg2_des4,4,1,13,SDGSDPSIVSLAE,2.414751,4.712005,0.8231,0.8438888192176819,9.824176
SM,2,SM_cfg2_des4,4,2,13,DKDGDGTTLSAEE,2.414751,1.1459311,0.8231,0.8438888192176819,32.14195
SM,2,SM_cfg2_des4,4,3,13,SLDGDKTTISRAE,2.414751,1.9344678,0.8231,0.8438888192176819,9.200713
SM,2,SM_cfg2_des4,4,4,13,DADGDGTALSAAE,2.414751,1.8800973,0.8231,0.8438888192176819,29.698616
SM,2,SM_cfg2_des5,5,1,13,DTDDGDGKISLAE,1.1276227,0.6769429,0.8454,0.8937554955482483,9.4619255
SM,2,SM_cfg2_des5,5,2,13,DKDGDGTALSAEE,1.1276227,1.0027895,0.8454,0.8937554955482483,9.460808
SM,2,SM_cfg2_des5,5,3,13,EDGDGDGKLSRAE,1.1276227,1.6874428,0.8454,0.8937554955482483,9.686547
SM,2,SM_cfg2_des5,5,4,13,ENGDGDGTLDAAE,1.1276227,1.2294421,0.8454,0.8937554955482483,8.674882
SM,2,SM_cfg2_des6,6,1,13,DFEDGDGKISLAE,0.89215237,0.95928967,0.8549,0.9160454869270325,23.321104
SM,2,SM_cfg2_des6,6,2,13,DAADNDGYLYADE,0.89215237,0.8597569,0.8549,0.9160454869270325,9.081337
SM,2,SM_cfg2_des6,6,3,13,DADPADKALSRAE,0.89215237,1.1680235,0.8549,0.9160454869270325,23.599838
SM,2,SM_cfg2_des6,6,4,13,SAASADGVVSAAE,0.89215237,0.7754613,0.8549,0.9160454869270325,29.072685
SM,2,SM_cfg2_des7,7,1,13,DLDGVDGELSLAE,2.558213,2.2731903,0.8235,0.8854763507843018,23.792936
SM,2,SM_cfg2_des7,7,2,13,DKDGDGTTLSGEE,2.558213,1.771426,0.8235,0.8854763507843018,8.93053
SM,2,SM_cfg2_des7,7,3,13,DKTAGDGTLSRAE,2.558213,2.1583667,0.8235,0.8854763507843018,2.66727
SM,2,SM_cfg2_des7,7,4,13,TDGAGPGTTSAQE,2.558213,5.8031697,0.8235,0.8854763507843018,9.01763
SM,2,SM_cfg2_des8,8,1,13,DTGDGDGKIDRAE,2.2764175,1.5663731,0.8357,0.8969869017601013,25.324638
SM,2,SM_cfg2_des8,8,2,13,DKDKTAAELSAEE,2.2764175,2.452356,0.8357,0.8969869017601013,7.4511623
SM,2,SM_cfg2_des8,8,3,13,EDGDGDGKLSRAE,2.2764175,1.9758707,0.8357,0.8969869017601013,23.097794
SM,2,SM_cfg2_des8,8,4,13,EGADADGTLDAAE,2.2764175,1.6039809,0.8357,0.8969869017601013,8.781877
SM,2,SM_cfg2_des9,9,1,13,DFEDGDGKISLAE,0.8459069,0.5047393,0.8435,0.9106299877166748,24.106987
SM,2,SM_cfg2_des9,9,2,13,DKDGVDGKLSAEE,0.8459069,0.7800579,0.8435,0.9106299877166748,9.0765505
SM,2,SM_cfg2_des9,9,3,13,DTEDHDGTLSRAE,0.8459069,0.9659128,0.8435,0.9106299877166748,23.836647
SM,2,SM_cfg2_des9,9,4,13,DADGTDGKLTAAE,0.8459069,0.83093536,0.8435,0.9106299877166748,2.4875734
SM,2,SM_cfg2_des10,10,1,13,DTESADGVLSLAE,2.0984392,1.0303015,0.8076,0.859225869178772,3.399909
SM,2,SM_cfg2_des10,10,2,13,DKDGDGTHLSGEE,2.0984392,1.2406751,0.8076,0.859225869178772,9.333598
SM,2,SM_cfg2_des10,10,3,13,DLDGDGTQLSRAE,2.0984392,1.2972674,0.8076,0.859225869178772,23.37988
SM,2,SM_cfg2_des10,10,4,13,EAYSALGLSSAQE,2.0984392,4.848917,0.8076,0.859225869178772,28.98789
SM,2,SM_cfg2_des11,11,1,13,DTENGDGRISLAE,1.5667762,0.92575705,0.8362,0.8978598117828369,9.889729
SM,2,SM_cfg2_des11,11,2,13,TAKDKDGKLSAEE,1.5667762,1.5451318,0.8362,0.8978598117828369,27.173742
SM,2,SM_cfg2_des11,11,3,13,EDGDGDGKLNRAE,1.5667762,2.018724,0.8362,0.8978598117828369,8.770614
SM,2,SM_cfg2_des11,11,4,13,EGPDADGVISAAE,1.5667762,1.2929294,0.8362,0.8978598117828369,26.543112
SM,2,SM_cfg2_des12,12,1,13,DLDGVDGKISLAE,1.5771824,2.00499,0.8443,0.9003002047538757,9.559069
SM,2,SM_cfg2_des12,12,2,13,DKDPADKALSAEE,1.5771824,1.473985,0.8443,0.9003002047538757,27.600355
SM,2,SM_cfg2_des12,12,3,13,DDGDGDGLLSRAE,1.5771824,2.2590668,0.8443,0.9003002047538757,3.2956705
SM,2,SM_cfg2_des12,12,4,13,EGSDGDGVLDAAE,1.5771824,1.3219616,0.8443,0.9003002047538757,26.021315
SM,2,SM_cfg2_des13,13,1,13,DTIDGDGKISLAE,1.4026017,1.1524189,0.8478,0.9106395244598389,2.4040556
SM,2,SM_cfg2_des13,13,2,13,AAPDGDGKLSAEE,1.4026017,1.2083992,0.8478,0.9106395244598389,2.463033
SM,2,SM_cfg2_des13,13,3,13,DLDGKDGTLSRAE,1.4026017,2.078721,0.8478,0.9106395244598389,2.566909
SM,2,SM_cfg2_des13,13,4,13,SAADGDGVLSAAE,1.4026017,0.9680628,0.8478,0.9106395244598389,2.473313
SM,2,SM_cfg2_des14,14,1,13,DLDGTAGTVSRAE,1.6822007,1.9666872,0.8389,0.8999818563461304,23.310186
SM,2,SM_cfg2_des14,14,2,13,DKDGDGTSLSAEE,1.6822007,1.3641045,0.8389,0.8999818563461304,8.984607
SM,2,SM_cfg2_des14,14,3,13,DTESGDGTLSRAE,1.6822007,2.1608188,0.8389,0.8999818563461304,23.63479
SM,2,SM_cfg2_des14,14,4,13,EGADADGVLTAAE,1.6822007,1.47001,0.8389,0.8999818563461304,10.502927
SM,3,SM_cfg3_des0,0,1,15,DPDGTLTDTAARLAE,8.678966,9.299866,0.7877,0.7680549621582031,28.035109
SM,3,SM_cfg3_des0,0,2,15,DVNGDGVLDPADGGE,8.678966,3.7158978,0.7877,0.7680549621582031,4.5777726
SM,3,SM_cfg3_des0,0,3,12,DKDGDGKLSRAE,8.678966,2.6761668,0.7877,0.7680549621582031,2.380807
SM,3,SM_cfg3_des0,0,4,11,DAVAPNDAAAA,8.678966,7.8626466,0.7877,0.7680549621582031,31.986078
SM,3,SM_cfg3_des1,1,1,15,DLDHDGQAGRVSLAE,2.4103832,3.7711463,0.7962,0.8275540471076965,23.475073
SM,3,SM_cfg3_des1,1,2,15,AADGTTFSKDDVVAE,2.4103832,3.2503765,0.7962,0.8275540471076965,30.602722
SM,3,SM_cfg3_des1,1,3,12,DKNKDGNLSRAE,2.4103832,1.6040949,0.7962,0.8275540471076965,26.612165
SM,3,SM_cfg3_des1,1,4,11,SNGSSSLTAAE,2.4103832,1.2631915,0.7962,0.8275540471076965,9.507519
SM,3,SM_cfg3_des2,2,1,15,TVFDADGDGLIDLAE,2.387045,3.1290302,0.8305,0.8712549805641174,23.177353
SM,3,SM_cfg3_des2,2,2,15,DVNGNGVFTAAEAGE,2.387045,3.1048675,0.8305,0.8712549805641174,30.190947
SM,3,SM_cfg3_des2,2,3,12,DLDGDGGLSRAE,2.387045,1.5546472,0.8305,0.8712549805641174,9.617981
SM,3,SM_cfg3_des2,2,4,11,DDGSGKISAAE,2.387045,1.3370272,0.8305,0.8712549805641174,9.477227
SM,3,SM_cfg3_des3,3,1,15,DVYSATGDGLISLAE,2.6070018,2.9995394,0.8191,0.8673586845397949,22.795502
SM,3,SM_cfg3_des3,3,2,15,DVDGNGVFTADEADE,2.6070018,2.7728314,0.8191,0.8673586845397949,32.378925
SM,3,SM_cfg3_des3,3,3,12,DLNGDGSLDRAE,2.6070018,1.6105869,0.8191,0.8673586845397949,9.526135
SM,3,SM_cfg3_des3,3,4,11,AGSSSALDAAE,2.6070018,1.8775305,0.8191,0.8673586845397949,9.215125
SM,3,SM_cfg3_des4,4,1,15,DADGDTTSLAKRRAE,7.3703837,8.380628,0.7841,0.7641167640686035,2.6955013
SM,3,SM_cfg3_des4,4,2,15,CGADAASDPTLSAEE,7.3703837,2.5189996,0.7841,0.7641167640686035,14.789215
SM,3,SM_cfg3_des4,4,3,12,DKDKDGKLSRAE,7.3703837,1.7175297,0.7841,0.7641167640686035,10.404209
SM,3,SM_cfg3_des4,4,4,11,EDTGEPSAAAE,7.3703837,7.208693,0.7841,0.7641167640686035,21.488642
SM,3,SM_cfg3_des5,5,1,15,TVHSQDGDGLIGLAE,2.579563,2.5216534,0.8123,0.8744136691093445,23.583776
SM,3,SM_cfg3_des5,5,2,15,VAADGDGDGVLSAAE,2.579563,2.9829526,0.8123,0.8744136691093445,30.409262
SM,3,SM_cfg3_des5,5,3,12,DADGDGVLSRAE,2.579563,2.297689,0.8123,0.8744136691093445,9.118756
SM,3,SM_cfg3_des5,5,4,11,SNGSGALSAAE,2.579563,2.0446072,0.8123,0.8744136691093445,32.29288
SM,3,SM_cfg3_des6,6,1,15,DTNDTNGDGKISLAE,2.4456196,4.287618,0.8312,0.8753570914268494,22.84661
SM,3,SM_cfg3_des6,6,2,15,SGGAGYLSKADVAAE,2.4456196,2.642551,0.8312,0.8753570914268494,9.265973
SM,3,SM_cfg3_des6,6,3,12,DKDGDGSLSRAE,2.4456196,1.297584,0.8312,0.8753570914268494,27.108711
SM,3,SM_cfg3_des6,6,4,11,NPGGTAVSAAE,2.4456196,0.8188306,0.8312,0.8753570914268494,9.328605
SM,3,SM_cfg3_des7,7,1,15,DDPALSSDGELTLAE,4.519637,7.2440176,0.8238,0.8550992608070374,7.142277
SM,3,SM_cfg3_des7,7,2,15,SNGASSIPASEAPTE,4.519637,3.485729,0.8238,0.8550992608070374,32.943768
SM,3,SM_cfg3_des7,7,3,12,DTDGNGALTRAE,4.519637,2.104442,0.8238,0.8550992608070374,2.3233635
SM,3,SM_cfg3_des7,7,4,11,TADTSASSAAE,4.519637,2.3344138,0.8238,0.8550992608070374,14.182939
SM,3,SM_cfg3_des8,8,1,15,DADGRTEDVAARRAE,6.001304,7.415129,0.7691,0.6603711843490601,4.403859
SM,3,SM_cfg3_des8,8,2,15,NPSGDTSSWDDAVKE,6.001304,3.944043,0.7691,0.6603711843490601,37.35854
SM,3,SM_cfg3_des8,8,3,12,DLNKDGTFSRAE,6.001304,3.9093575,0.7691,0.6603711843490601,13.7628355
SM,3,SM_cfg3_des8,8,4,11,EAADTGSAAAA,6.001304,6.681698,0.7691,0.6603711843490601,26.832888
SM,3,SM_cfg3_des9,9,1,15,SDTTGAVPAADALAE,3.2530034,4.2360907,0.8345,0.8490562438964844,25.102722
SM,3,SM_cfg3_des9,9,2,15,SNDKVSFGADDAPVE,3.2530034,5.6955366,0.8345,0.8490562438964844,23.346655
SM,3,SM_cfg3_des9,9,3,12,DKDGDGSLSRAE,3.2530034,0.9703929,0.8345,0.8490562438964844,25.012878
SM,3,SM_cfg3_des9,9,4,11,NGSSSTFTAAE,3.2530034,1.1425238,0.8345,0.8490562438964844,27.056885
SM,3,SM_cfg3_des10,10,1,15,QGLDTTNDGRISLAE,2.1474235,2.9723918,0.8363,0.903211236000061,23.364988
SM,3,SM_cfg3_des10,10,2,15,DKDGSGVISDAEKEE,2.1474235,2.8361979,0.8363,0.903211236000061,2.3810008
SM,3,SM_cfg3_des10,10,3,12,DLNKDGAISRAE,2.1474235,1.407554,0.8363,0.903211236000061,26.501463
SM,3,SM_cfg3_des10,10,4,11,SGGSGALDAAE,2.1474235,2.04333,0.8363,0.903211236000061,9.358865
SM,3,SM_cfg3_des11,11,1,15,DTDPADLSVAARRAE,2.6855302,3.9984753,0.8188,0.8472579121589661,3.8927004
SM,3,SM_cfg3_des11,11,2,15,GADGSKTLLNNPAEE,2.6855302,3.2428668,0.8188,0.8472579121589661,29.859545
SM,3,SM_cfg3_des11,11,3,12,DTDGDGTLSRAE,2.6855302,1.2223879,0.8188,0.8472579121589661,3.294672
SM,3,SM_cfg3_des11,11,4,11,EAASRGSWADA,2.6855302,1.7075527,0.8188,0.8472579121589661,27.760406
SM,3,SM_cfg3_des12,12,1,15,DDMADGDGSTISLAE,1.8708078,3.39525,0.8253,0.8831060528755188,23.17282
SM,3,SM_cfg3_des12,12,2,15,DKNGDGKLSVTTEGE,1.8708078,2.349729,0.8253,0.8831060528755188,29.9726
SM,3,SM_cfg3_des12,12,3,12,DKDGDGTLSRAE,1.8708078,1.156287,0.8253,0.8831060528755188,9.615572
SM,3,SM_cfg3_des12,12,4,11,SDGDGVLNAAE,1.8708078,1.0900973,0.8253,0.8831060528755188,9.715999
SM,3,SM_cfg3_des13,13,1,15,DFDGDNSSLDKRRAE,5.6581426,8.165839,0.8156,0.8637611269950867,3.7405717
SM,3,SM_cfg3_des13,13,2,15,AAADPRKDGKLSAEE,5.6581426,1.2492313,0.8156,0.8637611269950867,34.050148
SM,3,SM_cfg3_des13,13,3,12,DKDGSGALDRAE,5.6581426,2.3359027,0.8156,0.8637611269950867,8.709012
SM,3,SM_cfg3_des13,13,4,11,EAESPTGKTLA,5.6581426,2.7657626,0.8156,0.8637611269950867,25.86846
SM,3,SM_cfg3_des14,14,1,15,DVFSADKDGVISLAE,1.7407761,2.5787866,0.8413,0.9051072001457214,24.864553
SM,3,SM_cfg3_des14,14,2,15,DAADPDKDGKLSAAD,1.7407761,1.4865965,0.8413,0.9051072001457214,6.259968
SM,3,SM_cfg3_des14,14,3,12,DADKDGKLSRAE,1.7407761,1.6613134,0.8413,0.9051072001457214,2.4032123
SM,3,SM_cfg3_des14,14,4,11,ANGSSTISAAE,1.7407761,0.96983397,0.8413,0.9051072001457214,8.916978
SM,4,SM_cfg4_des0,0,1,13,DLDGDGDGLSLAE,6.730917,4.516492,0.7588,0.6488640308380127,22.574213
SM,4,SM_cfg4_des0,0,2,10,NDGKSSAKDE,6.730917,8.694472,0.7588,0.6488640308380127,11.864247
SM,4,SM_cfg4_des0,0,3,15,DADGSGIDADLSRAE,6.730917,2.3658364,0.7588,0.6488640308380127,24.374062
SM,4,SM_cfg4_des0,0,4,10,NADDLSSAAA,6.730917,8.616413,0.7588,0.6488640308380127,8.154002
SM,4,SM_cfg4_des1,1,1,13,DTDPADPELSLAE,12.457004,13.432535,0.7614,0.6370218396186829,19.159758
SM,4,SM_cfg4_des1,1,2,10,SDDGVLSAEE,12.457004,15.757213,0.7614,0.6370218396186829,27.9289
SM,4,SM_cfg4_des1,1,3,15,DGLDGVKDGKLSRAE,12.457004,16.444809,0.7614,0.6370218396186829,25.142359
SM,4,SM_cfg4_des1,1,4,10,DVTDPDPAAE,12.457004,16.23943,0.7614,0.6370218396186829,27.274612
SM,4,SM_cfg4_des2,2,1,13,DLDGDGDGLSLAE,2.962113,1.3308692,0.7979,0.7768935561180115,23.01151
SM,4,SM_cfg4_des2,2,2,10,DNGVTSAIDE,2.962113,3.2506216,0.7979,0.7768935561180115,10.8235445
SM,4,SM_cfg4_des2,2,3,15,DLDKDGDATKLSRAE,2.962113,4.359528,0.7979,0.7768935561180115,23.231598
SM,4,SM_cfg4_des2,2,4,10,ETGASSSAAA,2.962113,3.2539198,0.7979,0.7768935561180115,14.049184
SM,4,SM_cfg4_des3,3,1,13,DWLNNDGKLSLAE,9.887977,7.2314777,0.7319,0.45162278413772583,4.8915515
SM,4,SM_cfg4_des3,3,2,10,SDDGLLSAEE,9.887977,13.262545,0.7319,0.45162278413772583,12.814532
SM,4,SM_cfg4_des3,3,3,15,EAVSKDKDGKLNREE,9.887977,11.186647,0.7319,0.45162278413772583,14.796796
SM,4,SM_cfg4_des3,3,4,10,TAGMTDSATA,9.887977,5.3778524,0.7319,0.45162278413772583,23.21428
SM,4,SM_cfg4_des4,4,1,13,DADGADGALSLAE,1.6558,1.4995233,0.8458,0.8916285634040833,24.620811
SM,4,SM_cfg4_des4,4,2,10,STDGVLSAEE,1.6558,1.5697696,0.8458,0.8916285634040833,9.97231
SM,4,SM_cfg4_des4,4,3,15,DKDGKSGGKALSRDE,1.6558,0.941935,0.8458,0.8916285634040833,23.549051
SM,4,SM_cfg4_des4,4,4,10,DKAGLTSAQE,1.6558,4.374342,0.8458,0.8916285634040833,9.8416605
SM,4,SM_cfg4_des5,5,1,13,DLINHDGKLDLAE,11.69224,11.660945,0.7074,0.38444170355796814,19.777609
SM,4,SM_cfg4_des5,5,2,10,NKPGLTKAEE,11.69224,16.642778,0.7074,0.38444170355796814,21.776016
SM,4,SM_cfg4_des5,5,3,15,DKDGSLETNEKEREE,11.69224,12.899329,0.7074,0.38444170355796814,10.008708
SM,4,SM_cfg4_des5,5,4,10,TTGIADDAAA,11.69224,11.358536,0.7074,0.38444170355796814,24.676085
SM,4,SM_cfg4_des6,6,1,13,SSLNGDGVLDLAE,10.125997,12.738107,0.7481,0.41298186779022217,15.141944
SM,4,SM_cfg4_des6,6,2,10,SSDGVLTAEE,10.125997,13.27897,0.7481,0.41298186779022217,14.494893
SM,4,SM_cfg4_des6,6,3,15,DTSANTKNPTLSRAE,10.125997,4.735216,0.7481,0.41298186779022217,10.892184
SM,4,SM_cfg4_des6,6,4,10,TAGSTDDAAA,10.125997,15.331218,0.7481,0.41298186779022217,7.132958
SM,4,SM_cfg4_des7,7,1,13,DAANHDGVLSLAE,2.311777,1.4461098,0.8267,0.8570581078529358,21.336061
SM,4,SM_cfg4_des7,7,2,10,SSDGVLSAEE,2.311777,1.0041147,0.8267,0.8570581078529358,15.60099
SM,4,SM_cfg4_des7,7,3,15,QAAGHPADGTLSRAE,2.311777,3.3568046,0.8267,0.8570581078529358,24.853697
SM,4,SM_cfg4_des7,7,4,10,NRPGVASAAE,2.311777,5.396905,0.8267,0.8570581078529358,9.547986
SM,4,SM_cfg4_des8,8,1,13,DLDGDGVALSLAE,1.1220156,1.5524784,0.8397,0.8844519853591919,26.522898
SM,4,SM_cfg4_des8,8,2,10,GPDGTLSAEE,1.1220156,1.0795145,0.8397,0.8844519853591919,9.125373
SM,4,SM_cfg4_des8,8,3,15,DKDDGGKKLELSRAE,1.1220156,1.1824045,0.8397,0.8844519853591919,8.37026
SM,4,SM_cfg4_des8,8,4,10,FDGAASAAAA,1.1220156,1.1259083,0.8397,0.8844519853591919,14.470151
SM,4,SM_cfg4_des9,9,1,13,DLDGDGGVLSLAE,7.1399503,5.037397,0.7825,0.7309746146202087,12.717761
SM,4,SM_cfg4_des9,9,2,10,DDGKTPAVEE,7.1399503,7.9944897,0.7825,0.7309746146202087,24.853798
SM,4,SM_cfg4_des9,9,3,15,DTDGGDNTKKLSKAE,7.1399503,4.72449,0.7825,0.7309746146202087,23.330887
SM,4,SM_cfg4_des9,9,4,10,DNPALSDAQE,7.1399503,9.489016,0.7825,0.7309746146202087,22.571884
SM,4,SM_cfg4_des10,10,1,13,DADGDGTTLSLAE,7.299107,9.926708,0.7794,0.7417963743209839,32.864143
SM,4,SM_cfg4_des10,10,2,10,ANDDTLSAEE,7.299107,7.3509307,0.7794,0.7417963743209839,16.034798
SM,4,SM_cfg4_des10,10,3,15,DTDGDGNSDKLSRPE,7.299107,10.487373,0.7794,0.7417963743209839,31.862528
SM,4,SM_cfg4_des10,10,4,10,TTGKTDGAAE,7.299107,7.0322094,0.7794,0.7417963743209839,7.1585975
SM,4,SM_cfg4_des11,11,1,13,DLDKRDGKLSRAE,7.8051353,7.5161695,0.733,0.5431105494499207,15.245248
SM,4,SM_cfg4_des11,11,2,10,DDGKSTGAEE,7.8051353,6.5995,0.733,0.5431105494499207,5.8377023
SM,4,SM_cfg4_des11,11,3,15,DADGSTAVGAPSRAE,7.8051353,10.237036,0.733,0.5431105494499207,9.55194
SM,4,SM_cfg4_des11,11,4,10,EAVSTDSAAA,7.8051353,6.7598953,0.733,0.5431105494499207,12.609424
SM,4,SM_cfg4_des12,12,1,13,DADPADNALSLAE,11.606091,16.001589,0.7326,0.4587242901325226,5.427382
SM,4,SM_cfg4_des12,12,2,10,NKPGVSAADE,11.606091,10.835281,0.7326,0.4587242901325226,23.602324
SM,4,SM_cfg4_des12,12,3,15,MKDSKDLSKDMSREE,11.606091,10.680128,0.7326,0.4587242901325226,5.899399
SM,4,SM_cfg4_des12,12,4,10,TANDSSDAAA,11.606091,9.171699,0.7326,0.4587242901325226,3.5940237
SM,4,SM_cfg4_des13,13,1,13,GLDTEDDAANLAE,12.759472,15.910669,0.7468,0.5142311453819275,4.3283534
SM,4,SM_cfg4_des13,13,2,10,SDGTSKAETE,12.759472,19.42699,0.7468,0.5142311453819275,11.325672
SM,4,SM_cfg4_des13,13,3,15,GLAGSNLSTAEARAE,12.759472,11.571216,0.7468,0.5142311453819275,25.526133
SM,4,SM_cfg4_des13,13,4,10,TTGQSSVAAA,12.759472,6.266624,0.7468,0.5142311453819275,19.35535
SM,4,SM_cfg4_des14,14,1,13,DLDGADGELSLAE,7.6469293,6.262261,0.7229,0.4265473186969757,20.359022
SM,4,SM_cfg4_des14,14,2,10,DDGVSSLADE,7.6469293,9.797051,0.7229,0.4265473186969757,12.705883
SM,4,SM_cfg4_des14,14,3,15,AKGNPENPDGNDRAE,7.6469293,6.6113,0.7229,0.4265473186969757,24.828642
SM,4,SM_cfg4_des14,14,4,10,TTGQADSASA,7.6469293,13.081622,0.7229,0.4265473186969757,18.3255
GD,0,GD_cfg0_des0,0,1,10,SSDGTLSLAE,1.4106475,0.84867334,0.8343,0.8888207674026489,23.319662
GD,0,GD_cfg0_des0,0,2,10,SSDGRLSAEE,1.4106475,1.0337733,0.8343,0.8888207674026489,30.284403
GD,0,GD_cfg0_des0,0,3,12,DADGDGLLSRPE,1.4106475,0.7622954,0.8343,0.8888207674026489,24.799154
GD,0,GD_cfg0_des0,0,4,15,STDGDLATGTLTAAE,1.4106475,3.045397,0.8343,0.8888207674026489,7.6675034
GD,0,GD_cfg0_des1,1,1,10,GADGTISLAE,1.075186,1.0750241,0.8535,0.8948329091072083,24.322746
GD,0,GD_cfg0_des1,1,2,10,SSDGLLSAEE,1.075186,0.8750865,0.8535,0.8948329091072083,4.262602
GD,0,GD_cfg0_des1,1,3,12,DADGDGVLNRAE,1.075186,0.80536234,0.8535,0.8948329091072083,23.490694
GD,0,GD_cfg0_des1,1,4,15,LAACPTADGVLDATA,1.075186,2.0885365,0.8535,0.8948329091072083,27.76931
GD,0,GD_cfg0_des2,2,1,10,SSDGKISLAE,1.5519593,2.6774426,0.8514,0.8973241448402405,8.898694
GD,0,GD_cfg0_des2,2,2,10,SSDGVLTAEE,1.5519593,1.1374809,0.8514,0.8973241448402405,26.752714
GD,0,GD_cfg0_des2,2,3,12,DADGNGVLSRAE,1.5519593,1.1892531,0.8514,0.8973241448402405,2.392597
GD,0,GD_cfg0_des2,2,4,15,AADDADGDGVLDAAA,1.5519593,1.5438101,0.8514,0.8973241448402405,22.474068
GD,0,GD_cfg0_des3,3,1,10,SSDGTISLAE,1.0202789,1.0037032,0.8448,0.8895180821418762,8.090013
GD,0,GD_cfg0_des3,3,2,10,SDDGLLSAEE,1.0202789,1.0952661,0.8448,0.8895180821418762,32.904423
GD,0,GD_cfg0_des3,3,3,12,DANGDGKLNKAE,1.0202789,0.93895894,0.8448,0.8895180821418762,2.4115202
GD,0,GD_cfg0_des3,3,4,15,VAPGGDGDGKLSAAE,1.0202789,1.622445,0.8448,0.8895180821418762,29.537806
GD,0,GD_cfg0_des4,4,1,10,SSDGRISLAE,1.8039962,3.436385,0.8565,0.8993110060691833,9.008281
GD,0,GD_cfg0_des4,4,2,10,SSDGTLSAAE,1.8039962,1.159762,0.8565,0.8993110060691833,27.046309
GD,0,GD_cfg0_des4,4,3,12,DANGDGKLSKAE,1.8039962,1.2688292,0.8565,0.8993110060691833,28.200607
GD,0,GD_cfg0_des4,4,4,15,AATCADQDGVIDAAA,1.8039962,1.5645521,0.8565,0.8993110060691833,27.468826
GD,0,GD_cfg0_des5,5,1,10,SSDGTISLAE,1.5091854,1.4193504,0.8504,0.9005526900291443,8.322945
GD,0,GD_cfg0_des5,5,2,10,SSDGTLSAEE,1.5091854,0.73664623,0.8504,0.9005526900291443,2.7989104
GD,0,GD_cfg0_des5,5,3,12,DANGDGVLSRAE,1.5091854,0.4973421,0.8504,0.9005526900291443,2.395528
GD,0,GD_cfg0_des5,5,4,15,AAVSPAQDGVLDAAE,1.5091854,1.5469857,0.8504,0.9005526900291443,4.734237
GD,0,GD_cfg0_des6,6,1,10,SSDGRISLAE,1.1937141,1.6097695,0.8495,0.8973510265350342,2.9111633
GD,0,GD_cfg0_des6,6,2,10,SSDGVLTAEE,1.1937141,0.9878387,0.8495,0.8973510265350342,31.68985
GD,0,GD_cfg0_des6,6,3,12,DADGNGVLSRAE,1.1937141,1.2269554,0.8495,0.8973510265350342,24.203148
GD,0,GD_cfg0_des6,6,4,15,DATGADGDGLLDAAE,1.1937141,1.413022,0.8495,0.8973510265350342,26.50208
GD,0,GD_cfg0_des7,7,1,10,STDGLLTLAE,1.5164703,1.5851789,0.8326,0.8518638014793396,25.495455
GD,0,GD_cfg0_des7,7,2,10,DVPGKSSAEE,1.5164703,1.5740978,0.8326,0.8518638014793396,4.0682645
GD,0,GD_cfg0_des7,7,3,12,DANGDGKLSRAE,1.5164703,1.665152,0.8326,0.8518638014793396,2.4743402
GD,0,GD_cfg0_des7,7,4,15,ETEGGGDGRGLTAAE,1.5164703,1.5593475,0.8326,0.8518638014793396,9.195608
GD,0,GD_cfg0_des8,8,1,10,SSDGALTLAE,1.5185052,1.7960472,0.8289,0.8666539788246155,20.330837
GD,0,GD_cfg0_des8,8,2,10,SSDGLLSAEE,1.5185052,0.92858547,0.8289,0.8666539788246155,31.680115
GD,0,GD_cfg0_des8,8,3,12,DADGDGVLSRAE,1.5185052,1.3318473,0.8289,0.8666539788246155,2.425974
GD,0,GD_cfg0_des8,8,4,15,TGGATSSPDAEAATE,1.5185052,2.0589588,0.8289,0.8666539788246155,29.986017
GD,0,GD_cfg0_des9,9,1,10,SSDGKLSLAE,0.760854,1.0353688,0.8447,0.903100311756134,2.5580747
GD,0,GD_cfg0_des9,9,2,10,STDGTLSAAE,0.760854,0.7247692,0.8447,0.903100311756134,30.255339
GD,0,GD_cfg0_des9,9,3,12,DANKDGVLDRAE,0.760854,0.79920346,0.8447,0.903100311756134,9.120399
GD,0,GD_cfg0_des9,9,4,15,EATDPAKDGVLSAAA,0.760854,0.7981993,0.8447,0.903100311756134,27.000877
GD,0,GD_cfg0_des10,10,1,10,GADGRISLAE,1.8169767,1.8210279,0.8522,0.895259439945221,23.31009
GD,0,GD_cfg0_des10,10,2,10,SNDGTLSAAE,1.8169767,1.4592439,0.8522,0.895259439945221,7.115598
GD,0,GD_cfg0_des10,10,3,12,DADGDGTLSRAE,1.8169767,1.0286322,0.8522,0.895259439945221,9.266089
GD,0,GD_cfg0_des10,10,4,15,DVSNGVSDGYLNAAE,1.8169767,3.3697443,0.8522,0.895259439945221,2.6579683
GD,0,GD_cfg0_des11,11,1,10,SSDGRISLAE,1.3181597,2.1226714,0.8535,0.8949661254882812,23.56971
GD,0,GD_cfg0_des11,11,2,10,SSDGKLSAEE,1.3181597,1.397176,0.8535,0.8949661254882812,32.160774
GD,0,GD_cfg0_des11,11,3,12,DKDGDGVLSKAE,1.3181597,1.3110747,0.8535,0.8949661254882812,24.176369
GD,0,GD_cfg0_des11,11,4,15,DAVSGSTDGVLTAAE,1.3181597,1.0958352,0.8535,0.8949661254882812,10.387366
GD,0,GD_cfg0_des12,12,1,10,SSDGKLSLAE,1.1821859,1.4352214,0.849,0.9000996947288513,23.30951
GD,0,GD_cfg0_des12,12,2,10,SDDGLLTAEE,1.1821859,1.6044745,0.849,0.9000996947288513,2.9218056
GD,0,GD_cfg0_des12,12,3,12,DADGDGKLSRAE,1.1821859,1.2135218,0.849,0.9000996947288513,24.527391
GD,0,GD_cfg0_des12,12,4,15,EAVDATKDGVISAAE,1.1821859,1.6113846,0.849,0.9000996947288513,10.508506
GD,0,GD_cfg0_des13,13,1,10,GADGRISLAE,1.1965549,2.0636818,0.8525,0.8977104425430298,23.296745
GD,0,GD_cfg0_des13,13,2,10,SSDGTLSAAE,1.1965549,0.74519044,0.8525,0.8977104425430298,2.931862
GD,0,GD_cfg0_des13,13,3,12,DKDGDGVLNKAE,1.1965549,0.8563234,0.8525,0.8977104425430298,26.96859
GD,0,GD_cfg0_des13,13,4,15,ETAAGSTDGLIDAAE,1.1965549,0.8759187,0.8525,0.8977104425430298,2.5193045
GD,0,GD_cfg0_des14,14,1,10,SSDGTISLAE,1.2076163,1.3526396,0.8529,0.9066869020462036,23.21427
GD,0,GD_cfg0_des14,14,2,10,SSDGTLSAAE,1.2076163,0.9404096,0.8529,0.9066869020462036,2.8994303
GD,0,GD_cfg0_des14,14,3,12,DTDGNGTLSRAE,1.2076163,1.1263912,0.8529,0.9066869020462036,20.920282
GD,0,GD_cfg0_des14,14,4,15,ADEAGTDGTTLDAAA,1.2076163,1.9678987,0.8529,0.9066869020462036,8.546611
GD,1,GD_cfg1_des0,0,1,10,STDGRVSLAE,1.8347837,1.9367641,0.831,0.8665583729743958,9.723798
GD,1,GD_cfg1_des0,0,2,13,DTDGSGGYLSAEE,1.8347837,0.75229573,0.831,0.8665583729743958,27.74637
GD,1,GD_cfg1_des0,0,3,14,ELDGDGNGKLNRAE,1.8347837,2.233158,0.831,0.8665583729743958,2.5677502
GD,1,GD_cfg1_des0,0,4,10,DADGDGYLSN,1.8347837,1.1505076,0.831,0.8665583729743958,29.565592
GD,1,GD_cfg1_des1,1,1,10,SSDGTLTLPE,2.208306,2.1040747,0.8414,0.8754635453224182,28.318392
GD,1,GD_cfg1_des1,1,2,13,AAADGDGKLSAEE,2.208306,1.4373624,0.8414,0.8754635453224182,2.5652256
GD,1,GD_cfg1_des1,1,3,14,DNNADGDNKLSRAE,2.208306,2.0361836,0.8414,0.8754635453224182,2.7309296
GD,1,GD_cfg1_des1,1,4,10,ETAAATTAAQ,2.208306,5.678501,0.8414,0.8754635453224182,9.309224
GD,1,GD_cfg1_des2,2,1,10,SSDGLISLAE,0.88918394,0.92266303,0.8374,0.8716663718223572,23.787165
GD,1,GD_cfg1_des2,2,2,13,DKDGDKKYLSAEE,0.88918394,1.2317742,0.8374,0.8716663718223572,9.385263
GD,1,GD_cfg1_des2,2,3,14,DLDGDSKTKLSKAE,0.88918394,0.74666715,0.8374,0.8716663718223572,24.923147
GD,1,GD_cfg1_des2,2,4,10,STSGTLTAAE,0.88918394,1.0071682,0.8374,0.8716663718223572,9.583833
GD,1,GD_cfg1_des3,3,1,10,DSGNGDRLAD,14.241166,12.850355,0.7282,0.3779696822166443,12.895382
GD,1,GD_cfg1_des3,3,2,13,DAKDKDGKLSAEE,14.241166,18.734968,0.7282,0.3779696822166443,12.406627
GD,1,GD_cfg1_des3,3,3,14,DTSAAKDGKLSRAE,14.241166,12.924464,0.7282,0.3779696822166443,8.52267
GD,1,GD_cfg1_des3,3,4,10,EATSSDPAAE,14.241166,19.773037,0.7282,0.3779696822166443,16.912498
GD,1,GD_cfg1_des4,4,1,10,SSDGTLTLAE,1.5173297,1.267591,0.836,0.8842960000038147,23.376925
GD,1,GD_cfg1_des4,4,2,13,SGKDGDGLLSAEE,1.5173297,1.621579,0.836,0.8842960000038147,2.5902069
GD,1,GD_cfg1_des4,4,3,14,DTNANGDGKLDRAE,1.5173297,2.3105736,0.836,0.8842960000038147,23.509
GD,1,GD_cfg1_des4,4,4,10,DAGASSDAAA,1.5173297,2.746089,0.836,0.8842960000038147,10.298962
GD,1,GD_cfg1_des5,5,1,10,STDGTLTLAE,1.7999188,2.238952,0.8433,0.8833911418914795,27.118505
GD,1,GD_cfg1_des5,5,2,13,DGADKDGYLSAEE,1.7999188,1.004519,0.8433,0.8833911418914795,9.070252
GD,1,GD_cfg1_des5,5,3,14,DSAADADGKLSKAE,1.7999188,1.2791702,0.8433,0.8833911418914795,23.671371
GD,1,GD_cfg1_des5,5,4,10,ADAGATDAAE,1.7999188,3.890336,0.8433,0.8833911418914795,28.739866
GD,1,GD_cfg1_des6,6,1,10,SSDGTLTLAE,1.962869,1.8239825,0.8509,0.8919016718864441,31.070213
GD,1,GD_cfg1_des6,6,2,13,DDGSRPGYLSAEE,1.962869,1.2176214,0.8509,0.8919016718864441,8.911023
GD,1,GD_cfg1_des6,6,3,14,SKDPANPNELSRAE,1.962869,1.1587164,0.8509,0.8919016718864441,23.811958
GD,1,GD_cfg1_des6,6,4,10,TTGQSTSAAA,1.962869,5.036927,0.8509,0.8919016718864441,29.504843
GD,1,GD_cfg1_des7,7,1,10,SSDGRISLAE,1.7000896,1.4257582,0.8325,0.8756595849990845,10.018243
GD,1,GD_cfg1_des7,7,2,13,SAADGDGVLSAEE,1.7000896,1.5102398,0.8325,0.8756595849990845,2.8071163
GD,1,GD_cfg1_des7,7,3,14,DLDKNGDGKLSRAE,1.7000896,2.6029353,0.8325,0.8756595849990845,3.0879202
GD,1,GD_cfg1_des7,7,4,10,STDGVLTAAE,1.7000896,1.9200372,0.8325,0.8756595849990845,10.142945
GD,1,GD_cfg1_des8,8,1,10,STDGTLTLAE,2.7163277,2.917081,0.8375,0.8749980330467224,23.787012
GD,1,GD_cfg1_des8,8,2,13,DKDGDGTSLSAEE,2.7163277,1.497407,0.8375,0.8749980330467224,5.6151047
GD,1,GD_cfg1_des8,8,3,14,DLDGDGDGKLSRAE,2.7163277,2.801746,0.8375,0.8749980330467224,2.746175
GD,1,GD_cfg1_des8,8,4,10,SGAAATDAAE,2.7163277,6.0100093,0.8375,0.8749980330467224,9.659278
GD,1,GD_cfg1_des9,9,1,10,STDGTLTLAE,1.915393,1.8125129,0.8437,0.8880835771560669,22.965525
GD,1,GD_cfg1_des9,9,2,13,DAADGDGLLSAEE,1.915393,1.4119246,0.8437,0.8880835771560669,9.954707
GD,1,GD_cfg1_des9,9,3,14,STGKTDPNKLDRAE,1.915393,1.0826422,0.8437,0.8880835771560669,23.619812
GD,1,GD_cfg1_des9,9,4,10,TDGASSDAAG,1.915393,5.222999,0.8437,0.8880835771560669,29.096365
GD,1,GD_cfg1_des10,10,1,10,SSDGTLTLAE,2.0162811,2.098879,0.8513,0.8946533203125,2.710211
GD,1,GD_cfg1_des10,10,2,13,SSKDGDGLLSAEE,2.0162811,1.5021983,0.8513,0.8946533203125,2.648336
GD,1,GD_cfg1_des10,10,3,14,EDPADQDGKLSRAE,2.0162811,1.5864275,0.8513,0.8946533203125,2.7615678
GD,1,GD_cfg1_des10,10,4,10,TAGQATDAAA,2.0162811,5.1121287,0.8513,0.8946533203125,28.517374
GD,1,GD_cfg1_des11,11,1,10,STDGTLTLAE,5.540416,5.5159845,0.7925,0.7663943767547607,23.319456
GD,1,GD_cfg1_des11,11,2,13,DKDGDGTSLSAEE,5.540416,1.9790741,0.7925,0.7663943767547607,6.5058303
GD,1,GD_cfg1_des11,11,3,14,DDGKDGDGKLSRAE,5.540416,5.3435698,0.7925,0.7663943767547607,23.849508
GD,1,GD_cfg1_des11,11,4,10,RAGLTDDAAE,5.540416,8.722601,0.7925,0.7663943767547607,24.170317
GD,1,GD_cfg1_des12,12,1,10,SSDGTLTLAE,1.5268943,1.4063144,0.8393,0.8724002242088318,23.463081
GD,1,GD_cfg1_des12,12,2,13,DKSKSDGKLSAEE,1.5268943,1.6169275,0.8393,0.8724002242088318,2.6882398
GD,1,GD_cfg1_des12,12,3,14,DLNKDGDGTLDKAE,1.5268943,0.96239763,0.8393,0.8724002242088318,23.418734
GD,1,GD_cfg1_des12,12,4,10,DVPGLSDAEE,1.5268943,3.093495,0.8393,0.8724002242088318,3.7207782
GD,1,GD_cfg1_des13,13,1,10,STDGRISLAE,1.7649574,1.571652,0.8357,0.8842588067054749,24.132853
GD,1,GD_cfg1_des13,13,2,13,DKDKTDGKLSAEE,1.7649574,1.1038686,0.8357,0.8842588067054749,27.14946
GD,1,GD_cfg1_des13,13,3,14,DLDGDGDGALSRAE,1.7649574,2.5712051,0.8357,0.8842588067054749,23.956734
GD,1,GD_cfg1_des13,13,4,10,SSDGLISAAE,1.7649574,1.4956746,0.8357,0.8842588067054749,26.360456
GD,1,GD_cfg1_des14,14,1,10,TTDGTLTLAE,1.7056464,1.7128532,0.8453,0.8814369440078735,25.174887
GD,1,GD_cfg1_des14,14,2,13,SAADGDGKLTAEE,1.7056464,1.1588838,0.8453,0.8814369440078735,28.357637
GD,1,GD_cfg1_des14,14,3,14,DYDKDGDGALSKAE,1.7056464,2.7769055,0.8453,0.8814369440078735,2.422481
GD,1,GD_cfg1_des14,14,4,10,DATSSDDAAA,1.7056464,1.5169429,0.8453,0.8814369440078735,30.078836
GD,2,GD_cfg2_des0,0,1,12,DFDGDGVIDLAE,1.8676069,1.2399483,0.8297,0.8608317375183105,2.4066129
GD,2,GD_cfg2_des0,0,2,15,AKDGADLVGAEAVAE,1.8676069,3.4502487,0.8297,0.8608317375183105,29.698456
GD,2,GD_cfg2_des0,0,3,12,DANGDGGLSRAE,1.8676069,1.8080878,0.8297,0.8608317375183105,14.048184
GD,2,GD_cfg2_des0,0,4,10,SSDGKLTAAE,1.8676069,1.0382278,0.8297,0.8608317375183105,27.000906
GD,2,GD_cfg2_des1,1,1,12,DANGDGVLTLAE,2.0957406,2.1989071,0.8249,0.8578711748123169,29.641945
GD,2,GD_cfg2_des1,1,2,15,SNGAASLTWEEAIEE,2.0957406,1.7201824,0.8249,0.8578711748123169,6.083344
GD,2,GD_cfg2_des1,1,3,12,DTNKDGTLSRAE,2.0957406,0.68902355,0.8249,0.8578711748123169,2.3738956
GD,2,GD_cfg2_des1,1,4,10,EAAGATTAAA,2.0957406,3.4929943,0.8249,0.8578711748123169,9.972972
GD,2,GD_cfg2_des2,2,1,12,DADGDGVISLAE,1.3712552,0.9535717,0.8346,0.8837094306945801,2.435057
GD,2,GD_cfg2_des2,2,2,15,DPDGGVLSAADAVAE,1.3712552,2.3106945,0.8346,0.8837094306945801,29.599981
GD,2,GD_cfg2_des2,2,3,12,DANGDGNISRAE,1.3712552,0.90314126,0.8346,0.8837094306945801,2.427604
GD,2,GD_cfg2_des2,2,4,10,SSDGTLTAAE,1.3712552,0.9206614,0.8346,0.8837094306945801,31.078249
GD,2,GD_cfg2_des3,3,1,12,DLDGDGVLNLAE,2.1789262,1.4928486,0.8315,0.8421118855476379,23.052813
GD,2,GD_cfg2_des3,3,2,15,SGGAGSFSAADVAGE,2.1789262,2.0738778,0.8315,0.8421118855476379,9.852595
GD,2,GD_cfg2_des3,3,3,12,DTDGDGGLTRAE,2.1789262,1.2006376,0.8315,0.8421118855476379,24.572805
GD,2,GD_cfg2_des3,3,4,10,DNPALSSAAE,2.1789262,5.236737,0.8315,0.8421118855476379,9.400521
GD,2,GD_cfg2_des4,4,1,12,DADGDGVLSLAE,5.2459674,2.130329,0.7759,0.7635607719421387,23.292877
GD,2,GD_cfg2_des4,4,2,15,DVNGSGRFTADEADE,5.2459674,4.5915337,0.7759,0.7635607719421387,4.2453275
GD,2,GD_cfg2_des4,4,3,12,DANGDGALDRAE,5.2459674,1.5126294,0.7759,0.7635607719421387,27.087816
GD,2,GD_cfg2_des4,4,4,10,DDPSLSSAAE,5.2459674,7.2160516,0.7759,0.7635607719421387,9.917182
GD,2,GD_cfg2_des5,5,1,12,DADGDGVLSLAE,1.1726252,0.94980866,0.8368,0.8885546326637268,23.549189
GD,2,GD_cfg2_des5,5,2,15,DKDKTGVFGSNAADE,1.1726252,1.0580392,0.8368,0.8885546326637268,2.8646605
GD,2,GD_cfg2_des5,5,3,12,DANGDGSISRAE,1.1726252,0.7348956,0.8368,0.8885546326637268,26.274817
GD,2,GD_cfg2_des5,5,4,10,EAVGGSSAAE,1.1726252,2.6400728,0.8368,0.8885546326637268,9.92502
GD,2,GD_cfg2_des6,6,1,12,DFDGDGVLTLAE,1.627035,1.4065535,0.8357,0.8728264570236206,23.438772
GD,2,GD_cfg2_des6,6,2,15,DKDGNGVFTASEADE,1.627035,3.068905,0.8357,0.8728264570236206,2.3831923
GD,2,GD_cfg2_des6,6,3,12,DADGDGSLSRAE,1.627035,1.0773857,0.8357,0.8728264570236206,24.13666
GD,2,GD_cfg2_des6,6,4,10,DVDGDGKNPD,1.627035,1.3008444,0.8357,0.8728264570236206,10.194157
GD,2,GD_cfg2_des7,7,1,12,DFDGDGVISLAE,1.9656686,1.5734382,0.8412,0.888774037361145,2.3846805
GD,2,GD_cfg2_des7,7,2,15,SGGAGSFSASDAVAE,1.9656686,3.3999417,0.8412,0.888774037361145,29.129402
GD,2,GD_cfg2_des7,7,3,12,DANGDGSISRAE,1.9656686,1.0488056,0.8412,0.888774037361145,2.4096391
GD,2,GD_cfg2_des7,7,4,10,AADGAITAAE,1.9656686,1.3224448,0.8412,0.888774037361145,7.455711
GD,2,GD_cfg2_des8,8,1,12,DLDGDGVLTLAE,2.5745082,1.6809545,0.8416,0.860455334186554,24.267723
GD,2,GD_cfg2_des8,8,2,15,DTDGDGVLNAADPSE,2.5745082,2.1096504,0.8416,0.860455334186554,9.560327
GD,2,GD_cfg2_des8,8,3,12,DANGDGKLSRAE,2.5745082,1.5396805,0.8416,0.860455334186554,26.434685
GD,2,GD_cfg2_des8,8,4,10,DVPGKTDAEE,2.5745082,5.655875,0.8416,0.860455334186554,9.707595
GD,2,GD_cfg2_des9,9,1,12,DFDGDGVLSLAE,2.9838433,2.4695468,0.8037,0.830152690410614,23.120012
GD,2,GD_cfg2_des9,9,2,15,RTDGSEEDPAADAAE,2.9838433,5.5048356,0.8037,0.830152690410614,3.9203298
GD,2,GD_cfg2_des9,9,3,12,DANGDGGLSRAE,2.9838433,1.5225292,0.8037,0.830152690410614,28.468071
GD,2,GD_cfg2_des9,9,4,10,EATSSDTAAE,2.9838433,3.6598241,0.8037,0.830152690410614,10.482011
GD,2,GD_cfg2_des10,10,1,12,DFDGDGKLSLAE,2.1733983,1.6432631,0.8313,0.8702292442321777,23.433493
GD,2,GD_cfg2_des10,10,2,15,DKNGNGVITAAEKDE,2.1733983,2.6452196,0.8313,0.8702292442321777,2.410589
GD,2,GD_cfg2_des10,10,3,12,DTNGDGSLSRAE,2.1733983,1.3321023,0.8313,0.8702292442321777,26.858892
GD,2,GD_cfg2_des10,10,4,10,TDGQTDDAAA,2.1733983,4.7340283,0.8313,0.8702292442321777,9.21543
GD,2,GD_cfg2_des11,11,1,12,DFDGDGKLSLAE,1.3152385,1.2997243,0.8119,0.8742255568504333,23.653105
GD,2,GD_cfg2_des11,11,2,15,DTDGNGKLGGEHAEE,1.3152385,1.7370406,0.8119,0.8742255568504333,9.631745
GD,2,GD_cfg2_des11,11,3,12,DANGDGTLDRAE,1.3152385,0.9909818,0.8119,0.8742255568504333,24.258627
GD,2,GD_cfg2_des11,11,4,10,DDPSKSSAEE,1.3152385,0.9873691,0.8119,0.8742255568504333,10.820922
GD,2,GD_cfg2_des12,12,1,12,DADGDGVISLAE,0.67902863,0.5864869,0.8423,0.8898518681526184,23.332932
GD,2,GD_cfg2_des12,12,2,15,DKDKSGTLGGDDPDS,0.67902863,0.9369444,0.8423,0.8898518681526184,7.464186
GD,2,GD_cfg2_des12,12,3,12,DANGDGTLSRAE,0.67902863,0.8394097,0.8423,0.8898518681526184,23.536642
GD,2,GD_cfg2_des12,12,4,10,APSGTLSAAE,0.67902863,0.5481407,0.8423,0.8898518681526184,29.63199
GD,2,GD_cfg2_des13,13,1,12,DLDGNGVIDLAE,1.0507287,0.88821775,0.8487,0.8962194323539734,25.694513
GD,2,GD_cfg2_des13,13,2,15,SNGETYLSGEEAVKE,1.0507287,1.303003,0.8487,0.8962194323539734,5.17306
GD,2,GD_cfg2_des13,13,3,12,DANGDGGIDRAE,1.0507287,0.78293705,0.8487,0.8962194323539734,2.4280217
GD,2,GD_cfg2_des13,13,4,10,STTGALTAAE,1.0507287,1.0162051,0.8487,0.8962194323539734,9.57576
GD,2,GD_cfg2_des14,14,1,12,DLDGDGVLSLAE,3.5228474,2.5094423,0.7948,0.7616406679153442,23.213242
GD,2,GD_cfg2_des14,14,2,15,DKNGDGKITYSEIDE,3.5228474,3.2588446,0.7948,0.7616406679153442,2.4217517
GD,2,GD_cfg2_des14,14,3,12,DANGDGSITRAE,3.5228474,1.6616029,0.7948,0.7616406679153442,24.783495
GD,2,GD_cfg2_des14,14,4,10,EAGQASSAAA,3.5228474,4.286201,0.7948,0.7616406679153442,10.247632
GD,3,GD_cfg3_des0,0,1,15,DADGNGVLEAGGLAE,2.0256588,3.7898183,0.8361,0.8701624870300293,2.6092956
GD,3,GD_cfg3_des0,0,2,14,DAAGNGDGVLSAAE,2.0256588,1.0227705,0.8361,0.8701624870300293,29.22004
GD,3,GD_cfg3_des0,0,3,10,SADGKLNRAE,2.0256588,1.9624677,0.8361,0.8701624870300293,2.6202989
GD,3,GD_cfg3_des0,0,4,12,DLNGDGTLTAAE,2.0256588,1.7752035,0.8361,0.8701624870300293,30.109802
GD,3,GD_cfg3_des1,1,1,15,DFADAAGDGYISLAE,3.0697734,4.168387,0.8122,0.8170424699783325,23.642487
GD,3,GD_cfg3_des1,1,2,14,DPDGVSTEAEAIEE,3.0697734,4.0550084,0.8122,0.8170424699783325,13.287011
GD,3,GD_cfg3_des1,1,3,10,RKGSKFTKAE,3.0697734,3.8206396,0.8122,0.8170424699783325,24.07398
GD,3,GD_cfg3_des1,1,4,12,DANGDGKLSAAE,3.0697734,0.43379977,0.8122,0.8170424699783325,9.469165
GD,3,GD_cfg3_des2,2,1,15,SGYDADGDGTIDLAE,2.2025764,3.2520947,0.8551,0.9062497019767761,2.3986785
GD,3,GD_cfg3_des2,2,2,14,EAAGDGSGKLSAAE,2.2025764,1.5704198,0.8551,0.9062497019767761,27.472746
GD,3,GD_cfg3_des2,2,3,10,SADGTLSRAE,2.2025764,1.7855802,0.8551,0.9062497019767761,2.7928944
GD,3,GD_cfg3_des2,2,4,12,DTNGDGKLTAAE,2.2025764,0.828935,0.8551,0.9062497019767761,2.3485475
GD,3,GD_cfg3_des3,3,1,15,QSPATRGDGVITLAE,2.6904616,4.298368,0.8137,0.7948424220085144,10.017114
GD,3,GD_cfg3_des3,3,2,14,DKDGTLTDAARAEE,2.6904616,3.4900815,0.8137,0.7948424220085144,28.164793
GD,3,GD_cfg3_des3,3,3,10,DVPGVSARDE,2.6904616,1.5579854,0.8137,0.7948424220085144,28.036308
GD,3,GD_cfg3_des3,3,4,12,DTDGSGALDAAE,2.6904616,1.147356,0.8137,0.7948424220085144,13.630858
GD,3,GD_cfg3_des4,4,1,15,DTADGDGSGQIDLAE,3.5327613,4.455424,0.828,0.8546033501625061,23.594152
GD,3,GD_cfg3_des4,4,2,14,NPDGDTSGAAQAAE,3.5327613,5.206208,0.828,0.8546033501625061,10.110894
GD,3,GD_cfg3_des4,4,3,10,TTDGGLSRAE,3.5327613,4.19545,0.828,0.8546033501625061,24.354849
GD,3,GD_cfg3_des4,4,4,12,DTDGSGVLSAAE,3.5327613,1.3330071,0.828,0.8546033501625061,9.828793
GD,3,GD_cfg3_des5,5,1,15,DSGDNGGDGTISLAE,3.5189662,4.6813726,0.8059,0.7452378273010254,22.504526
GD,3,GD_cfg3_des5,5,2,14,DPDGSSSRDEAIEE,3.5189662,3.2446358,0.8059,0.7452378273010254,27.822329
GD,3,GD_cfg3_des5,5,3,10,QTGSGLTRAE,3.5189662,5.53344,0.8059,0.7452378273010254,22.520792
GD,3,GD_cfg3_des5,5,4,12,DTNGDGVLDAAE,3.5189662,1.7480359,0.8059,0.7452378273010254,7.7256446
GD,3,GD_cfg3_des6,6,1,15,DRYGAVDDGRISLAE,2.6127703,5.6965294,0.8265,0.8629978895187378,26.874765
GD,3,GD_cfg3_des6,6,2,14,NQDGDGSGVLTAAE,2.6127703,1.3253623,0.8265,0.8629978895187378,2.7352924
GD,3,GD_cfg3_des6,6,3,10,SPSGKLSRAE,2.6127703,2.2636704,0.8265,0.8629978895187378,27.968008
GD,3,GD_cfg3_des6,6,4,12,DANGDGVLTAAE,2.6127703,1.7574438,0.8265,0.8629978895187378,2.419893
GD,3,GD_cfg3_des7,7,1,15,TGADAAGDGKISLAE,2.6771572,4.2637515,0.854,0.9026431441307068,9.794509
GD,3,GD_cfg3_des7,7,2,14,ATLGDGDGVLSAEE,2.6771572,2.4315217,0.854,0.9026431441307068,26.988283
GD,3,GD_cfg3_des7,7,3,10,SDDGKLNRAE,2.6771572,2.3962655,0.854,0.9026431441307068,2.7476168
GD,3,GD_cfg3_des7,7,4,12,DANGDGVLDAAE,2.6771572,1.5863036,0.854,0.9026431441307068,31.218864
GD,3,GD_cfg3_des8,8,1,15,DVANANGDGKISLAE,2.507901,3.865297,0.8455,0.8823077082633972,9.370931
GD,3,GD_cfg3_des8,8,2,14,ATLVDGDGKLSAEE,2.507901,2.4694123,0.8455,0.8823077082633972,2.9536371
GD,3,GD_cfg3_des8,8,3,10,DPDGALTRAE,2.507901,2.0737472,0.8455,0.8823077082633972,2.6192214
GD,3,GD_cfg3_des8,8,4,12,DLNGDGVLSAAE,2.507901,1.3193462,0.8455,0.8823077082633972,9.225793
GD,3,GD_cfg3_des9,9,1,15,DIANANGDGRISLAE,2.8209963,4.386011,0.8117,0.8017752766609192,23.065912
GD,3,GD_cfg3_des9,9,2,14,NPDKTYSGADVIAE,2.8209963,3.1029713,0.8117,0.8017752766609192,30.257965
GD,3,GD_cfg3_des9,9,3,10,CTGSGLTRAE,2.8209963,2.7708702,0.8117,0.8017752766609192,23.506735
GD,3,GD_cfg3_des9,9,4,12,DANGDGYISAAE,2.8209963,0.9401068,0.8117,0.8017752766609192,2.4364758
GD,3,GD_cfg3_des10,10,1,15,DDGDNGGDGRISLAE,2.2162244,2.0396476,0.8138,0.8030580282211304,3.139918
GD,3,GD_cfg3_des10,10,2,14,DPDGVSTRAEAIEE,2.2162244,2.9295373,0.8138,0.8030580282211304,28.507105
GD,3,GD_cfg3_des10,10,3,10,MTSSNFTRAE,2.2162244,3.2935965,0.8138,0.8030580282211304,14.395219
GD,3,GD_cfg3_des10,10,4,12,DANGDGYLDAAE,2.2162244,1.083846,0.8138,0.8030580282211304,8.722538
GD,3,GD_cfg3_des11,11,1,15,DSGDDGDPNKISLAE,5.732954,1.9879284,0.8431,0.8693731427192688,22.34398
GD,3,GD_cfg3_des11,11,2,14,DPDGVSSFAEAVEE,5.732954,7.853037,0.8431,0.8693731427192688,27.326406
GD,3,GD_cfg3_des11,11,3,10,TSGDSLDRAE,5.732954,7.8598137,0.8431,0.8693731427192688,23.775717
GD,3,GD_cfg3_des11,11,4,12,DTNGDGVISAAE,5.732954,1.2703918,0.8431,0.8693731427192688,2.3468502
GD,3,GD_cfg3_des12,12,1,15,DLDGDGAISGAGLTE,12.307934,16.14309,0.7724,0.5416377186775208,12.877646
GD,3,GD_cfg3_des12,12,2,14,DPAGSSTTAEAIAE,12.307934,12.522983,0.7724,0.5416377186775208,18.504028
GD,3,GD_cfg3_des12,12,3,10,SADGGLNRAE,12.307934,18.00978,0.7724,0.5416377186775208,22.868912
GD,3,GD_cfg3_des12,12,4,12,DTNGDGVLNAAE,12.307934,9.457273,0.7724,0.5416377186775208,12.396388
GD,3,GD_cfg3_des13,13,1,15,DLDNADGDGKIDLAE,2.724351,4.3816886,0.8181,0.8516696095466614,2.7081087
GD,3,GD_cfg3_des13,13,2,14,DPDKDYTWASSVAE,2.724351,2.019505,0.8181,0.8516696095466614,27.940706
GD,3,GD_cfg3_des13,13,3,10,RTGSTFNRAE,2.724351,2.4138494,0.8181,0.8516696095466614,22.56053
GD,3,GD_cfg3_des13,13,4,12,DTNGDGKISAAE,2.724351,0.7441432,0.8181,0.8516696095466614,32.07152
GD,3,GD_cfg3_des14,14,1,15,DIDDAAGLGQISLAE,14.816026,18.260681,0.7845,0.6298940777778625,24.47203
GD,3,GD_cfg3_des14,14,2,14,NAGTNGDGKLSAEE,14.816026,16.608727,0.7845,0.6298940777778625,3.2857049
GD,3,GD_cfg3_des14,14,3,10,SSDGKLSRAE,14.816026,20.114584,0.7845,0.6298940777778625,23.492556
GD,3,GD_cfg3_des14,14,4,12,DANGDGYIDAAE,14.816026,15.94828,0.7845,0.6298940777778625,22.034586
GD,4,GD_cfg4_des0,0,1,11,SDGDGYISLAE,0.9513695,0.88602585,0.8451,0.8974773287773132,8.57652
GD,4,GD_cfg4_des0,0,2,13,DKDGDGTALSAEE,0.9513695,1.4286591,0.8451,0.8974773287773132,27.170456
GD,4,GD_cfg4_des0,0,3,12,DKDGDGKLSRAE,0.9513695,1.0377562,0.8451,0.8974773287773132,9.456955
GD,4,GD_cfg4_des0,0,4,15,EVADGDGDGKLSAAG,0.9513695,0.9953283,0.8451,0.8974773287773132,27.473572
GD,4,GD_cfg4_des1,1,1,11,SDGDGTIDLAE,1.3077288,1.4837564,0.8524,0.8987459540367126,2.9059184
GD,4,GD_cfg4_des1,1,2,13,SAADGDGVLSAEE,1.3077288,1.1493976,0.8524,0.8987459540367126,31.08435
GD,4,GD_cfg4_des1,1,3,12,DKNGDGKLSRAE,1.3077288,1.1971649,0.8524,0.8987459540367126,9.472196
GD,4,GD_cfg4_des1,1,4,15,EAADAAPDGTLSAAA,1.3077288,1.4500612,0.8524,0.8987459540367126,27.028128
GD,4,GD_cfg4_des2,2,1,11,SDGDGRISLAE,1.3045939,1.2825723,0.8475,0.8961106538772583,23.434835
GD,4,GD_cfg4_des2,2,2,13,VKADGDGKLSAEE,1.3045939,2.2211912,0.8475,0.8961106538772583,2.7550313
GD,4,GD_cfg4_des2,2,3,12,DKDKDGKLSKAE,1.3045939,1.3898468,0.8475,0.8961106538772583,24.155478
GD,4,GD_cfg4_des2,2,4,15,EAVGGDGDGVLSAAE,1.3045939,1.0193465,0.8475,0.8961106538772583,2.481325
GD,4,GD_cfg4_des3,3,1,11,SDGDGKISLAE,0.99551994,0.93443406,0.8601,0.9002981185913086,2.8467858
GD,4,GD_cfg4_des3,3,2,13,SKADGDGKLSAEE,0.99551994,1.0936145,0.8601,0.9002981185913086,29.962082
GD,4,GD_cfg4_des3,3,3,12,DKDGDGKLNKAE,0.99551994,0.97915834,0.8601,0.9002981185913086,8.847616
GD,4,GD_cfg4_des3,3,4,15,TADSPDGDGLIDATS,0.99551994,1.5305283,0.8601,0.9002981185913086,26.121094
GD,4,GD_cfg4_des4,4,1,11,SDGSGKISLAE,1.382187,1.7065977,0.852,0.9004531502723694,8.266893
GD,4,GD_cfg4_des4,4,2,13,DSKNKDGYLSAEE,1.382187,1.7782015,0.852,0.9004531502723694,30.57229
GD,4,GD_cfg4_des4,4,3,12,DKNGDGKLSRAE,1.382187,1.3026023,0.852,0.9004531502723694,10.015559
GD,4,GD_cfg4_des4,4,4,15,AAVDPAGDGYLSAAE,1.382187,1.3669446,0.852,0.9004531502723694,27.26687
GD,4,GD_cfg4_des5,5,1,11,GPASGTISLAE,1.7253348,1.755219,0.8392,0.8712407350540161,10.06166
GD,4,GD_cfg4_des5,5,2,13,VAADGDGYLSAEE,1.7253348,0.7309677,0.8392,0.8712407350540161,35.189503
GD,4,GD_cfg4_des5,5,3,12,DADGDGKLSRAE,1.7253348,0.8015859,0.8392,0.8712407350540161,9.434031
GD,4,GD_cfg4_des5,5,4,15,NPGDDGADGVLTAAE,1.7253348,3.6278555,0.8392,0.8712407350540161,27.437967
GD,4,GD_cfg4_des6,6,1,11,SDGSGTISLAE,1.2697526,2.0624948,0.8452,0.8900011777877808,24.148163
GD,4,GD_cfg4_des6,6,2,13,DTDGVDGKLSAEE,1.2697526,1.3356462,0.8452,0.8900011777877808,8.766318
GD,4,GD_cfg4_des6,6,3,12,DKDGDGKLNRAE,1.2697526,1.2618121,0.8452,0.8900011777877808,27.220398
GD,4,GD_cfg4_des6,6,4,15,EATDGDGDGVISAAA,1.2697526,1.3715388,0.8452,0.8900011777877808,2.4585412
GD,4,GD_cfg4_des7,7,1,11,SDGDGTISLAE,1.2999529,1.5571457,0.8538,0.9106079936027527,3.4867268
GD,4,GD_cfg4_des7,7,2,13,DAPDGDGKLTAEE,1.2999529,1.2988485,0.8538,0.9106079936027527,27.182236
GD,4,GD_cfg4_des7,7,3,12,DANGDGALSRAE,1.2999529,1.1343216,0.8538,0.9106079936027527,9.577386
GD,4,GD_cfg4_des7,7,4,15,TAACPTKDGKIDATA,1.2999529,2.2857447,0.8538,0.9106079936027527,26.92227
GD,4,GD_cfg4_des8,8,1,11,DDGSGAISLAE,1.2920712,1.4143397,0.8541,0.8971371054649353,8.374576
GD,4,GD_cfg4_des8,8,2,13,DKDGDGKTLSAEE,1.2920712,1.4307042,0.8541,0.8971371054649353,26.887655
GD,4,GD_cfg4_des8,8,3,12,DKDGDGKLSRAE,1.2920712,1.5151697,0.8541,0.8971371054649353,9.424155
GD,4,GD_cfg4_des8,8,4,15,TAAGATGDGTLDAAE,1.2920712,1.6005086,0.8541,0.8971371054649353,26.608664
GD,4,GD_cfg4_des9,9,1,11,DDGSGKISLAE,1.9427092,2.6461728,0.8551,0.9064891934394836,10.128211
GD,4,GD_cfg4_des9,9,2,13,AAVDGDGVLSAEE,1.9427092,0.97580713,0.8551,0.9064891934394836,27.504702
GD,4,GD_cfg4_des9,9,3,12,DANGDGKLNRAE,1.9427092,1.4139566,0.8551,0.9064891934394836,2.3200138
GD,4,GD_cfg4_des9,9,4,15,DATGPAQDGLLDAAE,1.9427092,1.4899908,0.8551,0.9064891934394836,30.069304
GD,4,GD_cfg4_des10,10,1,11,SDGDGRLTLAE,1.5277486,2.219682,0.8351,0.8694187998771667,24.63385
GD,4,GD_cfg4_des10,10,2,13,TAADGDGYLSAEE,1.5277486,1.2427912,0.8351,0.8694187998771667,3.9009392
GD,4,GD_cfg4_des10,10,3,12,DKNGDGKLNKAE,1.5277486,1.4310726,0.8351,0.8694187998771667,2.5479496
GD,4,GD_cfg4_des10,10,4,15,TGGATSSSNAAAATE,1.5277486,1.8745496,0.8351,0.8694187998771667,8.291104
GD,4,GD_cfg4_des11,11,1,11,DDGSGTISRAE,1.7192862,2.0109646,0.8484,0.8939996957778931,2.5027256
GD,4,GD_cfg4_des11,11,2,13,AAADGSGKLSAEE,1.7192862,1.2009237,0.8484,0.8939996957778931,29.790545
GD,4,GD_cfg4_des11,11,3,12,DANGDGVLSRAE,1.7192862,1.4335319,0.8484,0.8939996957778931,9.573313
GD,4,GD_cfg4_des11,11,4,15,EAASGVADGTLDAAE,1.7192862,1.6560144,0.8484,0.8939996957778931,26.566172
GD,4,GD_cfg4_des12,12,1,11,SDGDGTISLAE,1.6550807,1.4456892,0.8467,0.8862660527229309,9.790162
GD,4,GD_cfg4_des12,12,2,13,SVANGDGKLSAEE,1.6550807,0.8493421,0.8467,0.8862660527229309,30.022715
GD,4,GD_cfg4_des12,12,3,12,DANKDGKLSRAE,1.6550807,1.0893294,0.8467,0.8862660527229309,2.3334162
GD,4,GD_cfg4_des12,12,4,15,SGEAATDSATLSAAE,1.6550807,2.9540224,0.8467,0.8862660527229309,8.312097
GD,4,GD_cfg4_des13,13,1,11,SDGSGKLSLAE,1.1419555,1.5612938,0.8625,0.9104246497154236,10.127772
GD,4,GD_cfg4_des13,13,2,13,DKADGDGKLSAEE,1.1419555,1.0529066,0.8625,0.9104246497154236,29.913223
GD,4,GD_cfg4_des13,13,3,12,DKDGDGKLSKAE,1.1419555,1.3300554,0.8625,0.9104246497154236,2.397039
GD,4,GD_cfg4_des13,13,4,15,EATGGDGDGVLSAAE,1.1419555,1.3696651,0.8625,0.9104246497154236,29.44818
GD,4,GD_cfg4_des14,14,1,11,SDGSGKISLAE,1.7952223,2.1585088,0.8536,0.8970618844032288,23.21122
GD,4,GD_cfg4_des14,14,2,13,SAADGDGVLSAEE,1.7952223,1.3656693,0.8536,0.8970618844032288,2.6227303
GD,4,GD_cfg4_des14,14,3,12,DANGDGKLSRAE,1.7952223,1.4820389,0.8536,0.8970618844032288,25.743607
GD,4,GD_cfg4_des14,14,4,15,EAADAAKDGKLDAAA,1.7952223,1.540082,0.8536,0.8970618844032288,3.4700305
TB,0,TB_cfg0_des0,0,1,10,DDGVTGDLAE,3.3639503,7.659403,0.8177,0.8447104096412659,23.232283
TB,0,TB_cfg0_des0,0,2,13,DTNGDGGVLSAEE,3.3639503,1.979948,0.8177,0.8447104096412659,30.903852
TB,0,TB_cfg0_des0,0,3,10,DPSGKLSRAE,3.3639503,1.9235212,0.8177,0.8447104096412659,21.556128
TB,0,TB_cfg0_des0,0,4,15,GFTAAREPAAEAAAE,3.3639503,0.8799547,0.8177,0.8447104096412659,14.7763405
TB,0,TB_cfg0_des1,1,1,10,STDGRISLAE,1.941246,3.5093477,0.8493,0.9080156683921814,23.277517
TB,0,TB_cfg0_des1,1,2,13,NAADGDGLLSAEE,1.941246,1.6854095,0.8493,0.9080156683921814,2.51499
TB,0,TB_cfg0_des1,1,3,10,SSDGKLSRAE,1.941246,1.9646119,0.8493,0.9080156683921814,26.910254
TB,0,TB_cfg0_des1,1,4,15,DAVDGDNDGVLSAAE,1.941246,1.5455822,0.8493,0.9080156683921814,2.4342523
TB,0,TB_cfg0_des2,2,1,10,SSDGRISLAE,1.7110786,2.8069458,0.8639,0.9111059308052063,3.8658197
TB,0,TB_cfg0_des2,2,2,13,AAADGDGVLSAEE,1.7110786,1.6109139,0.8639,0.9111059308052063,29.161009
TB,0,TB_cfg0_des2,2,3,10,SSSGTLSRAE,1.7110786,2.1095903,0.8639,0.9111059308052063,23.732271
TB,0,TB_cfg0_des2,2,4,15,DATGGDNDGLIDAAE,1.7110786,1.3919615,0.8639,0.9111059308052063,11.515053
TB,0,TB_cfg0_des3,3,1,10,SDGGGLSLAE,5.7701178,6.396203,0.8132,0.8205980658531189,17.271896
TB,0,TB_cfg0_des3,3,2,13,DKDPADGVLTAEE,5.7701178,3.1721017,0.8132,0.8205980658531189,10.849534
TB,0,TB_cfg0_des3,3,3,10,DPSGTLSRAE,5.7701178,4.302437,0.8132,0.8205980658531189,9.479011
TB,0,TB_cfg0_des3,3,4,15,TGGDTADDAADAAAE,5.7701178,9.413356,0.8132,0.8205980658531189,17.281586
TB,0,TB_cfg0_des4,4,1,10,SSDGKISLAE,3.0029228,1.2059256,0.8167,0.7801920771598816,4.442453
TB,0,TB_cfg0_des4,4,2,13,SDGSTTLEAEKEE,3.0029228,5.319583,0.8167,0.7801920771598816,25.62661
TB,0,TB_cfg0_des4,4,3,10,LTGSSLTRAE,3.0029228,2.5836039,0.8167,0.7801920771598816,25.89862
TB,0,TB_cfg0_des4,4,4,15,VATGADKDGVLSAAE,3.0029228,1.879891,0.8167,0.7801920771598816,27.263681
TB,0,TB_cfg0_des5,5,1,10,STDGRISLAE,1.9283404,2.8821197,0.8489,0.8978768587112427,24.363516
TB,0,TB_cfg0_des5,5,2,13,AAPDGSGRLSAEE,1.9283404,2.3893497,0.8489,0.8978768587112427,3.1494796
TB,0,TB_cfg0_des5,5,3,10,SDDGTLSRAE,1.9283404,2.0075,0.8489,0.8978768587112427,27.329615
TB,0,TB_cfg0_des5,5,4,15,EADGPDGSGLIDAAE,1.9283404,1.6341519,0.8489,0.8978768587112427,2.5650096
TB,0,TB_cfg0_des6,6,1,10,ASGDTLTLAE,1.3685323,1.0203367,0.8463,0.8909161686897278,23.290964
TB,0,TB_cfg0_des6,6,2,13,AAADGDGVLSAEE,1.3685323,1.0440638,0.8463,0.8909161686897278,33.746887
TB,0,TB_cfg0_des6,6,3,10,SDDGKLSRAE,1.3685323,1.6923989,0.8463,0.8909161686897278,28.9014
TB,0,TB_cfg0_des6,6,4,15,TGGATELSRAEGTAE,1.3685323,2.0547814,0.8463,0.8909161686897278,29.970757
TB,0,TB_cfg0_des7,7,1,10,GSDGTLSLAE,1.7610275,1.8236367,0.8427,0.8867536187171936,24.648046
TB,0,TB_cfg0_des7,7,2,13,SDGANGGRLTAEE,1.7610275,1.7995398,0.8427,0.8867536187171936,33.79091
TB,0,TB_cfg0_des7,7,3,10,SADGELSRAE,1.7610275,1.9138572,0.8427,0.8867536187171936,26.287367
TB,0,TB_cfg0_des7,7,4,15,STGADPATDPLDAAE,1.7610275,2.4243288,0.8427,0.8867536187171936,9.391907
TB,0,TB_cfg0_des8,8,1,10,STDGAISLAE,1.1419991,1.1761476,0.8393,0.9075039625167847,23.247248
TB,0,TB_cfg0_des8,8,2,13,SAADGDGVLTAEE,1.1419991,1.5350627,0.8393,0.9075039625167847,30.62828
TB,0,TB_cfg0_des8,8,3,10,SSDGTLDRAE,1.1419991,1.5276636,0.8393,0.9075039625167847,3.817997
TB,0,TB_cfg0_des8,8,4,15,EAADAAGDGKIGAAE,1.1419991,1.2482767,0.8393,0.9075039625167847,30.291983
TB,0,TB_cfg0_des9,9,1,10,SSDGRISLAE,1.3918835,2.0716894,0.8462,0.9089617729187012,24.427607
TB,0,TB_cfg0_des9,9,2,13,NAADGDGVLTAEE,1.3918835,1.1585854,0.8462,0.9089617729187012,9.502138
TB,0,TB_cfg0_des9,9,3,10,SDDGKLDRAE,1.3918835,1.9390886,0.8462,0.9089617729187012,25.142014
TB,0,TB_cfg0_des9,9,4,15,DATDATPDGLLSAAE,1.3918835,1.273318,0.8462,0.9089617729187012,2.6369083
TB,0,TB_cfg0_des10,10,1,10,SSDGTISLAE,2.539294,2.081594,0.8423,0.8854012489318848,25.963793
TB,0,TB_cfg0_des10,10,2,13,DNGDASGAADAAE,2.539294,4.633585,0.8423,0.8854012489318848,3.3233426
TB,0,TB_cfg0_des10,10,3,10,TTDGSLSRAE,2.539294,3.7424521,0.8423,0.8854012489318848,6.677812
TB,0,TB_cfg0_des10,10,4,15,EAACPDKDGKLDAAA,2.539294,2.2703722,0.8423,0.8854012489318848,2.9188967
TB,0,TB_cfg0_des11,11,1,10,SSDGLLSLAE,1.2288,0.843401,0.8467,0.8940867185592651,23.293165
TB,0,TB_cfg0_des11,11,2,13,DTDGSNGVLSAEE,1.2288,1.4065264,0.8467,0.8940867185592651,5.0407257
TB,0,TB_cfg0_des11,11,3,10,SSDGKLSRAE,1.2288,1.9435781,0.8467,0.8940867185592651,26.65906
TB,0,TB_cfg0_des11,11,4,15,GATEVDGVLQLSAAE,1.2288,1.391608,0.8467,0.8940867185592651,9.044966
TB,0,TB_cfg0_des12,12,1,10,STDGTISLAE,6.028892,4.9056487,0.7446,0.5410403609275818,22.526176
TB,0,TB_cfg0_des12,12,2,13,ATDGNAAALEAEE,6.028892,9.250595,0.7446,0.5410403609275818,26.500124
TB,0,TB_cfg0_des12,12,3,10,AADGLLSRAE,6.028892,7.6216164,0.7446,0.5410403609275818,5.360735
TB,0,TB_cfg0_des12,12,4,15,DGSTGDNSGVLSAAE,6.028892,1.6600745,0.7446,0.5410403609275818,17.681095
TB,0,TB_cfg0_des13,13,1,10,SSDGRISLAE,1.8191363,3.065354,0.8439,0.897624671459198,9.454745
TB,0,TB_cfg0_des13,13,2,13,DKDGDGDHLTAEE,1.8191363,1.9940708,0.8439,0.897624671459198,26.652346
TB,0,TB_cfg0_des13,13,3,10,SDDGKLSRAE,1.8191363,2.4874256,0.8439,0.897624671459198,9.795759
TB,0,TB_cfg0_des13,13,4,15,EAAGGSSDGLLSAAE,1.8191363,1.3806614,0.8439,0.897624671459198,25.919533
TB,0,TB_cfg0_des14,14,1,10,STDGGLSLAE,6.920131,2.9193585,0.7745,0.7718222141265869,24.09611
TB,0,TB_cfg0_des14,14,2,13,SAADGDGVLTAEE,6.920131,2.8777897,0.7745,0.7718222141265869,21.33689
TB,0,TB_cfg0_des14,14,3,10,SADGKLNRAE,6.920131,1.6613966,0.7745,0.7718222141265869,9.930985
TB,0,TB_cfg0_des14,14,4,15,TNGHTRDDAAEAAVE,6.920131,12.125621,0.7745,0.7718222141265869,17.253042
TB,1,TB_cfg1_des0,0,1,10,DDPTKTRLEE,5.271042,5.9862037,0.8395,0.8917805552482605,7.8982105
TB,1,TB_cfg1_des0,0,2,11,DDGDGVLSAEE,5.271042,1.1828191,0.8395,0.8917805552482605,5.6968703
TB,1,TB_cfg1_des0,0,3,13,DTEDKDGKLSRAE,5.271042,2.003665,0.8395,0.8917805552482605,2.3726919
TB,1,TB_cfg1_des0,0,4,13,EAEEPPGGTEADE,5.271042,3.1293957,0.8395,0.8917805552482605,28.810364
TB,1,TB_cfg1_des1,1,1,10,SSDGRISLPE,2.496951,3.5250096,0.8407,0.89158034324646,19.609795
TB,1,TB_cfg1_des1,1,2,11,DPDGLGLTAEE,2.496951,1.3003527,0.8407,0.89158034324646,12.453709
TB,1,TB_cfg1_des1,1,3,13,DYDKRDGRLSRAE,2.496951,2.4086385,0.8407,0.89158034324646,9.532525
TB,1,TB_cfg1_des1,1,4,13,TAADGSGLLSAAE,2.496951,0.93120056,0.8407,0.89158034324646,9.172277
TB,1,TB_cfg1_des2,2,1,10,STDGRLTLAE,1.8644012,1.3999794,0.8383,0.8770453333854675,19.559938
TB,1,TB_cfg1_des2,2,2,11,DNGDGRLSAEE,1.8644012,0.8406079,0.8383,0.8770453333854675,29.407951
TB,1,TB_cfg1_des2,2,3,13,DTTTKDGTLSRAE,1.8644012,3.5859127,0.8383,0.8770453333854675,4.1889443
TB,1,TB_cfg1_des2,2,4,13,EAADPVPGDDAAA,1.8644012,1.0066758,0.8383,0.8770453333854675,29.871878
TB,1,TB_cfg1_des3,3,1,10,SSDGTISLAE,1.96557,3.4186366,0.8467,0.903538167476654,9.507276
TB,1,TB_cfg1_des3,3,2,11,SKGTGSLSAEE,1.96557,1.2467921,0.8467,0.903538167476654,17.85296
TB,1,TB_cfg1_des3,3,3,13,DTANGDGKLSRAE,1.96557,1.1816227,0.8467,0.903538167476654,2.6124346
TB,1,TB_cfg1_des3,3,4,13,SSGDGDGVLSAAE,1.96557,1.932519,0.8467,0.903538167476654,8.955998
TB,1,TB_cfg1_des4,4,1,10,SSDGTLTLAE,2.5795362,2.847148,0.832,0.8881886601448059,28.861399
TB,1,TB_cfg1_des4,4,2,11,ATDSDRLSAEE,2.5795362,1.9564809,0.832,0.8881886601448059,30.863794
TB,1,TB_cfg1_des4,4,3,13,DTDDGDGRLSRAE,2.5795362,1.164227,0.832,0.8881886601448059,2.4670508
TB,1,TB_cfg1_des4,4,4,13,EATARAGDTDADE,2.5795362,6.142698,0.832,0.8881886601448059,7.817671
TB,1,TB_cfg1_des5,5,1,10,STDGRISLAE,2.3838382,4.3074265,0.8367,0.8876974582672119,9.750938
TB,1,TB_cfg1_des5,5,2,11,SKDGVALSAEE,2.3838382,1.0253267,0.8367,0.8876974582672119,32.480568
TB,1,TB_cfg1_des5,5,3,13,EDGDGDGVLSRAE,2.3838382,2.705463,0.8367,0.8876974582672119,5.131655
TB,1,TB_cfg1_des5,5,4,13,AAADGDGVLDAAE,2.3838382,1.616655,0.8367,0.8876974582672119,27.01306
TB,1,TB_cfg1_des6,6,1,10,SSDGRISLAE,1.7404982,2.747527,0.8407,0.8891327381134033,23.204058
TB,1,TB_cfg1_des6,6,2,11,SDGDGVLTAAE,1.7404982,0.9414516,0.8407,0.8891327381134033,2.588402
TB,1,TB_cfg1_des6,6,3,13,DLDGDGTALSRAE,1.7404982,2.0991712,0.8407,0.8891327381134033,23.157434
TB,1,TB_cfg1_des6,6,4,13,DAADGDGVLDAAE,1.7404982,1.5056648,0.8407,0.8891327381134033,3.4407635
TB,1,TB_cfg1_des7,7,1,10,SSDGTISLAE,1.377138,1.9797635,0.845,0.9061673283576965,23.081278
TB,1,TB_cfg1_des7,7,2,11,DNGDGTLDAAE,1.377138,0.9452062,0.845,0.9061673283576965,2.5113246
TB,1,TB_cfg1_des7,7,3,13,DTVDGDGTLSRAE,1.377138,1.600559,0.845,0.9061673283576965,23.796629
TB,1,TB_cfg1_des7,7,4,13,SAADADGVLSAAE,1.377138,1.2718577,0.845,0.9061673283576965,2.5486636
TB,1,TB_cfg1_des8,8,1,10,DAGGTLTLAE,2.4805233,5.23582,0.8338,0.8651562929153442,25.094345
TB,1,TB_cfg1_des8,8,2,11,SDGDGYLSAEE,2.4805233,1.1890413,0.8338,0.8651562929153442,9.110732
TB,1,TB_cfg1_des8,8,3,13,DADGDGTKLSRAE,2.4805233,1.6631354,0.8338,0.8651562929153442,23.824587
TB,1,TB_cfg1_des8,8,4,13,EVDAGPGASDAAE,2.4805233,1.5165155,0.8338,0.8651562929153442,24.715384
TB,1,TB_cfg1_des9,9,1,10,SSDGTLTLAE,4.251407,2.459137,0.8309,0.8783455491065979,23.901564
TB,1,TB_cfg1_des9,9,2,11,DTDGVALSAAE,4.251407,2.0706863,0.8309,0.8783455491065979,8.059122
TB,1,TB_cfg1_des9,9,3,13,DTVDGDGTLSRAE,4.251407,1.7964835,0.8309,0.8783455491065979,23.166967
TB,1,TB_cfg1_des9,9,4,13,DAPFAASGDEAAA,4.251407,9.536178,0.8309,0.8783455491065979,25.048546
TB,1,TB_cfg1_des10,10,1,10,GADGTISLAE,1.3778894,2.003109,0.8528,0.9005002379417419,9.522462
TB,1,TB_cfg1_des10,10,2,11,DNGDGKLSAEE,1.3778894,0.82950485,0.8528,0.9005002379417419,31.305208
TB,1,TB_cfg1_des10,10,3,13,DLDTGDGKLSRAE,1.3778894,1.1141729,0.8528,0.9005002379417419,2.7995036
TB,1,TB_cfg1_des10,10,4,13,NASSSDGVLDAAE,1.3778894,1.3291018,0.8528,0.9005002379417419,29.391119
TB,1,TB_cfg1_des11,11,1,10,SSDGRISLAE,1.4003031,2.0782769,0.8456,0.8932503461837769,23.780836
TB,1,TB_cfg1_des11,11,2,11,DDGDGYLTAEE,1.4003031,0.8976708,0.8456,0.8932503461837769,9.266393
TB,1,TB_cfg1_des11,11,3,13,DKTPGSGKLSRDE,1.4003031,1.7347705,0.8456,0.8932503461837769,10.332107
TB,1,TB_cfg1_des11,11,4,13,ASAASPGLLSAAE,1.4003031,1.963895,0.8456,0.8932503461837769,9.767553
TB,1,TB_cfg1_des12,12,1,10,SSDGTLSLAE,2.6367366,2.8083143,0.8346,0.8838130235671997,27.027258
TB,1,TB_cfg1_des12,12,2,11,SKGSGVLTAEE,2.6367366,1.4302552,0.8346,0.8838130235671997,10.940421
TB,1,TB_cfg1_des12,12,3,13,DLDGDKKKLDRAE,2.6367366,4.8936834,0.8346,0.8838130235671997,23.580889
TB,1,TB_cfg1_des12,12,4,13,DATPADAALSAAE,2.6367366,1.1725324,0.8346,0.8838130235671997,2.6430554
TB,1,TB_cfg1_des13,13,1,10,GSDGTISLAE,2.0936577,2.3071067,0.8385,0.874682605266571,24.243265
TB,1,TB_cfg1_des13,13,2,11,SDGDGYLSAEE,2.0936577,0.7480539,0.8385,0.874682605266571,3.6141107
TB,1,TB_cfg1_des13,13,3,13,DLDGDKKKLSRAE,2.0936577,2.5339863,0.8385,0.874682605266571,26.511124
TB,1,TB_cfg1_des13,13,4,13,DAADNDGVLTAAE,2.0936577,1.4717784,0.8385,0.874682605266571,2.3540568
TB,1,TB_cfg1_des14,14,1,10,STDGTISLAE,1.6792976,3.387755,0.8404,0.8988505005836487,3.5119638
TB,1,TB_cfg1_des14,14,2,11,SDGDGYLSAEE,1.6792976,1.0026237,0.8404,0.8988505005836487,29.877304
TB,1,TB_cfg1_des14,14,3,13,DTADKDGKLSRAE,1.6792976,1.4619576,0.8404,0.8988505005836487,2.425336
TB,1,TB_cfg1_des14,14,4,13,QLGHTDGVLSAAE,1.6792976,1.4907947,0.8404,0.8988505005836487,29.834763
TB,2,TB_cfg2_des0,0,1,15,DLDGDGDPNALSLAE,2.9471173,4.202358,0.8177,0.844497561454773,23.170107
TB,2,TB_cfg2_des0,0,2,11,SNGDGTLSAEE,2.9471173,1.3457927,0.8177,0.844497561454773,3.0243056
TB,2,TB_cfg2_des0,0,3,12,DADGDGKLSRAE,2.9471173,0.88102275,0.8177,0.844497561454773,28.969292
TB,2,TB_cfg2_des0,0,4,10,STAAATAQAE,2.9471173,6.6658306,0.8177,0.844497561454773,9.040805
TB,2,TB_cfg2_des1,1,1,15,EQYDATGDGAVDLAE,3.0186336,3.6162422,0.8378,0.8850904107093811,8.056991
TB,2,TB_cfg2_des1,1,2,11,SKGDGVLTAEE,3.0186336,1.6368977,0.8378,0.8850904107093811,9.437178
TB,2,TB_cfg2_des1,1,3,12,DKDGDGKLNRAE,3.0186336,1.1617072,0.8378,0.8850904107093811,10.477144
TB,2,TB_cfg2_des1,1,4,10,TTGASSEAAA,3.0186336,1.462441,0.8378,0.8850904107093811,13.212944
TB,2,TB_cfg2_des2,2,1,15,NLDATAGATAANRAE,2.1435478,4.1705337,0.8263,0.88042151927948,23.72284
TB,2,TB_cfg2_des2,2,2,11,DDGDGYLSAAE,2.1435478,0.7263379,0.8263,0.88042151927948,25.35832
TB,2,TB_cfg2_des2,2,3,12,DADGDGKLNRAE,2.1435478,0.53545153,0.8263,0.88042151927948,2.4168231
TB,2,TB_cfg2_des2,2,4,10,TAGQATTAAA,2.1435478,2.3455985,0.8263,0.88042151927948,33.53183
TB,2,TB_cfg2_des3,3,1,15,DLDNATGVPELSLAE,2.2369223,4.513451,0.84,0.8597093820571899,27.918879
TB,2,TB_cfg2_des3,3,2,11,DDGDGVLTAEE,2.2369223,0.88249815,0.84,0.8597093820571899,2.558502
TB,2,TB_cfg2_des3,3,3,12,DKDGDGKLSRAE,2.2369223,1.2283278,0.84,0.8597093820571899,2.4114857
TB,2,TB_cfg2_des3,3,4,10,EAGAADSAAA,2.2369223,2.0745206,0.84,0.8597093820571899,15.021466
TB,2,TB_cfg2_des4,4,1,15,EANDATNDGRISLAE,2.149095,3.6136818,0.8376,0.8969021439552307,2.4203389
TB,2,TB_cfg2_des4,4,2,11,SDGDGTLSAEE,2.149095,1.6473181,0.8376,0.8969021439552307,29.755455
TB,2,TB_cfg2_des4,4,3,12,DADGDGVLSRAE,2.149095,1.3839766,0.8376,0.8969021439552307,9.409893
TB,2,TB_cfg2_des4,4,4,10,SNDGTLSAAE,2.149095,1.4084189,0.8376,0.8969021439552307,26.621925
TB,2,TB_cfg2_des5,5,1,15,DGLDGVTDGTISLAE,2.0010796,3.2696733,0.8417,0.8971311450004578,2.589866
TB,2,TB_cfg2_des5,5,2,11,DDGDGKLSAEE,2.0010796,1.3518146,0.8417,0.8971311450004578,29.632523
TB,2,TB_cfg2_des5,5,3,12,DADGDGKLSRAE,2.0010796,1.3928152,0.8417,0.8971311450004578,9.266987
TB,2,TB_cfg2_des5,5,4,10,STDGTLSAAE,2.0010796,1.38369,0.8417,0.8971311450004578,26.67283
TB,2,TB_cfg2_des6,6,1,15,DFDGDGQHGDALRAE,3.443924,7.540846,0.8174,0.8476294875144958,2.7303782
TB,2,TB_cfg2_des6,6,2,11,DDGDGYLSAEE,3.443924,1.1634408,0.8174,0.8476294875144958,33.10454
TB,2,TB_cfg2_des6,6,3,12,DADGDGKLNRAE,3.443924,1.4127898,0.8174,0.8476294875144958,2.3713267
TB,2,TB_cfg2_des6,6,4,10,DVPGKSVAEE,3.443924,2.5797374,0.8174,0.8476294875144958,30.581459
TB,2,TB_cfg2_des7,7,1,15,EQYDTTGDGKVNLAA,2.1886568,3.0997107,0.8254,0.8842140436172485,21.541151
TB,2,TB_cfg2_des7,7,2,11,DDGDGKLTAEE,2.1886568,1.3323568,0.8254,0.8842140436172485,27.855408
TB,2,TB_cfg2_des7,7,3,12,DKDGDGALSRAE,2.1886568,1.931093,0.8254,0.8842140436172485,8.239053
TB,2,TB_cfg2_des7,7,4,10,EAAAATDAAE,2.1886568,3.5695534,0.8254,0.8842140436172485,27.087427
TB,2,TB_cfg2_des8,8,1,15,DANHDLDDTAARRAE,6.829983,7.9672394,0.8265,0.8399501442909241,5.2275805
TB,2,TB_cfg2_des8,8,2,11,DKDGVGLTAEE,6.829983,2.9894285,0.8265,0.8399501442909241,42.169033
TB,2,TB_cfg2_des8,8,3,12,DKDGDGKLSRAE,6.829983,1.470381,0.8265,0.8399501442909241,9.310352
TB,2,TB_cfg2_des8,8,4,10,EAGAADLASA,6.829983,4.354106,0.8265,0.8399501442909241,27.258009
TB,2,TB_cfg2_des9,9,1,15,TVYDPTNDGRLDLAE,1.6621073,2.0726144,0.8344,0.8830779194831848,22.517756
TB,2,TB_cfg2_des9,9,2,11,DDGSGTLTAEE,1.6621073,1.4032726,0.8344,0.8830779194831848,8.442171
TB,2,TB_cfg2_des9,9,3,12,DADKDGKLSRAE,1.6621073,1.4790971,0.8344,0.8830779194831848,23.084055
TB,2,TB_cfg2_des9,9,4,10,TDGVSDDAAA,1.6621073,0.82042843,0.8344,0.8830779194831848,30.639143
TB,2,TB_cfg2_des10,10,1,15,DADGRVDDPAARLAE,3.5331056,4.3285,0.7719,0.7354896068572998,12.824452
TB,2,TB_cfg2_des10,10,2,11,DDGSGTLTAAE,3.5331056,1.5683933,0.7719,0.7354896068572998,26.784777
TB,2,TB_cfg2_des10,10,3,12,DADGDGKLSRAE,3.5331056,1.8575593,0.7719,0.7354896068572998,2.39201
TB,2,TB_cfg2_des10,10,4,10,EATSTDVAAE,3.5331056,4.596057,0.7719,0.7354896068572998,25.720299
TB,2,TB_cfg2_des11,11,1,15,QAGDATGDGQIHLAE,2.2033331,3.9164827,0.83,0.8900985717773438,22.888124
TB,2,TB_cfg2_des11,11,2,11,DDGSGKLTAEE,2.2033331,1.748486,0.83,0.8900985717773438,29.599024
TB,2,TB_cfg2_des11,11,3,12,DADGDGALNRAE,2.2033331,1.4531785,0.83,0.8900985717773438,23.163153
TB,2,TB_cfg2_des11,11,4,10,DPDGKLSAAE,2.2033331,1.2343225,0.83,0.8900985717773438,26.558594
TB,2,TB_cfg2_des12,12,1,15,TVYDADGDGLIGLAE,1.6633898,2.609897,0.8431,0.9000553488731384,22.801516
TB,2,TB_cfg2_des12,12,2,11,SKGDGYLTAAE,1.6633898,1.1853973,0.8431,0.9000553488731384,2.6855395
TB,2,TB_cfg2_des12,12,3,12,DADGDGKLSRAE,1.6633898,1.0804174,0.8431,0.9000553488731384,25.058313
TB,2,TB_cfg2_des12,12,4,10,SNDGKLSAAE,1.6633898,1.6044962,0.8431,0.9000553488731384,9.51352
TB,2,TB_cfg2_des13,13,1,15,DFDGAAPTDADARTE,3.5302165,8.149699,0.8199,0.8560909032821655,2.8034966
TB,2,TB_cfg2_des13,13,2,11,SDGDGTLSAEE,3.5302165,0.86331856,0.8199,0.8560909032821655,24.612524
TB,2,TB_cfg2_des13,13,3,12,DKDGDGKLSRAE,3.5302165,0.82089704,0.8199,0.8560909032821655,9.816304
TB,2,TB_cfg2_des13,13,4,10,TTGASSIAAA,3.5302165,3.080354,0.8199,0.8560909032821655,26.533442
TB,2,TB_cfg2_des14,14,1,15,TVYDPTGDGELNLAA,2.8511958,4.0794196,0.8247,0.8570935726165771,22.429268
TB,2,TB_cfg2_des14,14,2,11,DDGDGTLSAEE,2.8511958,1.4291291,0.8247,0.8570935726165771,4.189218
TB,2,TB_cfg2_des14,14,3,12,DADGDGKLSRAE,2.8511958,1.937956,0.8247,0.8570935726165771,2.3263824
TB,2,TB_cfg2_des14,14,4,10,DVAGASNAAE,2.8511958,4.56291,0.8247,0.8570935726165771,9.0020075
TB,3,TB_cfg3_des0,0,1,14,DLDGDGDGTISLAE,0.76029974,0.68784267,0.854,0.8931318521499634,23.124771
TB,3,TB_cfg3_des0,0,2,10,STDGYLTAEE,0.76029974,0.78315645,0.854,0.8931318521499634,29.925943
TB,3,TB_cfg3_des0,0,3,10,SADGKLNRAE,0.76029974,1.0948213,0.854,0.8931318521499634,23.715012
TB,3,TB_cfg3_des0,0,4,12,DTDGDGKISAAE,0.76029974,0.7511874,0.854,0.8931318521499634,10.026618
TB,3,TB_cfg3_des1,1,1,14,DLDGNGDGKISLAE,1.024071,1.0507159,0.8541,0.8939154148101807,23.128447
TB,3,TB_cfg3_des1,1,2,10,SSDGYLSAEE,1.024071,1.057305,0.8541,0.8939154148101807,32.53477
TB,3,TB_cfg3_des1,1,3,10,SKDGKLSRAE,1.024071,1.4977039,0.8541,0.8939154148101807,24.299774
TB,3,TB_cfg3_des1,1,4,12,DTDGDGKLSAAE,1.024071,0.9759415,0.8541,0.8939154148101807,2.3027875
TB,3,TB_cfg3_des2,2,1,14,DLDGDGDGKISLAE,0.8747027,0.65395576,0.8576,0.8950616717338562,3.545953
TB,3,TB_cfg3_des2,2,2,10,SNDGTLSAEE,0.8747027,0.91061914,0.8576,0.8950616717338562,29.13714
TB,3,TB_cfg3_des2,2,3,10,SSDGKLDRAE,0.8747027,1.284426,0.8576,0.8950616717338562,2.9801352
TB,3,TB_cfg3_des2,2,4,12,DTNGDGKLDAAE,0.8747027,0.99868864,0.8576,0.8950616717338562,9.476062
TB,3,TB_cfg3_des3,3,1,14,DLDGATPGKISLAE,2.1426597,4.298202,0.8427,0.8693451285362244,19.918844
TB,3,TB_cfg3_des3,3,2,10,STDGYLSAEE,2.1426597,0.832905,0.8427,0.8693451285362244,22.020655
TB,3,TB_cfg3_des3,3,3,10,SADGKLNRAE,2.1426597,1.8039353,0.8427,0.8693451285362244,3.5654705
TB,3,TB_cfg3_des3,3,4,12,DTNNDGLLSAAE,2.1426597,1.2574874,0.8427,0.8693451285362244,2.5234134
TB,3,TB_cfg3_des4,4,1,14,DLDKDGDGKISLAE,1.6141856,2.6031058,0.8565,0.8963322043418884,23.309595
TB,3,TB_cfg3_des4,4,2,10,SNDGTLSAEE,1.6141856,1.4014015,0.8565,0.8963322043418884,28.900434
TB,3,TB_cfg3_des4,4,3,10,SDDGKLNRDE,1.6141856,1.7938298,0.8565,0.8963322043418884,22.492117
TB,3,TB_cfg3_des4,4,4,12,DADGDGKLSAAE,1.6141856,0.55133116,0.8565,0.8963322043418884,8.646337
TB,3,TB_cfg3_des5,5,1,14,ELDGDGDGKISLAE,1.7100072,2.75758,0.8485,0.8955457210540771,9.355594
TB,3,TB_cfg3_des5,5,2,10,SSDGYLSAEE,1.7100072,1.7762581,0.8485,0.8955457210540771,9.419572
TB,3,TB_cfg3_des5,5,3,10,SADGKLSRAE,1.7100072,1.5236446,0.8485,0.8955457210540771,23.645327
TB,3,TB_cfg3_des5,5,4,12,DTDGDGKLSAAE,1.7100072,0.7269038,0.8485,0.8955457210540771,3.549963
TB,3,TB_cfg3_des6,6,1,14,DLDGDGDGKISLAE,1.1793045,1.2206484,0.8566,0.8962441086769104,2.7092564
TB,3,TB_cfg3_des6,6,2,10,SSDGVLTAEE,1.1793045,1.4639082,0.8566,0.8962441086769104,29.044569
TB,3,TB_cfg3_des6,6,3,10,SADGKLSRAE,1.1793045,1.770441,0.8566,0.8962441086769104,27.603483
TB,3,TB_cfg3_des6,6,4,12,DTNGDGTLSAAE,1.1793045,1.0923285,0.8566,0.8962441086769104,26.122366
TB,3,TB_cfg3_des7,7,1,14,DLDNDGDGKISLAE,0.9401283,1.0375818,0.8568,0.8957827091217041,9.066958
TB,3,TB_cfg3_des7,7,2,10,STDGYLTAEE,0.9401283,0.918991,0.8568,0.8957827091217041,9.219556
TB,3,TB_cfg3_des7,7,3,10,SDDGKLNRDE,0.9401283,1.4028839,0.8568,0.8957827091217041,25.672045
TB,3,TB_cfg3_des7,7,4,12,DTDGDGKLSAAE,0.9401283,0.737565,0.8568,0.8957827091217041,9.485068
TB,3,TB_cfg3_des8,8,1,14,DLDGDGDGKISLAE,0.9873919,0.83922166,0.8571,0.8858838677406311,3.3039026
TB,3,TB_cfg3_des8,8,2,10,SPDGYLSAEE,0.9873919,1.2343377,0.8571,0.8858838677406311,2.6403506
TB,3,TB_cfg3_des8,8,3,10,SSDGKLSRAE,0.9873919,1.4481381,0.8571,0.8858838677406311,23.936533
TB,3,TB_cfg3_des8,8,4,12,DTNGDGVIDAAE,0.9873919,0.7716492,0.8571,0.8858838677406311,9.944518
TB,3,TB_cfg3_des9,9,1,14,DLDGNGDGVLSLAE,2.3756232,2.0259788,0.8274,0.8530679941177368,27.487368
TB,3,TB_cfg3_des9,9,2,10,STDGKLSAEE,2.3756232,1.5646181,0.8274,0.8530679941177368,9.702758
TB,3,TB_cfg3_des9,9,3,10,SDDSLMSRAE,2.3756232,4.9323254,0.8274,0.8530679941177368,25.011534
TB,3,TB_cfg3_des9,9,4,12,EAAAPDGDSAAE,2.3756232,1.440956,0.8274,0.8530679941177368,11.23788
TB,3,TB_cfg3_des10,10,1,14,DFDKDGDGTISLAE,1.9192653,3.065011,0.8434,0.8982057571411133,22.870634
TB,3,TB_cfg3_des10,10,2,10,SDDGVLTAEE,1.9192653,1.853985,0.8434,0.8982057571411133,17.660973
TB,3,TB_cfg3_des10,10,3,10,SADGKMDRAE,1.9192653,1.6304344,0.8434,0.8982057571411133,24.064642
TB,3,TB_cfg3_des10,10,4,12,DTDGDGKLSAAE,1.9192653,0.81265324,0.8434,0.8982057571411133,9.37264
TB,3,TB_cfg3_des11,11,1,14,DLDGDGDGTISLAE,0.93550336,1.0119158,0.8573,0.8956722617149353,8.908139
TB,3,TB_cfg3_des11,11,2,10,STDGLLSAEE,0.93550336,0.79412496,0.8573,0.8956722617149353,30.38372
TB,3,TB_cfg3_des11,11,3,10,SADGKLSRAE,0.93550336,1.3321517,0.8573,0.8956722617149353,3.0855105
TB,3,TB_cfg3_des11,11,4,12,DTNGDGKIDAAE,0.93550336,0.981802,0.8573,0.8956722617149353,9.697234
TB,3,TB_cfg3_des12,12,1,14,DLDGNGDGLISLAE,1.2168968,0.96473104,0.8558,0.8947862386703491,9.583978
TB,3,TB_cfg3_des12,12,2,10,STDGVLTAEE,1.2168968,1.434233,0.8558,0.8947862386703491,10.391234
TB,3,TB_cfg3_des12,12,3,10,SADGKLSRAE,1.2168968,1.8228358,0.8558,0.8947862386703491,27.168612
TB,3,TB_cfg3_des12,12,4,12,DTDGDGKLSAAE,1.2168968,1.1067697,0.8558,0.8947862386703491,9.84531
TB,3,TB_cfg3_des13,13,1,14,DLDKDGDGAISLAE,1.1035893,0.9635417,0.8602,0.8915053009986877,23.37543
TB,3,TB_cfg3_des13,13,2,10,SNDGLLTAEE,1.1035893,1.2864147,0.8602,0.8915053009986877,13.357834
TB,3,TB_cfg3_des13,13,3,10,SDDGELSRDE,1.1035893,2.1542823,0.8602,0.8915053009986877,23.395927
TB,3,TB_cfg3_des13,13,4,12,DTDGDGKISAAE,1.1035893,0.6084362,0.8602,0.8915053009986877,9.840819
TB,3,TB_cfg3_des14,14,1,14,DIDGDGDGKISLAE,1.1185702,1.0594494,0.8586,0.8959950804710388,23.151186
TB,3,TB_cfg3_des14,14,2,10,SSDGVLTAEE,1.1185702,1.394459,0.8586,0.8959950804710388,28.958221
TB,3,TB_cfg3_des14,14,3,10,SADGKLSRAE,1.1185702,1.7016786,0.8586,0.8959950804710388,26.277575
TB,3,TB_cfg3_des14,14,4,12,DTNGDGALDAAE,1.1185702,1.084978,0.8586,0.8959950804710388,9.75656
TB,4,TB_cfg4_des0,0,1,10,STDGTISLAE,1.1062205,1.5848609,0.8466,0.9062209725379944,24.286448
TB,4,TB_cfg4_des0,0,2,11,SGGDGYLTAEE,1.1062205,0.8138496,0.8466,0.9062209725379944,6.6133313
TB,4,TB_cfg4_des0,0,3,11,SDGDGKLSRAE,1.1062205,1.1142985,0.8466,0.9062209725379944,24.122711
TB,4,TB_cfg4_des0,0,4,13,DAASADGKLSAAE,1.1062205,1.0949808,0.8466,0.9062209725379944,26.97895
TB,4,TB_cfg4_des1,1,1,10,STDGTLSLAE,1.2425731,1.8937992,0.8552,0.9067431092262268,9.921055
TB,4,TB_cfg4_des1,1,2,11,SKGSATLSAEE,1.2425731,1.0337538,0.8552,0.9067431092262268,31.774185
TB,4,TB_cfg4_des1,1,3,11,SDGDGLLSRAE,1.2425731,1.1559086,0.8552,0.9067431092262268,23.523275
TB,4,TB_cfg4_des1,1,4,13,DLDGDGTALDAAE,1.2425731,1.3008934,0.8552,0.9067431092262268,26.834158
TB,4,TB_cfg4_des2,2,1,10,STDGTISLAE,1.061251,0.84705985,0.8463,0.9047825932502747,2.7299225
TB,4,TB_cfg4_des2,2,2,11,DDGDGTLSAEE,1.061251,0.78679883,0.8463,0.9047825932502747,29.769949
TB,4,TB_cfg4_des2,2,3,11,DDGDGVLSRAE,1.061251,1.2514478,0.8463,0.9047825932502747,2.5562997
TB,4,TB_cfg4_des2,2,4,13,SSADGDGKVSAAE,1.061251,1.5350261,0.8463,0.9047825932502747,29.532906
TB,4,TB_cfg4_des3,3,1,10,STDGRISLAE,1.2797172,1.8886832,0.8488,0.8985415697097778,23.070173
TB,4,TB_cfg4_des3,3,2,11,DNGDGTLTAEE,1.2797172,1.2227647,0.8488,0.8985415697097778,2.4772837
TB,4,TB_cfg4_des3,3,3,11,DDGDGTLSRAE,1.2797172,1.2719437,0.8488,0.8985415697097778,27.270334
TB,4,TB_cfg4_des3,3,4,13,DTADGDGVLDAAE,1.2797172,0.9762687,0.8488,0.8985415697097778,2.323324
TB,4,TB_cfg4_des4,4,1,10,STDGTISLAE,1.2023807,1.7855215,0.8444,0.8984513282775879,23.219679
TB,4,TB_cfg4_des4,4,2,11,DDGDGTLTAEE,1.2023807,1.1883196,0.8444,0.8984513282775879,7.4573827
TB,4,TB_cfg4_des4,4,3,11,DDGDGTLSRAE,1.2023807,1.2960483,0.8444,0.8984513282775879,9.106151
TB,4,TB_cfg4_des4,4,4,13,SAADADGVLDAAE,1.2023807,1.2322978,0.8444,0.8984513282775879,2.538562
TB,4,TB_cfg4_des5,5,1,10,STDGTLTLAE,1.1445677,1.0277778,0.8449,0.890934407711029,23.14784
TB,4,TB_cfg4_des5,5,2,11,DKDGVTLSAEE,1.1445677,2.061613,0.8449,0.890934407711029,27.90264
TB,4,TB_cfg4_des5,5,3,11,SDGDGKLSRAE,1.1445677,1.2336894,0.8449,0.890934407711029,9.881102
TB,4,TB_cfg4_des5,5,4,13,EDAAAPGASDAQE,1.1445677,0.87441945,0.8449,0.890934407711029,10.381481
TB,4,TB_cfg4_des6,6,1,10,STDGGLTLAE,1.0763074,1.0101224,0.8378,0.8779247403144836,13.372422
TB,4,TB_cfg4_des6,6,2,11,SDGDGTLTAEE,1.0763074,0.5405275,0.8378,0.8779247403144836,9.23003
TB,4,TB_cfg4_des6,6,3,11,SDGDGTLSRAE,1.0763074,1.2303791,0.8378,0.8779247403144836,8.162175
TB,4,TB_cfg4_des6,6,4,13,FSAASTGAEAAAE,1.0763074,1.7381815,0.8378,0.8779247403144836,29.73346
TB,4,TB_cfg4_des7,7,1,10,STDGTLTLAE,0.8628984,1.1000785,0.8399,0.8888712525367737,23.251215
TB,4,TB_cfg4_des7,7,2,11,DNGDGVLTAAE,0.8628984,1.2530518,0.8399,0.8888712525367737,2.4997275
TB,4,TB_cfg4_des7,7,3,11,DDGSGALNRAE,0.8628984,0.83792156,0.8399,0.8888712525367737,23.455933
TB,4,TB_cfg4_des7,7,4,13,EDAQPAGTSDAAE,0.8628984,0.74311227,0.8399,0.8888712525367737,10.213149
TB,4,TB_cfg4_des8,8,1,10,STDGAISLAE,1.0513709,0.7976961,0.8572,0.9116773009300232,21.139269
TB,4,TB_cfg4_des8,8,2,11,SKDGKTLTAEE,1.0513709,1.0722152,0.8572,0.9116773009300232,9.080492
TB,4,TB_cfg4_des8,8,3,11,SKDGKTLSRDE,1.0513709,1.4413451,0.8572,0.9116773009300232,23.722511
TB,4,TB_cfg4_des8,8,4,13,SAADGDGRLTAAE,1.0513709,0.94944483,0.8572,0.9116773009300232,2.5088298
TB,4,TB_cfg4_des9,9,1,10,SSDGTISRAE,1.7347845,3.0343924,0.8346,0.8917604684829712,23.278204
TB,4,TB_cfg4_des9,9,2,11,SDGSGCLTAEE,1.7347845,1.7011563,0.8346,0.8917604684829712,8.199187
TB,4,TB_cfg4_des9,9,3,11,EDGDGCLSRAE,1.7347845,1.9548018,0.8346,0.8917604684829712,27.553766
TB,4,TB_cfg4_des9,9,4,13,EGADGDGVLTAAE,1.7347845,0.9158003,0.8346,0.8917604684829712,2.631871
TB,4,TB_cfg4_des10,10,1,10,SSDGTLTLAE,0.95784885,1.0946794,0.8299,0.8855706453323364,22.749046
TB,4,TB_cfg4_des10,10,2,11,DNGDGVLSAEE,0.95784885,1.099525,0.8299,0.8855706453323364,9.650165
TB,4,TB_cfg4_des10,10,3,11,DNGDGKLDRAE,0.95784885,1.0338068,0.8299,0.8855706453323364,23.322466
TB,4,TB_cfg4_des10,10,4,13,EAAAKPGDTTADE,0.95784885,0.9761825,0.8299,0.8855706453323364,28.913284
TB,4,TB_cfg4_des11,11,1,10,STDGTISLAE,1.711875,2.5087795,0.8515,0.9090374708175659,23.510794
TB,4,TB_cfg4_des11,11,2,11,DDGDGTLTAEE,1.711875,0.98162514,0.8515,0.9090374708175659,2.586219
TB,4,TB_cfg4_des11,11,3,11,SDGDGTLSRAE,1.711875,2.1042056,0.8515,0.9090374708175659,24.65815
TB,4,TB_cfg4_des11,11,4,13,AAADNDGVLDAAE,1.711875,1.4994622,0.8515,0.9090374708175659,3.2770646
TB,4,TB_cfg4_des12,12,1,10,SSDGTISLAE,1.4241393,1.9516034,0.8604,0.9054214358329773,22.986115
TB,4,TB_cfg4_des12,12,2,11,AKGGSSLTAEE,1.4241393,1.3164737,0.8604,0.9054214358329773,29.63359
TB,4,TB_cfg4_des12,12,3,11,SKDGKSLTRDE,1.4241393,1.6255312,0.8604,0.9054214358329773,23.733307
TB,4,TB_cfg4_des12,12,4,13,EGADGDGVLSAAE,1.4241393,1.1100771,0.8604,0.9054214358329773,2.8120785
TB,4,TB_cfg4_des13,13,1,10,GSDGTISLAE,1.3074238,1.5894167,0.8308,0.8822739720344543,23.271399
TB,4,TB_cfg4_des13,13,2,11,DNGDGKLSAEE,1.3074238,0.90937257,0.8308,0.8822739720344543,2.4680178
TB,4,TB_cfg4_des13,13,3,11,DNGDGVLDRAE,1.3074238,1.129579,0.8308,0.8822739720344543,24.544317
TB,4,TB_cfg4_des13,13,4,13,SAADGDGVLSAAE,1.3074238,1.0408179,0.8308,0.8822739720344543,3.2280476
TB,4,TB_cfg4_des14,14,1,10,STDGTISLAE,2.1131296,3.2000096,0.8458,0.8927533030509949,9.789538
TB,4,TB_cfg4_des14,14,2,11,SKDGGDLTAAE,2.1131296,1.2345654,0.8458,0.8927533030509949,26.5907
TB,4,TB_cfg4_des14,14,3,11,DDGSGALSRAE,2.1131296,1.476163,0.8458,0.8927533030509949,2.360119
TB,4,TB_cfg4_des14,14,4,13,DAADNDGVLSAAE,2.1131296,1.8095859,0.8458,0.8927533030509949,3.025746
CE,0,CE_cfg0_des0,0,1,15,GIDDATSTDAEARAE,13.238289,14.9422655,0.751,0.6235600113868713,5.106297
CE,0,CE_cfg0_des0,0,2,12,NDPSTPEDRAAE,13.238289,12.6457815,0.751,0.6235600113868713,21.756462
CE,0,CE_cfg0_des0,0,3,10,DVPGKSLRDE,13.238289,15.752317,0.751,0.6235600113868713,20.683437
CE,0,CE_cfg0_des0,0,4,10,TTGASSWTAA,13.238289,18.665209,0.751,0.6235600113868713,16.081083
CE,0,CE_cfg0_des1,1,1,15,GWETAHTDLAAELAE,7.3033657,8.50196,0.7577,0.6873359084129333,10.088303
CE,0,CE_cfg0_des1,1,2,12,RPDDDESTLPAE,7.3033657,8.320668,0.7577,0.6873359084129333,3.985287
CE,0,CE_cfg0_des1,1,3,10,DDPSKSVRDE,7.3033657,5.910125,0.7577,0.6873359084129333,23.137018
CE,0,CE_cfg0_des1,1,4,10,TAGFTDGAAA,7.3033657,3.2471886,0.7577,0.6873359084129333,6.150622
CE,0,CE_cfg0_des2,2,1,15,NDVPADEDAAANLAE,10.703615,11.619319,0.7321,0.4927677512168884,3.7997048
CE,0,CE_cfg0_des2,2,2,12,HNANPDKSVAEE,10.703615,3.1678376,0.7321,0.4927677512168884,15.14463
CE,0,CE_cfg0_des2,2,3,10,EGLGATRRAA,10.703615,6.5865235,0.7321,0.4927677512168884,11.434444
CE,0,CE_cfg0_des2,2,4,10,DAGQTDLATA,10.703615,15.439071,0.7321,0.4927677512168884,18.764769
CE,0,CE_cfg0_des3,3,1,15,GIAADEKDRAAMLAE,13.577106,14.92217,0.7143,0.4343673586845398,14.253142
CE,0,CE_cfg0_des3,3,2,12,DPDGDDSTLAEE,13.577106,12.019264,0.7143,0.4343673586845398,21.300394
CE,0,CE_cfg0_des3,3,3,10,DVPGQSARAE,13.577106,14.372919,0.7143,0.4343673586845398,21.882935
CE,0,CE_cfg0_des3,3,4,10,WDASKSAAEE,13.577106,14.193723,0.7143,0.4343673586845398,12.098724
CE,0,CE_cfg0_des4,4,1,15,NRNGATVTDASFAAE,2.718369,5.4553533,0.8211,0.8275758028030396,9.652022
CE,0,CE_cfg0_des4,4,2,12,DKNGDGKLSAEE,2.718369,0.9781057,0.8211,0.8275758028030396,9.699273
CE,0,CE_cfg0_des4,4,3,10,SSDGLLSRAE,2.718369,1.2329019,0.8211,0.8275758028030396,9.360574
CE,0,CE_cfg0_des4,4,4,10,QAGQSSIAAA,2.718369,1.9483287,0.8211,0.8275758028030396,33.808994
CE,0,CE_cfg0_des5,5,1,15,GIDPANYNAAEARAE,2.444025,3.111526,0.737,0.5463352799415588,15.502991
CE,0,CE_cfg0_des5,5,2,12,DPDGDESTLPEE,2.444025,3.109718,0.737,0.5463352799415588,28.457893
CE,0,CE_cfg0_des5,5,3,10,DVAGQSPRAE,2.444025,3.1236026,0.737,0.5463352799415588,16.00149
CE,0,CE_cfg0_des5,5,4,10,FDSSASAAAE,2.444025,2.139853,0.737,0.5463352799415588,31.947828
CE,0,CE_cfg0_des6,6,1,15,GWSDADTDAAERLAE,14.2157955,19.819761,0.7205,0.39939671754837036,17.119574
CE,0,CE_cfg0_des6,6,2,12,EAADTDGSWANA,14.2157955,16.077305,0.7205,0.39939671754837036,17.985804
CE,0,CE_cfg0_des6,6,3,10,DVPGVSRRDE,14.2157955,16.733078,0.7205,0.39939671754837036,21.051332
CE,0,CE_cfg0_des6,6,4,10,ETTGSSVSAE,14.2157955,15.934718,0.7205,0.39939671754837036,15.188408
CE,0,CE_cfg0_des7,7,1,15,GWDAAAPWTAADLAE,11.835721,14.63349,0.7209,0.4251665771007538,17.871618
CE,0,CE_cfg0_des7,7,2,12,DPDGDEATLAAE,11.835721,6.761909,0.7209,0.4251665771007538,4.2477303
CE,0,CE_cfg0_des7,7,3,10,DDPSKSVRDE,11.835721,9.628026,0.7209,0.4251665771007538,30.085829
CE,0,CE_cfg0_des7,7,4,10,QAAAATVGAA,11.835721,9.770008,0.7209,0.4251665771007538,15.187457
CE,0,CE_cfg0_des8,8,1,15,NIDEDSGDTAAWRAE,5.5905004,6.6311274,0.712,0.5105076432228088,14.967938
CE,0,CE_cfg0_des8,8,2,12,KLGEDLAENAEE,5.5905004,6.401977,0.712,0.5105076432228088,13.633359
CE,0,CE_cfg0_des8,8,3,10,DDPSLSARDE,5.5905004,7.159822,0.712,0.5105076432228088,15.828224
CE,0,CE_cfg0_des8,8,4,10,MDTSGKPRLL,5.5905004,5.464544,0.712,0.5105076432228088,30.163628
CE,0,CE_cfg0_des9,9,1,15,DADGNTTDEAALRAE,7.247397,9.85667,0.7297,0.36197274923324585,22.918253
CE,0,CE_cfg0_des9,9,2,12,DPDHDDSTLPEE,7.247397,9.031373,0.7297,0.36197274923324585,26.634447
CE,0,CE_cfg0_des9,9,3,10,DDPSKSPREE,7.247397,7.478293,0.7297,0.36197274923324585,22.720076
CE,0,CE_cfg0_des9,9,4,10,DAGYTDFRTA,7.247397,6.9913826,0.7297,0.36197274923324585,22.288633
CE,0,CE_cfg0_des10,10,1,15,DAGGDPEDTAERRAE,6.6073065,7.730973,0.7352,0.4772355854511261,5.0628324
CE,0,CE_cfg0_des10,10,2,12,FPDDDEATRAAE,6.6073065,5.1129484,0.7352,0.4772355854511261,37.228382
CE,0,CE_cfg0_des10,10,3,10,DVPGKSPRDE,6.6073065,3.6760545,0.7352,0.4772355854511261,14.724345
CE,0,CE_cfg0_des10,10,4,10,EATGSTTAAE,6.6073065,6.7507186,0.7352,0.4772355854511261,8.356637
CE,0,CE_cfg0_des11,11,1,15,GIAADSSDLAAALAE,15.323274,20.306011,0.7258,0.3801942765712738,9.00248
CE,0,CE_cfg0_des11,11,2,12,DPDRDESTLAAE,15.323274,17.984081,0.7258,0.3801942765712738,18.275118
CE,0,CE_cfg0_des11,11,3,10,DDPSKSPRDE,15.323274,18.93535,0.7258,0.3801942765712738,19.44111
CE,0,CE_cfg0_des11,11,4,10,TAGQSNFGPA,15.323274,16.342093,0.7258,0.3801942765712738,5.9623146
CE,0,CE_cfg0_des12,12,1,15,DADPAATTEADARAE,6.9382896,8.719693,0.7295,0.36304742097854614,28.52067
CE,0,CE_cfg0_des12,12,2,12,MPDTDEAKAAAE,6.9382896,7.374986,0.7295,0.36304742097854614,3.6070023
CE,0,CE_cfg0_des12,12,3,10,DTPGKDLRDE,6.9382896,7.725733,0.7295,0.36304742097854614,31.888596
CE,0,CE_cfg0_des12,12,4,10,TTGQSSFAAA,6.9382896,6.5953875,0.7295,0.36304742097854614,20.163408
CE,0,CE_cfg0_des13,13,1,15,NIAATGDSDAAALAE,14.087975,14.126721,0.7103,0.34675928950309753,4.939861
CE,0,CE_cfg0_des13,13,2,12,DKNKDNKLTAAE,14.087975,9.838932,0.7103,0.34675928950309753,31.069174
CE,0,CE_cfg0_des13,13,3,10,DDPSLSARDE,14.087975,12.927451,0.7103,0.34675928950309753,5.667774
CE,0,CE_cfg0_des13,13,4,10,TTGASSNAAA,14.087975,22.657543,0.7103,0.34675928950309753,25.126741
CE,0,CE_cfg0_des14,14,1,15,GWDASKPWGAADRAE,9.686026,11.764842,0.7216,0.42011669278144836,11.927952
CE,0,CE_cfg0_des14,14,2,12,GIGQDEAAAAKE,9.686026,8.953694,0.7216,0.42011669278144836,11.807445
CE,0,CE_cfg0_des14,14,3,10,FDGTTDLRAA,9.686026,11.7703495,0.7216,0.42011669278144836,6.5180526
CE,0,CE_cfg0_des14,14,4,10,DVAGKTAGEE,9.686026,13.749728,0.7216,0.42011669278144836,19.630379
CE,1,CE_cfg1_des0,0,1,13,DTIDGDGKISLAE,2.3175256,1.5495353,0.8478,0.8902435302734375,25.91349
CE,1,CE_cfg1_des0,0,2,12,DKDGSGVLSAEE,2.3175256,1.879251,0.8478,0.8902435302734375,2.6349888
CE,1,CE_cfg1_des0,0,3,15,QPAATRAKGVMSRAE,2.3175256,3.139104,0.8478,0.8902435302734375,23.728064
CE,1,CE_cfg1_des0,0,4,14,DAVGDGDGKLDAAE,2.3175256,1.7057729,0.8478,0.8902435302734375,8.526626
CE,1,CE_cfg1_des1,1,1,13,GLGSGGAAANRAE,3.2808409,1.3391714,0.7278,0.39645206928253174,21.241499
CE,1,CE_cfg1_des1,1,2,12,TAGRENTKAGDE,3.2808409,2.5714016,0.7278,0.39645206928253174,4.368594
CE,1,CE_cfg1_des1,1,3,15,GIDPNKPCGSEPRSE,3.2808409,3.4556544,0.7278,0.39645206928253174,14.18506
CE,1,CE_cfg1_des1,1,4,14,TAGTADTAAAITAA,3.2808409,4.1476774,0.7278,0.39645206928253174,19.437887
CE,1,CE_cfg1_des2,2,1,13,DLDGDGTAISRAE,1.2218283,0.6754997,0.8311,0.8808454871177673,23.19146
CE,1,CE_cfg1_des2,2,2,12,DKNGDGVLSAEE,1.2218283,0.60062414,0.8311,0.8808454871177673,29.345106
CE,1,CE_cfg1_des2,2,3,15,DTDDTDGSHKMNRAE,1.2218283,1.070144,0.8311,0.8808454871177673,26.585587
CE,1,CE_cfg1_des2,2,4,14,DDGADGDGNIDAAE,1.2218283,2.457498,0.8311,0.8808454871177673,8.426259
CE,1,CE_cfg1_des3,3,1,13,GVSAAHPTIERSE,13.096342,16.32008,0.7113,0.36461567878723145,29.021751
CE,1,CE_cfg1_des3,3,2,12,NTPGTSSVTAAE,13.096342,10.363014,0.7113,0.36461567878723145,18.57488
CE,1,CE_cfg1_des3,3,3,15,GILDNSSSRAEDRAE,13.096342,9.562674,0.7113,0.36461567878723145,15.260207
CE,1,CE_cfg1_des3,3,4,14,GFEDGDPLADATAE,13.096342,13.1794615,0.7113,0.36461567878723145,4.641188
CE,1,CE_cfg1_des4,4,1,13,DNGALSDAARLAE,10.150954,10.329201,0.7897,0.6906546950340271,19.60129
CE,1,CE_cfg1_des4,4,2,12,DKDGSGLLTAEE,10.150954,3.1786284,0.7897,0.6906546950340271,5.438935
CE,1,CE_cfg1_des4,4,3,15,SPNSDPANPQLSRAE,10.150954,3.388175,0.7897,0.6906546950340271,8.919351
CE,1,CE_cfg1_des4,4,4,14,NPTPSTTAAAIAAE,10.150954,11.019822,0.7897,0.6906546950340271,16.19122
CE,1,CE_cfg1_des5,5,1,13,GMTTDDPAANLAE,1.9198339,1.9886229,0.8366,0.8743560910224915,6.2176175
CE,1,CE_cfg1_des5,5,2,12,DKNGDGKLSAEE,1.9198339,0.5651248,0.8366,0.8743560910224915,29.880365
CE,1,CE_cfg1_des5,5,3,15,ADKDGSGDGKLSRAE,1.9198339,0.9821761,0.8366,0.8743560910224915,9.065146
CE,1,CE_cfg1_des5,5,4,14,DAPGADGSKTIAEE,1.9198339,4.274242,0.8366,0.8743560910224915,27.94428
CE,1,CE_cfg1_des6,6,1,13,DLDSADGKISLAE,2.071878,2.0814645,0.8465,0.8678346276283264,22.595377
CE,1,CE_cfg1_des6,6,2,12,DVNGDGVLSAEE,2.071878,1.3915675,0.8465,0.8678346276283264,17.25595
CE,1,CE_cfg1_des6,6,3,15,QAATSKGDGTLTRAE,2.071878,3.2063098,0.8465,0.8678346276283264,16.701508
CE,1,CE_cfg1_des6,6,4,14,DAGGDGDGKLSAAE,2.071878,1.3092327,0.8465,0.8678346276283264,2.4333618
CE,1,CE_cfg1_des7,7,1,13,DLDGVDGKISLAE,2.3548918,1.0564821,0.8447,0.8737662434577942,23.53008
CE,1,CE_cfg1_des7,7,2,12,DKNGDGKLSAEE,2.3548918,0.7802194,0.8447,0.8737662434577942,13.248925
CE,1,CE_cfg1_des7,7,3,15,ESAATAGDGTLSRAE,2.3548918,3.6844983,0.8447,0.8737662434577942,23.723137
CE,1,CE_cfg1_des7,7,4,14,DLDKDGDGYIDAAE,2.3548918,2.3461037,0.8447,0.8737662434577942,2.494303
CE,1,CE_cfg1_des8,8,1,13,GLTSADRAAQLAE,12.926669,16.613342,0.7561,0.5888530015945435,11.4640665
CE,1,CE_cfg1_des8,8,2,12,NPNRDGSNVSEE,12.926669,18.456108,0.7561,0.5888530015945435,12.847589
CE,1,CE_cfg1_des8,8,3,15,GLEDDDGDYARERAE,12.926669,12.654874,0.7561,0.5888530015945435,25.76066
CE,1,CE_cfg1_des8,8,4,14,FDAADAAGESVAAA,12.926669,10.826873,0.7561,0.5888530015945435,31.914392
CE,1,CE_cfg1_des9,9,1,13,DTENHDGRISLAE,6.710867,6.7748914,0.7251,0.49315300583839417,4.9102955
CE,1,CE_cfg1_des9,9,2,12,NTKDPAVTAAEE,6.710867,7.437732,0.7251,0.49315300583839417,20.859083
CE,1,CE_cfg1_des9,9,3,15,GLDPSKNLTAADRPE,6.710867,7.0678854,0.7251,0.49315300583839417,27.030085
CE,1,CE_cfg1_des9,9,4,14,ELDKDGDGLLSAAE,6.710867,6.4545803,0.7251,0.49315300583839417,10.057935
CE,1,CE_cfg1_des10,10,1,13,GLTSTDLAAQRAE,11.283407,7.241151,0.7558,0.6415078639984131,4.6780086
CE,1,CE_cfg1_des10,10,2,12,RSDADRESLREE,11.283407,6.033485,0.7558,0.6415078639984131,30.61865
CE,1,CE_cfg1_des10,10,3,15,DADDPDDTLEQIRAE,11.283407,9.37116,0.7558,0.6415078639984131,10.771176
CE,1,CE_cfg1_des10,10,4,14,NPAASADVADTAAE,11.283407,12.177544,0.7558,0.6415078639984131,24.353266
CE,1,CE_cfg1_des11,11,1,13,GMAGSSDAAALAE,11.801945,17.361036,0.7298,0.388338565826416,9.616826
CE,1,CE_cfg1_des11,11,2,12,DVNSSAKTIAEA,11.801945,11.855729,0.7298,0.388338565826416,12.292684
CE,1,CE_cfg1_des11,11,3,15,GISADDTDAAKVRPE,11.801945,9.717219,0.7298,0.388338565826416,15.510948
CE,1,CE_cfg1_des11,11,4,14,DDPADAAGGSVAAA,11.801945,12.06924,0.7298,0.388338565826416,4.5663896
CE,1,CE_cfg1_des12,12,1,13,GLAGSTPAAALAE,3.1252787,2.6163185,0.8209,0.8688788414001465,22.879822
CE,1,CE_cfg1_des12,12,2,12,DKNKDGVLTAEE,3.1252787,1.2529894,0.8209,0.8688788414001465,2.5066574
CE,1,CE_cfg1_des12,12,3,15,SGYDGDNDGKLNRAE,3.1252787,2.5714417,0.8209,0.8688788414001465,22.509071
CE,1,CE_cfg1_des12,12,4,14,DAPTCADGLFTAAE,3.1252787,4.540156,0.8209,0.8688788414001465,5.1134815
CE,1,CE_cfg1_des13,13,1,13,NMANATRTAALAE,1.7898645,1.5914514,0.842,0.8890572190284729,8.272685
CE,1,CE_cfg1_des13,13,2,12,DVNGDGVLSAEE,1.7898645,1.0610332,0.842,0.8890572190284729,35.19077
CE,1,CE_cfg1_des13,13,3,15,DTGDNGGDGTLSRAE,1.7898645,2.5207334,0.842,0.8890572190284729,8.935303
CE,1,CE_cfg1_des13,13,4,14,DPSTDPNDKFTAAE,1.7898645,1.6783153,0.842,0.8890572190284729,26.53736
CE,1,CE_cfg1_des14,14,1,13,DTADGDGRVSLAE,1.5535228,0.5496263,0.8277,0.8807806968688965,23.13437
CE,1,CE_cfg1_des14,14,2,12,DTNGDGKLSAEE,1.5535228,0.72473586,0.8277,0.8807806968688965,2.4885893
CE,1,CE_cfg1_des14,14,3,15,DNAAADSSGKLSRAE,1.5535228,2.5945733,0.8277,0.8807806968688965,25.224823
CE,1,CE_cfg1_des14,14,4,14,ELDGRGDGVLSAAE,1.5535228,2.3949862,0.8277,0.8807806968688965,8.947263
CE,2,CE_cfg2_des0,0,1,12,DADGDGTISLAE,1.6375341,1.1553231,0.8538,0.9012460708618164,23.89237
CE,2,CE_cfg2_des0,0,2,13,SAADGDGRLSAEE,1.6375341,1.1005865,0.8538,0.9012460708618164,9.536907
CE,2,CE_cfg2_des0,0,3,13,DADPADGTLSRAE,1.6375341,2.5694828,0.8538,0.9012460708618164,23.303085
CE,2,CE_cfg2_des0,0,4,12,DTNGDGTLDAAE,1.6375341,1.2248751,0.8538,0.9012460708618164,8.744828
CE,2,CE_cfg2_des1,1,1,12,DADGDGVISLAE,1.985908,0.57270575,0.8306,0.8662069439888,24.299173
CE,2,CE_cfg2_des1,1,2,13,MPADSTFAEAVEE,1.985908,3.1916323,0.8306,0.8662069439888,11.003705
CE,2,CE_cfg2_des1,1,3,13,LDKGDDGTLTRAE,1.985908,3.1139848,0.8306,0.8662069439888,23.441223
CE,2,CE_cfg2_des1,1,4,12,DANGDGVLTAAE,1.985908,0.7421473,0.8306,0.8662069439888,9.491408
CE,2,CE_cfg2_des2,2,1,12,DADGDGVISLAE,1.0822324,1.0644597,0.8425,0.8877883553504944,2.4739616
CE,2,CE_cfg2_des2,2,2,13,NKDGRPGVLSAEE,1.0822324,1.0982238,0.8425,0.8877883553504944,28.998644
CE,2,CE_cfg2_des2,2,3,13,DKDGREGELSREE,1.0822324,1.3329748,0.8425,0.8877883553504944,2.6553438
CE,2,CE_cfg2_des2,2,4,12,DTNGDGVLDAAE,1.0822324,0.96755534,0.8425,0.8877883553504944,29.11997
CE,2,CE_cfg2_des3,3,1,12,DFDGDGKLSLAE,2.463972,1.5346035,0.811,0.8414496779441833,18.381575
CE,2,CE_cfg2_des3,3,2,13,FPDGAGNGNAPAE,2.463972,1.5560172,0.811,0.8414496779441833,13.697555
CE,2,CE_cfg2_des3,3,3,13,DADGNGKDLSRAE,2.463972,1.6514744,0.811,0.8414496779441833,2.6097345
CE,2,CE_cfg2_des3,3,4,12,TDGRADESDAAE,2.463972,5.916607,0.811,0.8414496779441833,7.3335915
CE,2,CE_cfg2_des4,4,1,12,DFDGDGVLSLAE,15.888757,15.848486,0.7397,0.39218008518218994,17.225603
CE,2,CE_cfg2_des4,4,2,13,HPEAESLEALAEE,15.888757,25.441837,0.7397,0.39218008518218994,12.660316
CE,2,CE_cfg2_des4,4,3,13,HDGEVTYEENRAE,15.888757,7.8283005,0.7397,0.39218008518218994,26.205606
CE,2,CE_cfg2_des4,4,4,12,EDAGAGASDAAE,15.888757,18.071165,0.7397,0.39218008518218994,30.875742
CE,2,CE_cfg2_des5,5,1,12,DFDGDGVISLAE,1.473328,1.1816735,0.8502,0.8957509994506836,23.196486
CE,2,CE_cfg2_des5,5,2,13,RKDPNDTTLSAEE,1.473328,1.3383118,0.8502,0.8957509994506836,6.083468
CE,2,CE_cfg2_des5,5,3,13,ADPDTPDELSRAE,1.473328,2.1159942,0.8502,0.8957509994506836,23.262667
CE,2,CE_cfg2_des5,5,4,12,DANGDGVLDAAE,1.473328,1.2144076,0.8502,0.8957509994506836,2.408573
CE,2,CE_cfg2_des6,6,1,12,DADGSGTISLAE,0.9759361,0.484566,0.8387,0.8973482251167297,23.155762
CE,2,CE_cfg2_des6,6,2,13,DGPDKDGYLSAEE,0.9759361,0.542487,0.8387,0.8973482251167297,2.5751524
CE,2,CE_cfg2_des6,6,3,13,GDKDGNGKLSREE,0.9759361,1.8874127,0.8387,0.8973482251167297,23.381355
CE,2,CE_cfg2_des6,6,4,12,DADGDGTLSAAE,0.9759361,0.6389632,0.8387,0.8973482251167297,8.8752985
CE,2,CE_cfg2_des7,7,1,12,DADGDGKISLAE,0.91226614,0.5473022,0.8267,0.8390578627586365,9.160061
CE,2,CE_cfg2_des7,7,2,13,GGGRHSVEEAIEE,0.91226614,1.0530239,0.8267,0.8390578627586365,26.732718
CE,2,CE_cfg2_des7,7,3,13,MTANGDGYLTRAE,0.91226614,1.5694736,0.8267,0.8390578627586365,2.5778692
CE,2,CE_cfg2_des7,7,4,12,DTNGDGYISAAE,0.91226614,0.39572048,0.8267,0.8390578627586365,21.688889
CE,2,CE_cfg2_des8,8,1,12,DADGDGKISLAE,1.8422533,1.0233457,0.8503,0.8821653127670288,23.16903
CE,2,CE_cfg2_des8,8,2,13,SSPSTPGVLSAEE,1.8422533,1.2621995,0.8503,0.8821653127670288,28.58793
CE,2,CE_cfg2_des8,8,3,13,SKDGDYSELSRDE,1.8422533,3.3899763,0.8503,0.8821653127670288,22.375963
CE,2,CE_cfg2_des8,8,4,12,DANGDGVLDAAE,1.8422533,1.284799,0.8503,0.8821653127670288,3.3428822
CE,2,CE_cfg2_des9,9,1,12,GFAADEDLELAE,8.687416,14.233586,0.7293,0.39473360776901245,18.142471
CE,2,CE_cfg2_des9,9,2,13,DPDETSDEELRKE,8.687416,4.115835,0.7293,0.39473360776901245,14.276104
CE,2,CE_cfg2_des9,9,3,13,EAPPGSKATLREE,8.687416,4.611646,0.7293,0.39473360776901245,14.499027
CE,2,CE_cfg2_des9,9,4,12,TDPLAGQPGDVE,8.687416,10.269722,0.7293,0.39473360776901245,20.021288
CE,2,CE_cfg2_des10,10,1,12,DADGSGVISLAE,0.87611103,0.7872108,0.8551,0.9039615988731384,24.1914
CE,2,CE_cfg2_des10,10,2,13,EKGDGDGVLSAEE,0.87611103,1.0566947,0.8551,0.9039615988731384,9.010867
CE,2,CE_cfg2_des10,10,3,13,DADGKDGKLSRAE,0.87611103,1.1432453,0.8551,0.9039615988731384,23.426346
CE,2,CE_cfg2_des10,10,4,12,DTNGDGTLDAAE,0.87611103,0.8040773,0.8551,0.9039615988731384,2.3884757
CE,2,CE_cfg2_des11,11,1,12,DADGDGKISLAE,2.6218245,1.2688243,0.8306,0.8521244525909424,9.4883995
CE,2,CE_cfg2_des11,11,2,13,DPDGNEDTSRATE,2.6218245,3.539552,0.8306,0.8521244525909424,25.703955
CE,2,CE_cfg2_des11,11,3,13,QLDGQDGTMSRAE,2.6218245,4.955159,0.8306,0.8521244525909424,4.378197
CE,2,CE_cfg2_des11,11,4,12,DANGDGYLDAAE,2.6218245,1.2404475,0.8306,0.8521244525909424,30.376106
CE,2,CE_cfg2_des12,12,1,12,DADGDGKISLAE,1.218359,1.0362295,0.8416,0.8868821859359741,19.373034
CE,2,CE_cfg2_des12,12,2,13,RKDPSTPTLTAEE,1.218359,1.2980051,0.8416,0.8868821859359741,9.420531
CE,2,CE_cfg2_des12,12,3,13,QADPNTDALTRAE,1.218359,1.9910886,0.8416,0.8868821859359741,23.883123
CE,2,CE_cfg2_des12,12,4,12,DADGDGTLSAAE,1.218359,0.93836313,0.8416,0.8868821859359741,8.710861
CE,2,CE_cfg2_des13,13,1,12,DADGDGKISLAE,0.82265645,0.8778273,0.8571,0.9065245389938354,9.41694
CE,2,CE_cfg2_des13,13,2,13,EKGDGSGKLSAEE,0.82265645,0.8691487,0.8571,0.9065245389938354,32.067707
CE,2,CE_cfg2_des13,13,3,13,DTDDDDGKLSRAE,0.82265645,1.1806254,0.8571,0.9065245389938354,2.6215136
CE,2,CE_cfg2_des13,13,4,12,DADGDGTLDAAE,0.82265645,0.8294839,0.8571,0.9065245389938354,8.724136
CE,2,CE_cfg2_des14,14,1,12,DADGDGRISLAE,1.4877203,0.8917922,0.8373,0.9091853499412537,22.803263
CE,2,CE_cfg2_des14,14,2,13,MPNGGPIAEAAKE,1.4877203,2.1587117,0.8373,0.9091853499412537,10.20653
CE,2,CE_cfg2_des14,14,3,13,TNKDGDGKVTRAE,1.4877203,2.0492656,0.8373,0.9091853499412537,23.20484
CE,2,CE_cfg2_des14,14,4,12,DADGDGVLSAAE,1.4877203,0.96500325,0.8373,0.9091853499412537,2.406202
CE,3,CE_cfg3_des0,0,1,13,NLDDSADAERLAE,13.816517,16.638092,0.7355,0.39372119307518005,14.376514
CE,3,CE_cfg3_des0,0,2,12,KLGEDFKETAEE,13.816517,16.302958,0.7355,0.39372119307518005,6.5419426
CE,3,CE_cfg3_des0,0,3,11,EKGKYPNRKAE,13.816517,10.547255,0.7355,0.39372119307518005,21.577063
CE,3,CE_cfg3_des0,0,4,12,TDGREDLPVAAE,13.816517,11.138857,0.7355,0.39372119307518005,19.56291
CE,3,CE_cfg3_des1,1,1,13,GLGSSDDAANLAE,15.035827,11.483016,0.7085,0.36048510670661926,10.880849
CE,3,CE_cfg3_des1,1,2,12,DPDGDRSTLAAE,15.035827,25.32687,0.7085,0.36048510670661926,12.935058
CE,3,CE_cfg3_des1,1,3,11,DSGPDSDARAE,15.035827,9.0796585,0.7085,0.36048510670661926,9.802041
CE,3,CE_cfg3_des1,1,4,12,DDPFVGASVAAE,15.035827,17.266495,0.7085,0.36048510670661926,18.880636
CE,3,CE_cfg3_des2,2,1,13,NMAGGSDAARRAE,5.1169643,5.267362,0.7858,0.6936821937561035,22.228811
CE,3,CE_cfg3_des2,2,2,12,DVNGDGVLTAEE,5.1169643,2.7718663,0.7858,0.6936821937561035,5.931083
CE,3,CE_cfg3_des2,2,3,11,SDGSGKLSRAE,5.1169643,4.488045,0.7858,0.6936821937561035,14.784226
CE,3,CE_cfg3_des2,2,4,12,EAPDTSGDTAAA,5.1169643,7.0577745,0.7858,0.6936821937561035,18.366293
CE,3,CE_cfg3_des3,3,1,13,GQDPADTTWDLAE,3.1627274,4.8850613,0.7711,0.7095615267753601,17.215363
CE,3,CE_cfg3_des3,3,2,12,GEPESLEDAIEE,3.1627274,2.8273,0.7711,0.7095615267753601,15.814801
CE,3,CE_cfg3_des3,3,3,11,ETDKSKSPREE,3.1627274,2.776741,0.7711,0.7095615267753601,22.624596
CE,3,CE_cfg3_des3,3,4,12,EAASPDGTAAAA,3.1627274,2.9162827,0.7711,0.7095615267753601,9.504546
CE,3,CE_cfg3_des4,4,1,13,GMTSGDRAADLAE,1.7132707,1.3517429,0.8148,0.8600762486457825,19.504576
CE,3,CE_cfg3_des4,4,2,12,DKDGSGYLTAEE,1.7132707,0.7746272,0.8148,0.8600762486457825,28.399261
CE,3,CE_cfg3_des4,4,3,11,SNGKDKLNRAE,1.7132707,1.5946652,0.8148,0.8600762486457825,5.037122
CE,3,CE_cfg3_des4,4,4,12,TDGTDPADRAAE,1.7132707,3.3313558,0.8148,0.8600762486457825,29.19584
CE,3,CE_cfg3_des5,5,1,13,GITDADDAANLAE,10.782656,16.106081,0.7365,0.44551199674606323,10.795097
CE,3,CE_cfg3_des5,5,2,12,DPDHDESTAPAE,10.782656,10.020443,0.7365,0.44551199674606323,13.524631
CE,3,CE_cfg3_des5,5,3,11,SDGGNGLSRAE,10.782656,8.826,0.7365,0.44551199674606323,16.88737
CE,3,CE_cfg3_des5,5,4,12,EAEDTTGDEAAA,10.782656,7.3762507,0.7365,0.44551199674606323,7.6484323
CE,3,CE_cfg3_des6,6,1,13,GLTSADDAANLAE,1.2974029,1.1729091,0.833,0.8581010103225708,27.306417
CE,3,CE_cfg3_des6,6,2,12,DVNGDGLLSAEE,1.2974029,0.86711556,0.833,0.8581010103225708,8.458631
CE,3,CE_cfg3_des6,6,3,11,DNGDGKLSRAE,1.2974029,1.1541809,0.833,0.8581010103225708,2.7907531
CE,3,CE_cfg3_des6,6,4,12,TAGDTAGDTAAA,1.2974029,1.7140939,0.833,0.8581010103225708,29.868597
CE,3,CE_cfg3_des7,7,1,13,NLGSADDAARLAE,7.405786,8.025472,0.7944,0.7470848560333252,21.609285
CE,3,CE_cfg3_des7,7,2,12,DVNGDGVLSAEE,7.405786,3.4221504,0.7944,0.7470848560333252,9.688365
CE,3,CE_cfg3_des7,7,3,11,CNGDPVLSRAE,7.405786,3.155656,0.7944,0.7470848560333252,9.544549
CE,3,CE_cfg3_des7,7,4,12,EAEGGSGSVAQE,7.405786,6.763271,0.7944,0.7470848560333252,16.166412
CE,3,CE_cfg3_des8,8,1,13,GLDTEDAAANLAE,7.9214635,8.02847,0.7812,0.6841961741447449,23.851553
CE,3,CE_cfg3_des8,8,2,12,DVNGDGVLTAEE,7.9214635,2.7493095,0.7812,0.6841961741447449,10.226369
CE,3,CE_cfg3_des8,8,3,11,DDGSGKLSRAE,7.9214635,3.7380402,0.7812,0.6841961741447449,24.99938
CE,3,CE_cfg3_des8,8,4,12,FDGDPSTPVATE,7.9214635,8.761848,0.7812,0.6841961741447449,4.1535945
CE,3,CE_cfg3_des9,9,1,13,VTDPAAPALTLAE,3.8729906,8.113201,0.8405,0.8705297112464905,14.302234
CE,3,CE_cfg3_des9,9,2,12,DKNGDGVLTAEE,3.8729906,1.5062176,0.8405,0.8705297112464905,30.67949
CE,3,CE_cfg3_des9,9,3,11,SNGDDTLSRAE,3.8729906,2.5065508,0.8405,0.8705297112464905,3.169081
CE,3,CE_cfg3_des9,9,4,12,EAAGAGASTAAE,3.8729906,4.135229,0.8405,0.8705297112464905,28.491537
CE,3,CE_cfg3_des10,10,1,13,GFDDEDQAENLAE,9.932593,11.021339,0.7915,0.7282370328903198,6.006775
CE,3,CE_cfg3_des10,10,2,12,DTDGSGYLTAEE,9.932593,2.9874487,0.7915,0.7282370328903198,4.596837
CE,3,CE_cfg3_des10,10,3,11,DGGSGKLNRAE,9.932593,3.3539732,0.7915,0.7282370328903198,24.183207
CE,3,CE_cfg3_des10,10,4,12,NPPDPSISVAAE,9.932593,12.478634,0.7915,0.7282370328903198,18.200686
CE,3,CE_cfg3_des11,11,1,13,DLDGDGDGLSLAE,1.8907293,1.2461933,0.8349,0.8538538217544556,23.234705
CE,3,CE_cfg3_des11,11,2,12,DKNGDGVLTAEE,1.8907293,0.71516436,0.8349,0.8538538217544556,2.5191028
CE,3,CE_cfg3_des11,11,3,11,TGGSGKMSRAE,1.8907293,2.095186,0.8349,0.8538538217544556,23.394419
CE,3,CE_cfg3_des11,11,4,12,EDAGAGKSVAEE,1.8907293,2.8482516,0.8349,0.8538538217544556,13.947014
CE,3,CE_cfg3_des12,12,1,13,NLAGSSTAAARAE,2.3249257,3.1068227,0.8492,0.8796977996826172,23.199205
CE,3,CE_cfg3_des12,12,2,12,DVNGDGVLNAEE,2.3249257,0.98215985,0.8492,0.8796977996826172,29.204222
CE,3,CE_cfg3_des12,12,3,11,SNGDGVLSRAE,2.3249257,2.1381986,0.8492,0.8796977996826172,7.185196
CE,3,CE_cfg3_des12,12,4,12,DATGDGVFTAAE,2.3249257,3.635411,0.8492,0.8796977996826172,29.917273
CE,3,CE_cfg3_des13,13,1,13,NLDGAGDVISLAE,2.3463798,4.8786683,0.841,0.8653131723403931,7.3723207
CE,3,CE_cfg3_des13,13,2,12,DVNGDGKLTAEE,2.3463798,0.737278,0.841,0.8653131723403931,31.31693
CE,3,CE_cfg3_des13,13,3,11,DNGSGALSRAE,2.3463798,1.7959106,0.841,0.8653131723403931,8.493647
CE,3,CE_cfg3_des13,13,4,12,DANNDGVLSAAE,2.3463798,1.767255,0.841,0.8653131723403931,29.429695
CE,3,CE_cfg3_des14,14,1,13,DFDGDGKELSLAE,1.2413925,1.3777577,0.8386,0.8621276617050171,23.80028
CE,3,CE_cfg3_des14,14,2,12,DVNGDGVLTAEE,1.2413925,1.110158,0.8386,0.8621276617050171,15.556274
CE,3,CE_cfg3_des14,14,3,11,SNGSGKLTRAE,1.2413925,1.2860013,0.8386,0.8621276617050171,3.8398855
CE,3,CE_cfg3_des14,14,4,12,TDGMAGKSAAEE,1.2413925,2.036995,0.8386,0.8621276617050171,12.979603
CE,4,CE_cfg4_des0,0,1,12,DFNGDGVLSLAE,16.08613,4.4516144,0.7428,0.4307063817977905,16.231148
CE,4,CE_cfg4_des0,0,2,13,SNGDETTAAMAEE,16.08613,10.434329,0.7428,0.4307063817977905,12.700977
CE,4,CE_cfg4_des0,0,3,13,DDPATPGKFTKAE,16.08613,24.972294,0.7428,0.4307063817977905,9.183164
CE,4,CE_cfg4_des0,0,4,10,TAGQSSDAAA,16.08613,27.800922,0.7428,0.4307063817977905,19.81382
CE,4,CE_cfg4_des1,1,1,12,DLDGDGVLSLAE,1.9324691,1.2828083,0.8377,0.8622309565544128,23.437475
CE,4,CE_cfg4_des1,1,2,13,SAADGDGVLTAEE,1.9324691,1.4340231,0.8377,0.8622309565544128,12.417617
CE,4,CE_cfg4_des1,1,3,13,IKTPGDKGLTRDE,1.9324691,3.4089882,0.8377,0.8622309565544128,9.354136
CE,4,CE_cfg4_des1,1,4,10,TAGQTDDAAA,1.9324691,1.2524292,0.8377,0.8622309565544128,10.275194
CE,4,CE_cfg4_des2,2,1,12,DADGDGVLDLAE,4.1848207,5.733009,0.7301,0.46568581461906433,3.0835626
CE,4,CE_cfg4_des2,2,2,13,DPNHDYDESVAAE,4.1848207,3.298351,0.7301,0.46568581461906433,9.32559
CE,4,CE_cfg4_des2,2,3,13,DPDGSGTSLNRAE,4.1848207,2.5742114,0.7301,0.46568581461906433,22.28718
CE,4,CE_cfg4_des2,2,4,10,EATASDTAAE,4.1848207,4.667656,0.7301,0.46568581461906433,26.978678
CE,4,CE_cfg4_des3,3,1,12,NLSDDAAESRAE,1.9643056,3.1437166,0.8309,0.8618682026863098,4.4307055
CE,4,CE_cfg4_des3,3,2,13,SAADGDGVLSAEE,1.9643056,1.0487032,0.8309,0.8618682026863098,31.05986
CE,4,CE_cfg4_des3,3,3,13,DTVDGNGKLSRAE,1.9643056,1.021847,0.8309,0.8618682026863098,2.6400995
CE,4,CE_cfg4_des3,3,4,10,TAGQTTIAAA,1.9643056,1.82273,0.8309,0.8618682026863098,30.216219
CE,4,CE_cfg4_des4,4,1,12,DANGDGVLTLAE,1.8821139,1.6713868,0.8403,0.8822628855705261,23.384993
CE,4,CE_cfg4_des4,4,2,13,SAADGDGTLSAEE,1.8821139,1.3845823,0.8403,0.8822628855705261,7.1723766
CE,4,CE_cfg4_des4,4,3,13,DGGDGDGKLSRAE,1.8821139,1.6807882,0.8403,0.8822628855705261,9.365783
CE,4,CE_cfg4_des4,4,4,10,TAGQSTSAAA,1.8821139,4.6270304,0.8403,0.8822628855705261,9.054463
CE,4,CE_cfg4_des5,5,1,12,DFNKDGKLSLAE,1.471089,0.887176,0.8331,0.886414110660553,24.086067
CE,4,CE_cfg4_des5,5,2,13,SGADGDGKLSAEE,1.471089,1.9128814,0.8331,0.886414110660553,8.760627
CE,4,CE_cfg4_des5,5,3,13,DTDDHDGKLSRAE,1.471089,1.0027275,0.8331,0.886414110660553,23.22423
CE,4,CE_cfg4_des5,5,4,10,QAGQSSDAAA,1.471089,2.7980773,0.8331,0.886414110660553,4.81047
CE,4,CE_cfg4_des6,6,1,12,DFDGDGVLSLAE,1.1801925,0.92590266,0.8351,0.8766451478004456,23.628244
CE,4,CE_cfg4_des6,6,2,13,DVDKDGYLYGKTE,1.1801925,0.69418925,0.8351,0.8766451478004456,3.7145185
CE,4,CE_cfg4_des6,6,3,13,SKDPKKDYLTRDE,1.1801925,1.5822026,0.8351,0.8766451478004456,23.147017
CE,4,CE_cfg4_des6,6,4,10,TAGQTDEAAA,1.1801925,1.5479058,0.8351,0.8766451478004456,10.912681
CE,4,CE_cfg4_des7,7,1,12,DFDGDGVLSLAE,1.2886777,1.0836006,0.8412,0.8629511594772339,25.159578
CE,4,CE_cfg4_des7,7,2,13,SGGDGSGVISAAE,1.2886777,1.017828,0.8412,0.8629511594772339,9.757966
CE,4,CE_cfg4_des7,7,3,13,SKDGDPSQLSRAE,1.2886777,1.552801,0.8412,0.8629511594772339,23.414495
CE,4,CE_cfg4_des7,7,4,10,TAGASSDAAA,1.2886777,1.2539141,0.8412,0.8629511594772339,5.339337
CE,4,CE_cfg4_des8,8,1,12,DADGDGVISLAE,0.7892543,0.61562294,0.8474,0.8987277150154114,24.276413
CE,4,CE_cfg4_des8,8,2,13,AAPDGDGKLSAEE,0.7892543,0.94269395,0.8474,0.8987277150154114,8.948333
CE,4,CE_cfg4_des8,8,3,13,DTGDGDGKLSRAE,0.7892543,0.8643868,0.8474,0.8987277150154114,24.780983
CE,4,CE_cfg4_des8,8,4,10,TSDGLLSAAE,0.7892543,0.6894636,0.8474,0.8987277150154114,9.598741
CE,4,CE_cfg4_des9,9,1,12,DFDGDGVLSLAE,1.025815,0.5957173,0.8376,0.878026008605957,23.932762
CE,4,CE_cfg4_des9,9,2,13,DNGDGSGTLTAEE,1.025815,1.8223861,0.8376,0.878026008605957,8.71458
CE,4,CE_cfg4_des9,9,3,13,QADPADGALTRAE,1.025815,1.1065502,0.8376,0.878026008605957,23.710676
CE,4,CE_cfg4_des9,9,4,10,TTGQTDDAAA,1.025815,1.2568468,0.8376,0.878026008605957,10.056699
CE,4,CE_cfg4_des10,10,1,12,DFDGDGELSLAE,1.1349188,1.2073117,0.8386,0.8942096829414368,23.094858
CE,4,CE_cfg4_des10,10,2,13,DTDGDGTSLSAEE,1.1349188,1.1562662,0.8386,0.8942096829414368,5.815497
CE,4,CE_cfg4_des10,10,3,13,DLDGKDNTLSRAE,1.1349188,1.5545036,0.8386,0.8942096829414368,8.929561
CE,4,CE_cfg4_des10,10,4,10,TAGAADSATA,1.1349188,1.1637102,0.8386,0.8942096829414368,11.161439
CE,4,CE_cfg4_des11,11,1,12,DFDGDGKISLAE,14.189326,22.863665,0.7405,0.36908337473869324,11.271323
CE,4,CE_cfg4_des11,11,2,13,MGGTSSLADAIAE,14.189326,19.353712,0.7405,0.36908337473869324,12.4914665
CE,4,CE_cfg4_des11,11,3,13,IKEPGSKTFTKEE,14.189326,10.644026,0.7405,0.36908337473869324,17.411491
CE,4,CE_cfg4_des11,11,4,10,EAAGSSTAAE,14.189326,10.4848585,0.7405,0.36908337473869324,27.887789
CE,4,CE_cfg4_des12,12,1,12,NFSDDEAASRAE,9.048558,3.4508162,0.7882,0.7443590760231018,23.689108
CE,4,CE_cfg4_des12,12,2,13,SAADGDGKLSAEE,9.048558,4.3348484,0.7882,0.7443590760231018,5.70536
CE,4,CE_cfg4_des12,12,3,13,DKDGDGKSLSRDE,9.048558,3.482487,0.7882,0.7443590760231018,8.81183
CE,4,CE_cfg4_des12,12,4,10,EAAAATVAAE,9.048558,6.4606714,0.7882,0.7443590760231018,7.7645664
CE,4,CE_cfg4_des13,13,1,12,DADGDGVISRAE,0.84346753,0.68186504,0.8408,0.8810011744499207,2.461668
CE,4,CE_cfg4_des13,13,2,13,SAASNDGVLTAEE,0.84346753,0.9610857,0.8408,0.8810011744499207,29.009054
CE,4,CE_cfg4_des13,13,3,13,DADGDGKALSRAE,0.84346753,1.1722928,0.8408,0.8810011744499207,2.7581587
CE,4,CE_cfg4_des13,13,4,10,STDGSLTAAE,0.84346753,0.94536054,0.8408,0.8810011744499207,29.079874
CE,4,CE_cfg4_des14,14,1,12,NFSEDAAATRAE,10.67136,4.3104987,0.7821,0.6419939398765564,6.337916
CE,4,CE_cfg4_des14,14,2,13,FGGAGSGAEARKE,10.67136,7.754653,0.7821,0.6419939398765564,51.034145
CE,4,CE_cfg4_des14,14,3,13,GTTSDSDTFTRDE,10.67136,4.1355996,0.7821,0.6419939398765564,26.743242
CE,4,CE_cfg4_des14,14,4,10,EAASSDIAAE,10.67136,6.1413302,0.7821,0.6419939398765564,6.406668
PR,0,PR_cfg0_des0,0,1,10,SADGTISLAE,1.158556,1.3798717,0.8512,0.9058207273483276,22.986734
PR,0,PR_cfg0_des0,0,2,11,DDGDGRLTAEE,1.158556,1.0413305,0.8512,0.9058207273483276,9.351756
PR,0,PR_cfg0_des0,0,3,10,SDDGTLSRAE,1.158556,1.7427046,0.8512,0.9058207273483276,9.182084
PR,0,PR_cfg0_des0,0,4,12,DADGDGRLSAAE,1.158556,1.2010138,0.8512,0.9058207273483276,2.425294
PR,0,PR_cfg0_des1,1,1,10,SADGVLSLAE,5.826395,7.590903,0.8205,0.8322470188140869,19.801165
PR,0,PR_cfg0_des1,1,2,11,HTDPSTPSAEE,5.826395,7.5038166,0.8205,0.8322470188140869,11.830508
PR,0,PR_cfg0_des1,1,3,10,GIGREGTREE,5.826395,7.67632,0.8205,0.8322470188140869,8.738443
PR,0,PR_cfg0_des1,1,4,12,TDPLKGQPSAVE,5.826395,5.9039736,0.8205,0.8322470188140869,28.912407
PR,0,PR_cfg0_des2,2,1,10,GDDGTISLAE,1.9605384,0.89829034,0.8174,0.8349530100822449,9.552758
PR,0,PR_cfg0_des2,2,2,11,GVTDGASAAAE,1.9605384,2.9023626,0.8174,0.8349530100822449,26.854609
PR,0,PR_cfg0_des2,2,3,10,DVGSTDWRAA,1.9605384,2.4977343,0.8174,0.8349530100822449,28.45508
PR,0,PR_cfg0_des2,2,4,12,DANGDGVLSAAE,1.9605384,0.59479624,0.8174,0.8349530100822449,10.149369
PR,0,PR_cfg0_des3,3,1,10,TTDGTLTLAE,0.96042204,0.99626887,0.8475,0.9026493430137634,24.338226
PR,0,PR_cfg0_des3,3,2,11,DDGDGTLTAEE,0.96042204,0.83645433,0.8475,0.9026493430137634,12.024475
PR,0,PR_cfg0_des3,3,3,10,SDDGTLSRAE,0.96042204,1.3064672,0.8475,0.9026493430137634,3.034358
PR,0,PR_cfg0_des3,3,4,12,EAEGAGKSDAEE,0.96042204,0.9652614,0.8475,0.9026493430137634,3.7657635
PR,0,PR_cfg0_des4,4,1,10,DVPGQSRLEE,5.6373553,3.4406033,0.7719,0.6904710531234741,27.049417
PR,0,PR_cfg0_des4,4,2,11,NPTSDTLTAEE,5.6373553,3.1019783,0.7719,0.6904710531234741,24.62291
PR,0,PR_cfg0_des4,4,3,10,SDGDSLSRAE,5.6373553,4.759812,0.7719,0.6904710531234741,11.663544
PR,0,PR_cfg0_des4,4,4,12,EDAGAGKPWAEE,5.6373553,6.365781,0.7719,0.6904710531234741,21.379135
PR,0,PR_cfg0_des5,5,1,10,GSDGTISLAE,1.5033051,1.7132902,0.847,0.8932196497917175,9.055512
PR,0,PR_cfg0_des5,5,2,11,SGGSGYLTAEE,1.5033051,0.9879984,0.847,0.8932196497917175,31.73793
PR,0,PR_cfg0_des5,5,3,10,SSDGKLSRAE,1.5033051,1.6507193,0.847,0.8932196497917175,2.9948504
PR,0,PR_cfg0_des5,5,4,12,DADGDGTLDAAE,1.5033051,1.2174956,0.847,0.8932196497917175,9.984856
PR,0,PR_cfg0_des6,6,1,10,SDDGRISLAE,1.6123093,2.138981,0.8561,0.9116740822792053,23.456087
PR,0,PR_cfg0_des6,6,2,11,DDGDGTLSAEE,1.6123093,0.9370525,0.8561,0.9116740822792053,2.5864825
PR,0,PR_cfg0_des6,6,3,10,SSDGKLSRAE,1.6123093,1.5746424,0.8561,0.9116740822792053,24.24787
PR,0,PR_cfg0_des6,6,4,12,DADGDGTLDAAE,1.6123093,1.2923716,0.8561,0.9116740822792053,8.714761
PR,0,PR_cfg0_des7,7,1,10,STDGTLSLAE,1.9514527,2.216431,0.8447,0.8941390514373779,23.31262
PR,0,PR_cfg0_des7,7,2,11,DNGSGTLTAEE,1.9514527,1.3274767,0.8447,0.8941390514373779,26.552727
PR,0,PR_cfg0_des7,7,3,10,SDDGTLSRAE,1.9514527,1.5223475,0.8447,0.8941390514373779,27.718224
PR,0,PR_cfg0_des7,7,4,12,EVEGGDASDAEE,1.9514527,4.402295,0.8447,0.8941390514373779,9.546399
PR,0,PR_cfg0_des8,8,1,10,DRAGLSAREE,10.904195,8.198982,0.7233,0.3915012776851654,22.35456
PR,0,PR_cfg0_des8,8,2,11,AGPDGLLTAEE,10.904195,13.591978,0.7233,0.3915012776851654,22.160103
PR,0,PR_cfg0_des8,8,3,10,SASGELSRAE,10.904195,15.668375,0.7233,0.3915012776851654,24.737417
PR,0,PR_cfg0_des8,8,4,12,KIDDDDAHRAAE,10.904195,8.63109,0.7233,0.3915012776851654,20.806826
PR,0,PR_cfg0_des9,9,1,10,GSDGTISLAE,2.1880841,2.3978033,0.8129,0.8327779769897461,23.230833
PR,0,PR_cfg0_des9,9,2,11,GLTDDAKWAEE,2.1880841,2.1864316,0.8129,0.8327779769897461,17.855349
PR,0,PR_cfg0_des9,9,3,10,DDDSKSNREE,2.1880841,1.2435691,0.8129,0.8327779769897461,23.96399
PR,0,PR_cfg0_des9,9,4,12,DADGDGVLDAAE,2.1880841,0.7069374,0.8129,0.8327779769897461,3.1393945
PR,0,PR_cfg0_des10,10,1,10,SSDGRISLAE,1.2030852,1.5269537,0.8549,0.9080466628074646,23.159021
PR,0,PR_cfg0_des10,10,2,11,SKDGGDLTAAE,1.2030852,1.1587751,0.8549,0.9080466628074646,15.298665
PR,0,PR_cfg0_des10,10,3,10,SADGTLSRAE,1.2030852,1.3570961,0.8549,0.9080466628074646,23.659363
PR,0,PR_cfg0_des10,10,4,12,DANADGYLSAAE,1.2030852,1.1428539,0.8549,0.9080466628074646,2.353068
PR,0,PR_cfg0_des11,11,1,10,SDDGTLTLAE,2.218874,1.2565434,0.846,0.9046685695648193,27.74904
PR,0,PR_cfg0_des11,11,2,11,DDGSGTLSAEE,2.218874,1.4396244,0.846,0.9046685695648193,9.711408
PR,0,PR_cfg0_des11,11,3,10,SDDGVLSRAE,2.218874,1.8473874,0.846,0.9046685695648193,9.866262
PR,0,PR_cfg0_des11,11,4,12,TDGRAGLSTAEE,2.218874,5.3710055,0.846,0.9046685695648193,9.867363
PR,0,PR_cfg0_des12,12,1,10,STDGTISLAE,1.0146194,0.8986001,0.8565,0.9157532453536987,2.6282375
PR,0,PR_cfg0_des12,12,2,11,DNGDGVLTAEE,1.0146194,1.0813359,0.8565,0.9157532453536987,2.5191233
PR,0,PR_cfg0_des12,12,3,10,SADGTLSRAE,1.0146194,1.2475319,0.8565,0.9157532453536987,24.181992
PR,0,PR_cfg0_des12,12,4,12,DADGDGTLSAAE,1.0146194,0.99511933,0.8565,0.9157532453536987,9.2568655
PR,0,PR_cfg0_des13,13,1,10,DDPALSRREE,7.647975,6.325995,0.7999,0.7708104848861694,24.790216
PR,0,PR_cfg0_des13,13,2,11,SKGSDTLTAEE,7.647975,2.6860938,0.7999,0.7708104848861694,14.315689
PR,0,PR_cfg0_des13,13,3,10,SDDGTLSRAE,7.647975,1.6858258,0.7999,0.7708104848861694,4.187925
PR,0,PR_cfg0_des13,13,4,12,EVAGGDGSEAEE,7.647975,6.755564,0.7999,0.7708104848861694,26.10081
PR,0,PR_cfg0_des14,14,1,10,DDPSLTRREE,12.44145,12.741196,0.7192,0.388043612241745,4.9411035
PR,0,PR_cfg0_des14,14,2,11,DPDHTELTAEE,12.44145,7.4756694,0.7192,0.388043612241745,21.364899
PR,0,PR_cfg0_des14,14,3,10,DDDSLSSREE,12.44145,16.641113,0.7192,0.388043612241745,24.534903
PR,0,PR_cfg0_des14,14,4,12,DDPLADKPWAEE,12.44145,18.405794,0.7192,0.388043612241745,21.335695
PR,1,PR_cfg1_des0,0,1,13,RADPADDTVSLAE,0.85008043,0.69424623,0.8259,0.8928171992301941,24.962496
PR,1,PR_cfg1_des0,0,2,10,SSDGVLTAAE,0.85008043,1.128478,0.8259,0.8928171992301941,27.55348
PR,1,PR_cfg1_des0,0,3,10,SADGTLDRAE,0.85008043,1.2614652,0.8259,0.8928171992301941,2.9350548
PR,1,PR_cfg1_des0,0,4,11,SGGDDALSAAE,0.85008043,0.8186172,0.8259,0.8928171992301941,3.13087
PR,1,PR_cfg1_des1,1,1,13,DTEDGDGLISLAE,1.4679958,0.8124918,0.8532,0.9030219912528992,23.348505
PR,1,PR_cfg1_des1,1,2,10,SSDGTLSAEE,1.4679958,1.2079308,0.8532,0.9030219912528992,30.55594
PR,1,PR_cfg1_des1,1,3,10,SDDDTLSRAE,1.4679958,2.270955,0.8532,0.9030219912528992,4.478415
PR,1,PR_cfg1_des1,1,4,11,SGGDATLSAAE,1.4679958,0.893829,0.8532,0.9030219912528992,8.956886
PR,1,PR_cfg1_des2,2,1,13,SDGATSEAARRAE,7.3603573,4.401537,0.7487,0.537504255771637,26.817186
PR,1,PR_cfg1_des2,2,2,10,TAGEKDAKTA,7.3603573,8.874293,0.7487,0.537504255771637,13.2716055
PR,1,PR_cfg1_des2,2,3,10,SDDDDLSRAE,7.3603573,5.882234,0.7487,0.537504255771637,4.3475018
PR,1,PR_cfg1_des2,2,4,11,TADKSKSWAAE,7.3603573,9.072907,0.7487,0.537504255771637,19.354202
PR,1,PR_cfg1_des3,3,1,13,DLVDHDGTISLAE,3.3364,3.7043347,0.8062,0.828535795211792,3.2977502
PR,1,PR_cfg1_des3,3,2,10,DDGVSSDADE,3.3364,5.1735344,0.8062,0.828535795211792,27.903406
PR,1,PR_cfg1_des3,3,3,10,DASGTLSRAE,3.3364,3.6539755,0.8062,0.828535795211792,8.002251
PR,1,PR_cfg1_des3,3,4,11,ANGDDTLSAAE,3.3364,1.7859756,0.8062,0.828535795211792,26.521944
PR,1,PR_cfg1_des4,4,1,13,EDGDGDGVISLAE,1.3164511,1.9523879,0.843,0.8862898945808411,22.27337
PR,1,PR_cfg1_des4,4,2,10,SSDGVLSAEE,1.3164511,1.3632021,0.843,0.8862898945808411,7.6436768
PR,1,PR_cfg1_des4,4,3,10,SASGELSRAE,1.3164511,1.3654664,0.843,0.8862898945808411,4.0266023
PR,1,PR_cfg1_des4,4,4,11,SGGSSTLSAAE,1.3164511,0.45269537,0.843,0.8862898945808411,8.90126
PR,1,PR_cfg1_des5,5,1,13,NLGDGPDAENLAE,11.186932,10.138978,0.7309,0.48730772733688354,15.838275
PR,1,PR_cfg1_des5,5,2,10,EAGYASRAEA,11.186932,8.820061,0.7309,0.48730772733688354,28.018219
PR,1,PR_cfg1_des5,5,3,10,DVPGKSWRDE,11.186932,9.265932,0.7309,0.48730772733688354,30.80304
PR,1,PR_cfg1_des5,5,4,11,TADTSLSTAAE,11.186932,11.707354,0.7309,0.48730772733688354,14.924396
PR,1,PR_cfg1_des6,6,1,13,NITDGQTAANRAE,10.967919,12.089253,0.7522,0.438626766204834,5.016258
PR,1,PR_cfg1_des6,6,2,10,SDDGLLSAEE,10.967919,11.711278,0.7522,0.438626766204834,7.0810275
PR,1,PR_cfg1_des6,6,3,10,SSDGKLSRAE,10.967919,11.527806,0.7522,0.438626766204834,21.118586
PR,1,PR_cfg1_des6,6,4,11,DNAASASAAAE,10.967919,14.141396,0.7522,0.438626766204834,15.531945
PR,1,PR_cfg1_des7,7,1,13,DTLTADGRLSLAE,2.4096084,2.8353167,0.8395,0.8771842122077942,22.709396
PR,1,PR_cfg1_des7,7,2,10,ANGSTLTAAE,2.4096084,2.3553393,0.8395,0.8771842122077942,15.36201
PR,1,PR_cfg1_des7,7,3,10,SDDGTLSRAE,2.4096084,2.2973068,0.8395,0.8771842122077942,3.6194499
PR,1,PR_cfg1_des7,7,4,11,SGGSPALTAAE,2.4096084,1.3193886,0.8395,0.8771842122077942,9.714776
PR,1,PR_cfg1_des8,8,1,13,GMTDGSDAANRAE,13.546751,13.207341,0.7278,0.430980384349823,15.050155
PR,1,PR_cfg1_des8,8,2,10,STDGTLTAAE,13.546751,23.554152,0.7278,0.430980384349823,9.816203
PR,1,PR_cfg1_des8,8,3,10,SSDGTLDRAE,13.546751,14.543311,0.7278,0.430980384349823,3.9994192
PR,1,PR_cfg1_des8,8,4,11,EAAGGADTAAA,13.546751,6.9240146,0.7278,0.430980384349823,21.607542
PR,1,PR_cfg1_des9,9,1,13,DADGDGGDVSLAE,2.424592,1.4808384,0.785,0.8109592199325562,22.685486
PR,1,PR_cfg1_des9,9,2,10,DDGVSSTADE,2.424592,4.6415567,0.785,0.8109592199325562,9.910127
PR,1,PR_cfg1_des9,9,3,10,DDDGVLSRAE,2.424592,2.1124654,0.785,0.8109592199325562,27.947458
PR,1,PR_cfg1_des9,9,4,11,DAEHPGDTAAE,2.424592,3.2563462,0.785,0.8109592199325562,12.317073
PR,1,PR_cfg1_des10,10,1,13,DFIDHDGQISLAE,2.6381016,3.316602,0.7985,0.7840445637702942,16.351124
PR,1,PR_cfg1_des10,10,2,10,NDGVLSSVDE,2.6381016,4.5735292,0.7985,0.7840445637702942,10.664353
PR,1,PR_cfg1_des10,10,3,10,DDGSTLSRAE,2.6381016,2.8037426,0.7985,0.7840445637702942,25.845629
PR,1,PR_cfg1_des10,10,4,11,TNGDSTLSAAE,2.6381016,0.9911207,0.7985,0.7840445637702942,10.899297
PR,1,PR_cfg1_des11,11,1,13,AAAAGDTTISLAE,2.926726,5.925656,0.8287,0.8639181852340698,23.566996
PR,1,PR_cfg1_des11,11,2,10,SSDGVLTAEE,2.926726,1.2148793,0.8287,0.8639181852340698,10.963585
PR,1,PR_cfg1_des11,11,3,10,SDDGTLDRAE,2.926726,2.2069192,0.8287,0.8639181852340698,10.95601
PR,1,PR_cfg1_des11,11,4,11,SNGGSTLSAAE,2.926726,1.4724427,0.8287,0.8639181852340698,29.466217
PR,1,PR_cfg1_des12,12,1,13,DFDGVDGKISLAE,2.0203435,1.3207161,0.8137,0.8534220457077026,23.047686
PR,1,PR_cfg1_des12,12,2,10,DDGVSSDADE,2.0203435,4.7304716,0.8137,0.8534220457077026,3.963864
PR,1,PR_cfg1_des12,12,3,10,DPDGKLTRAE,2.0203435,1.581933,0.8137,0.8534220457077026,10.573485
PR,1,PR_cfg1_des12,12,4,11,SGGSGSLSAAE,2.0203435,1.1139101,0.8137,0.8534220457077026,9.076301
PR,1,PR_cfg1_des13,13,1,13,NLTDGETAANRAE,14.10257,23.659037,0.7498,0.5100015997886658,4.617455
PR,1,PR_cfg1_des13,13,2,10,DVPGVSAVDE,14.10257,21.84479,0.7498,0.5100015997886658,7.161255
PR,1,PR_cfg1_des13,13,3,10,DPDLVLSRAE,14.10257,13.27665,0.7498,0.5100015997886658,22.96131
PR,1,PR_cfg1_des13,13,4,11,EAASNGTVADA,14.10257,12.637973,0.7498,0.5100015997886658,26.726013
PR,1,PR_cfg1_des14,14,1,13,DFDGADGTISLAE,1.4403437,1.8076446,0.8237,0.8770478963851929,20.705526
PR,1,PR_cfg1_des14,14,2,10,STDGTLSAAE,1.4403437,1.1109289,0.8237,0.8770478963851929,9.850565
PR,1,PR_cfg1_des14,14,3,10,SASGTLDRAE,1.4403437,1.6451652,0.8237,0.8770478963851929,9.655385
PR,1,PR_cfg1_des14,14,4,11,SGGGSTLSAAE,1.4403437,0.7455484,0.8237,0.8770478963851929,8.52675
PR,2,PR_cfg2_des0,0,1,15,DFDGDGVIDAANPAE,1.5807937,1.946379,0.8171,0.8652567267417908,23.109827
PR,2,PR_cfg2_des0,0,2,11,DDGSGYLSAEE,1.5807937,0.6386672,0.8171,0.8652567267417908,2.550938
PR,2,PR_cfg2_des0,0,3,12,DADGDGKLSRAE,1.5807937,0.7717525,0.8171,0.8652567267417908,26.835846
PR,2,PR_cfg2_des0,0,4,13,AAVDGDGVLGAAE,1.5807937,1.7470355,0.8171,0.8652567267417908,9.735217
PR,2,PR_cfg2_des1,1,1,15,DDPSAGNDGRISLAE,0.92572033,1.218064,0.858,0.9103211760520935,9.871636
PR,2,PR_cfg2_des1,1,2,11,DDGDGTLSAEE,0.92572033,0.8874702,0.858,0.9103211760520935,26.991455
PR,2,PR_cfg2_des1,1,3,12,DKDGDGKLSRAE,0.92572033,0.9845538,0.858,0.9103211760520935,9.225029
PR,2,PR_cfg2_des1,1,4,13,DGADADGYLNAAE,0.92572033,1.0325696,0.858,0.9103211760520935,27.22631
PR,2,PR_cfg2_des2,2,1,15,DFDNADGDGKISLAE,1.970812,3.678965,0.8382,0.8973961472511292,24.945993
PR,2,PR_cfg2_des2,2,2,11,DDGSGALSAEE,1.970812,1.8076515,0.8382,0.8973961472511292,29.681404
PR,2,PR_cfg2_des2,2,3,12,DADGDGKLNRAE,1.970812,1.3014275,0.8382,0.8973961472511292,23.186579
PR,2,PR_cfg2_des2,2,4,13,SAADGDGKLSAAE,1.970812,0.6860315,0.8382,0.8973961472511292,26.573952
PR,2,PR_cfg2_des3,3,1,15,NLSDAAPDRAENLAE,6.8800745,8.684212,0.778,0.7334908246994019,23.653456
PR,2,PR_cfg2_des3,3,2,11,DDGDGTLTAEE,6.8800745,1.0899216,0.778,0.7334908246994019,2.6049268
PR,2,PR_cfg2_des3,3,3,12,DADGDGKLDRAE,6.8800745,2.9013863,0.778,0.7334908246994019,2.4279726
PR,2,PR_cfg2_des3,3,4,13,DVIGAAGASTTQE,6.8800745,9.07832,0.778,0.7334908246994019,18.907774
PR,2,PR_cfg2_des4,4,1,15,DFDNASGGATISLAE,4.2558045,8.856263,0.8254,0.8622153401374817,9.606235
PR,2,PR_cfg2_des4,4,2,11,DKDGVALTAAE,4.2558045,1.279835,0.8254,0.8622153401374817,19.025278
PR,2,PR_cfg2_des4,4,3,12,DADGDGTLSRAE,4.2558045,1.7379665,0.8254,0.8622153401374817,8.802138
PR,2,PR_cfg2_des4,4,4,13,DADGDGTSLSTAE,4.2558045,1.9297639,0.8254,0.8622153401374817,26.708849
PR,2,PR_cfg2_des5,5,1,15,DTDGDTSSDAARRAE,7.980304,9.389596,0.7715,0.6698721647262573,2.8182914
PR,2,PR_cfg2_des5,5,2,11,SKDGVALTAEE,7.980304,7.132435,0.7715,0.6698721647262573,31.525269
PR,2,PR_cfg2_des5,5,3,12,DADGDGKLSRAE,7.980304,3.3298364,0.7715,0.6698721647262573,2.3774574
PR,2,PR_cfg2_des5,5,4,13,DDDLPGDVPAAAE,7.980304,7.6886296,0.7715,0.6698721647262573,26.33119
PR,2,PR_cfg2_des6,6,1,15,DGYDGDNDGKISLAE,1.9620552,2.7990046,0.8518,0.9049519896507263,22.607328
PR,2,PR_cfg2_des6,6,2,11,DDGDGTLSAEE,1.9620552,1.5638835,0.8518,0.9049519896507263,2.5061777
PR,2,PR_cfg2_des6,6,3,12,DADGDGKLNRAE,1.9620552,1.4522456,0.8518,0.9049519896507263,24.746527
PR,2,PR_cfg2_des6,6,4,13,NAGHTDGKLNAAE,1.9620552,1.3644545,0.8518,0.9049519896507263,9.073658
PR,2,PR_cfg2_des7,7,1,15,TVYDEDGDGLISLAE,1.7305377,2.6120791,0.8499,0.9057167768478394,2.4498978
PR,2,PR_cfg2_des7,7,2,11,DDGDGYLTAEE,1.7305377,1.2551266,0.8499,0.9057167768478394,29.656866
PR,2,PR_cfg2_des7,7,3,12,DADGDGKLNRAE,1.7305377,1.212135,0.8499,0.9057167768478394,2.405347
PR,2,PR_cfg2_des7,7,4,13,TAADGDGKLSAAE,1.7305377,1.0354404,0.8499,0.9057167768478394,29.271338
PR,2,PR_cfg2_des8,8,1,15,DSNDTDGDGRVDLAE,2.1930177,4.068803,0.8191,0.8870359063148499,22.666353
PR,2,PR_cfg2_des8,8,2,11,SDGDGTLTAEE,2.1930177,1.6936488,0.8191,0.8870359063148499,2.8595197
PR,2,PR_cfg2_des8,8,3,12,DADGDGKLNRAE,2.1930177,1.475644,0.8191,0.8870359063148499,24.617456
PR,2,PR_cfg2_des8,8,4,13,TADPADTTLTAAE,2.1930177,0.9549768,0.8191,0.8870359063148499,8.700364
PR,2,PR_cfg2_des9,9,1,15,DDADGSRSVDAMRAE,2.9398243,6.098627,0.8196,0.8620009422302246,28.919863
PR,2,PR_cfg2_des9,9,2,11,SNGDDTLTAEE,2.9398243,1.3069866,0.8196,0.8620009422302246,3.299385
PR,2,PR_cfg2_des9,9,3,12,DADGDGKLNRAE,2.9398243,0.9834669,0.8196,0.8620009422302246,2.4756894
PR,2,PR_cfg2_des9,9,4,13,NGDEADGVFTDAE,2.9398243,3.4033089,0.8196,0.8620009422302246,2.9003096
PR,2,PR_cfg2_des10,10,1,15,DNGGDPASRADNLAA,2.7511556,6.122126,0.8331,0.8763617277145386,23.3343
PR,2,PR_cfg2_des10,10,2,11,SGGDDTLTAEE,2.7511556,0.8987223,0.8331,0.8763617277145386,32.58226
PR,2,PR_cfg2_des10,10,3,12,DADGDGVLSRAE,2.7511556,0.75048834,0.8331,0.8763617277145386,8.85591
PR,2,PR_cfg2_des10,10,4,13,EAAEPPGGTLADA,2.7511556,1.4386293,0.8331,0.8763617277145386,30.779419
PR,2,PR_cfg2_des11,11,1,15,NDPADGDPGRISLAE,1.4489295,2.1288788,0.8419,0.8810935020446777,2.677737
PR,2,PR_cfg2_des11,11,2,11,DDGDGYLTAEE,1.4489295,0.84576565,0.8419,0.8810935020446777,29.422812
PR,2,PR_cfg2_des11,11,3,12,DADGDGKLSRAE,1.4489295,1.3604155,0.8419,0.8810935020446777,9.651737
PR,2,PR_cfg2_des11,11,4,13,EGASADGFLSAAE,1.4489295,1.4214288,0.8419,0.8810935020446777,26.126818
PR,2,PR_cfg2_des12,12,1,15,DALDTTGDGRVSLAE,2.1665351,3.9526234,0.8398,0.8940038084983826,23.205297
PR,2,PR_cfg2_des12,12,2,11,DDGDGYLSAEE,2.1665351,1.4247692,0.8398,0.8940038084983826,26.89152
PR,2,PR_cfg2_des12,12,3,12,DADGDGKLSRAE,2.1665351,1.4378341,0.8398,0.8940038084983826,24.38752
PR,2,PR_cfg2_des12,12,4,13,EGADADGKLSAAE,2.1665351,1.2853427,0.8398,0.8940038084983826,29.553587
PR,2,PR_cfg2_des13,13,1,15,GWTAGVSSDADRLAE,4.5913987,3.9796202,0.7816,0.7432880401611328,26.957033
PR,2,PR_cfg2_des13,13,2,11,DDGDGVLTAEE,4.5913987,2.4362903,0.7816,0.7432880401611328,9.527191
PR,2,PR_cfg2_des13,13,3,12,DADGDGKLSRAE,4.5913987,1.3704282,0.7816,0.7432880401611328,9.754921
PR,2,PR_cfg2_des13,13,4,13,EADPAGAGDTAAE,4.5913987,5.014923,0.7816,0.7432880401611328,23.958694
PR,2,PR_cfg2_des14,14,1,15,DAASDPDKTTISLAE,2.2420058,4.0543284,0.843,0.8614815473556519,10.058635
PR,2,PR_cfg2_des14,14,2,11,DDGDGTLSAEE,2.2420058,1.4933538,0.843,0.8614815473556519,32.248646
PR,2,PR_cfg2_des14,14,3,12,DADGDGKLSRAE,2.2420058,1.4630512,0.843,0.8614815473556519,9.308309
PR,2,PR_cfg2_des14,14,4,13,DLDGDGTALDAAE,2.2420058,2.0065103,0.843,0.8614815473556519,26.301462
PR,3,PR_cfg3_des0,0,1,11,DDGDGHLSLAE,6.7336965,3.6275773,0.7659,0.652765154838562,23.308252
PR,3,PR_cfg3_des0,0,2,10,NSNDASSAEE,6.7336965,7.214784,0.7659,0.652765154838562,9.285889
PR,3,PR_cfg3_des0,0,3,13,AKDGDASNLSREE,6.7336965,6.6679654,0.7659,0.652765154838562,25.618242
PR,3,PR_cfg3_des0,0,4,13,EAAGRPGDDDAQE,6.7336965,7.651939,0.7659,0.652765154838562,10.046454
PR,3,PR_cfg3_des1,1,1,11,SDGDGYISLAE,1.2913014,0.9328114,0.8405,0.8977439999580383,23.300102
PR,3,PR_cfg3_des1,1,2,10,ANDDRLSAEE,1.2913014,2.1287997,0.8405,0.8977439999580383,10.821248
PR,3,PR_cfg3_des1,1,3,13,DTKDHDGTLDRAE,1.2913014,1.2252288,0.8405,0.8977439999580383,23.836914
PR,3,PR_cfg3_des1,1,4,13,SAADADGKLSAAE,1.2913014,1.5187601,0.8405,0.8977439999580383,2.7786396
PR,3,PR_cfg3_des2,2,1,11,SADGVTISLAE,1.0847102,0.95411146,0.8584,0.8996871709823608,11.691615
PR,3,PR_cfg3_des2,2,2,10,STDGRLSAEE,1.0847102,0.78405845,0.8584,0.8996871709823608,31.921295
PR,3,PR_cfg3_des2,2,3,13,QTNPADGLLSRAE,1.0847102,1.3817943,0.8584,0.8996871709823608,25.238493
PR,3,PR_cfg3_des2,2,4,13,QATPGDGKLDAAE,1.0847102,1.7475498,0.8584,0.8996871709823608,27.2885
PR,3,PR_cfg3_des3,3,1,11,SSDGGDLTLAE,2.607893,2.3338954,0.8314,0.8404120802879333,23.564013
PR,3,PR_cfg3_des3,3,2,10,TAKPGTAAEE,2.607893,2.7622309,0.8314,0.8404120802879333,28.154379
PR,3,PR_cfg3_des3,3,3,13,DADGDTSELSRDE,2.607893,1.8275644,0.8314,0.8404120802879333,4.383411
PR,3,PR_cfg3_des3,3,4,13,EAVGTPGTTSAQE,2.607893,5.6520004,0.8314,0.8404120802879333,8.888897
PR,3,PR_cfg3_des4,4,1,11,SDGDGYISLAE,0.96047837,0.66149753,0.846,0.9039021730422974,23.838747
PR,3,PR_cfg3_des4,4,2,10,SSDGYLSAEE,0.96047837,0.69136804,0.846,0.9039021730422974,13.764107
PR,3,PR_cfg3_des4,4,3,13,DTSGGDGRLSRAE,0.96047837,1.2422631,0.846,0.9039021730422974,24.32482
PR,3,PR_cfg3_des4,4,4,13,EQGDGDGKLSAAE,0.96047837,1.4990089,0.846,0.9039021730422974,2.4916399
PR,3,PR_cfg3_des5,5,1,11,SDGDGKISLAE,3.7820725,2.7075098,0.8292,0.7851421236991882,11.352773
PR,3,PR_cfg3_des5,5,2,10,HAEPASAADE,3.7820725,5.0900464,0.8292,0.7851421236991882,24.778078
PR,3,PR_cfg3_des5,5,3,13,DLDGTPNALSREE,3.7820725,7.1542215,0.8292,0.7851421236991882,25.391464
PR,3,PR_cfg3_des5,5,4,13,AGSDTDGYLDAAE,3.7820725,2.2260377,0.8292,0.7851421236991882,27.102554
PR,3,PR_cfg3_des6,6,1,11,DADGVSLSLAE,4.9445424,6.9176784,0.7947,0.7293478846549988,13.041465
PR,3,PR_cfg3_des6,6,2,10,SSDGVLSVEE,4.9445424,2.8873198,0.7947,0.7293478846549988,14.968646
PR,3,PR_cfg3_des6,6,3,13,DKDGSGLFLSRDE,4.9445424,6.24224,0.7947,0.7293478846549988,21.405243
PR,3,PR_cfg3_des6,6,4,13,EDAAAPGDTDAQE,4.9445424,3.128774,0.7947,0.7293478846549988,11.886468
PR,3,PR_cfg3_des7,7,1,11,DDGSGRLSLAE,13.552699,22.422413,0.7575,0.6065300703048706,20.707075
PR,3,PR_cfg3_des7,7,2,10,DDGVTPAADE,13.552699,22.30037,0.7575,0.6065300703048706,25.623133
PR,3,PR_cfg3_des7,7,3,13,DDGDGTGEISRAE,13.552699,9.699274,0.7575,0.6065300703048706,2.9232893
PR,3,PR_cfg3_des7,7,4,13,TAGFAADTPSAVE,13.552699,14.429826,0.7575,0.6065300703048706,32.796604
PR,3,PR_cfg3_des8,8,1,11,DDGVPGNRRAE,10.293772,12.440306,0.739,0.4771984815597534,26.225807
PR,3,PR_cfg3_des8,8,2,10,SSDGVLTAEE,10.293772,9.31318,0.739,0.4771984815597534,14.865842
PR,3,PR_cfg3_des8,8,3,13,SKTSGGKSLSREE,10.293772,15.033139,0.739,0.4771984815597534,21.582872
PR,3,PR_cfg3_des8,8,4,13,TDGAAAGTTPAQE,10.293772,13.193342,0.739,0.4771984815597534,19.695648
PR,3,PR_cfg3_des9,9,1,11,SDDGKYISLAE,1.7124418,0.7962857,0.8331,0.8595394492149353,9.229554
PR,3,PR_cfg3_des9,9,2,10,NKPGVSAADE,1.7124418,2.4114344,0.8331,0.8595394492149353,11.06457
PR,3,PR_cfg3_des9,9,3,13,DADGDTSHLSREE,1.7124418,1.8771374,0.8331,0.8595394492149353,21.135986
PR,3,PR_cfg3_des9,9,4,13,DNGDGDGKLSAAE,1.7124418,1.7329122,0.8331,0.8595394492149353,9.341937
PR,3,PR_cfg3_des10,10,1,11,DDGDGHLSLAE,12.563465,14.724953,0.7416,0.5693153738975525,16.46811
PR,3,PR_cfg3_des10,10,2,10,DTGTKSAAEE,12.563465,15.25902,0.7416,0.5693153738975525,23.271975
PR,3,PR_cfg3_des10,10,3,13,DPDGNGKTLSREE,12.563465,17.977497,0.7416,0.5693153738975525,8.125136
PR,3,PR_cfg3_des10,10,4,13,TDGAAASDTDADE,12.563465,15.115339,0.7416,0.5693153738975525,12.176791
PR,3,PR_cfg3_des11,11,1,11,DADGDGLSLAE,8.880137,15.697401,0.758,0.5484718680381775,2.4500477
PR,3,PR_cfg3_des11,11,2,10,SNGDTLTAAE,8.880137,4.436202,0.758,0.5484718680381775,20.070599
PR,3,PR_cfg3_des11,11,3,13,DKCDTDNTLSREE,8.880137,4.347022,0.758,0.5484718680381775,2.5761986
PR,3,PR_cfg3_des11,11,4,13,EATATPGSTDADE,8.880137,5.977448,0.758,0.5484718680381775,5.3266287
PR,3,PR_cfg3_des12,12,1,11,DDGDGHLSLAE,6.0363445,2.9150486,0.7784,0.6995299458503723,17.169668
PR,3,PR_cfg3_des12,12,2,10,DDGVSSAADE,6.0363445,6.75673,0.7784,0.6995299458503723,14.647064
PR,3,PR_cfg3_des12,12,3,13,DADGDANALSREE,6.0363445,3.3834777,0.7784,0.6995299458503723,23.112625
PR,3,PR_cfg3_des12,12,4,13,TDGAGPGASDAAE,6.0363445,11.844654,0.7784,0.6995299458503723,18.07934
PR,3,PR_cfg3_des13,13,1,11,SDGDGLVSLAE,9.961474,7.5496106,0.7864,0.7296545505523682,3.7799757
PR,3,PR_cfg3_des13,13,2,10,DKPGVPAVDE,9.961474,4.542209,0.7864,0.7296545505523682,24.52494
PR,3,PR_cfg3_des13,13,3,13,DPDGDLSSISREE,9.961474,6.6967263,0.7864,0.7296545505523682,3.8607886
PR,3,PR_cfg3_des13,13,4,13,QANPADDSLTAAE,9.961474,12.577549,0.7864,0.7296545505523682,32.223854
PR,3,PR_cfg3_des14,14,1,11,SDGDGTISLAE,1.7278155,1.3779417,0.8292,0.8492215275764465,23.411316
PR,3,PR_cfg3_des14,14,2,10,DKPGVSAVDE,1.7278155,2.5527265,0.8292,0.8492215275764465,15.876377
PR,3,PR_cfg3_des14,14,3,13,DKSGDLSSLSREE,1.7278155,2.3834543,0.8292,0.8492215275764465,24.444122
PR,3,PR_cfg3_des14,14,4,13,SGADGDGVLTAAE,1.7278155,1.564011,0.8292,0.8492215275764465,9.611545
PR,4,PR_cfg4_des0,0,1,10,SSDGSLSLAE,2.0625985,1.720662,0.8333,0.8818418979644775,23.504404
PR,4,PR_cfg4_des0,0,2,11,SGGDGELTAEE,2.0625985,1.1433829,0.8333,0.8818418979644775,30.188543
PR,4,PR_cfg4_des0,0,3,10,STDGKLNRAE,2.0625985,1.0331103,0.8333,0.8818418979644775,15.357095
PR,4,PR_cfg4_des0,0,4,15,SNGDSVDTGADAVAE,2.0625985,4.4434123,0.8333,0.8818418979644775,29.427088
PR,4,PR_cfg4_des1,1,1,10,STDGCLSLAE,1.0666894,1.2425478,0.8516,0.9026161432266235,23.634542
PR,4,PR_cfg4_des1,1,2,11,DDGSGTLSAEE,1.0666894,1.028785,0.8516,0.9026161432266235,29.537497
PR,4,PR_cfg4_des1,1,3,10,SSDGKLSRAE,1.0666894,1.3888893,0.8516,0.9026161432266235,25.20704
PR,4,PR_cfg4_des1,1,4,15,TGGDTRDCGADAVAE,1.0666894,0.86969566,0.8516,0.9026161432266235,9.465251
PR,4,PR_cfg4_des2,2,1,10,STDGTISLAE,1.5913954,2.520792,0.8469,0.9054120779037476,24.206612
PR,4,PR_cfg4_des2,2,2,11,DNGDGTLSAEE,1.5913954,0.8503546,0.8469,0.9054120779037476,6.2341247
PR,4,PR_cfg4_des2,2,3,10,SDDGTLSRAE,1.5913954,1.392211,0.8469,0.9054120779037476,3.106973
PR,4,PR_cfg4_des2,2,4,15,APTDPAGQEALTAAE,1.5913954,2.3265307,0.8469,0.9054120779037476,10.084147
PR,4,PR_cfg4_des3,3,1,10,DVPGQSRLAE,14.444892,18.300074,0.7408,0.5493139624595642,10.114907
PR,4,PR_cfg4_des3,3,2,11,NPDGGKITAAE,14.444892,18.994112,0.7408,0.5493139624595642,25.250076
PR,4,PR_cfg4_des3,3,3,10,DDDSLSDREE,14.444892,18.241854,0.7408,0.5493139624595642,6.0502834
PR,4,PR_cfg4_des3,3,4,15,TGDTPCTTAAEAAAE,14.444892,14.94392,0.7408,0.5493139624595642,21.136875
PR,4,PR_cfg4_des4,4,1,10,SSDGGLSLAE,1.7869098,2.5125413,0.8449,0.8972539305686951,26.093027
PR,4,PR_cfg4_des4,4,2,11,DNGDGTLSAEE,1.7869098,0.7671434,0.8449,0.8972539305686951,8.514554
PR,4,PR_cfg4_des4,4,3,10,SDDGKLDRAE,1.7869098,1.3473086,0.8449,0.8972539305686951,28.030075
PR,4,PR_cfg4_des4,4,4,15,TNGDTECTGADAVAE,1.7869098,3.373162,0.8449,0.8972539305686951,29.438309
PR,4,PR_cfg4_des5,5,1,10,STGSGLSLAE,2.2025573,3.201577,0.8239,0.8450274467468262,12.892587
PR,4,PR_cfg4_des5,5,2,11,SGGSGELSAAE,2.2025573,0.94039434,0.8239,0.8450274467468262,6.8872147
PR,4,PR_cfg4_des5,5,3,10,SDSSTMSRAE,2.2025573,2.067751,0.8239,0.8450274467468262,16.047474
PR,4,PR_cfg4_des5,5,4,15,TNGETYLSGAEAAAE,2.2025573,1.8093727,0.8239,0.8450274467468262,13.457759
PR,4,PR_cfg4_des6,6,1,10,STDGGLSLAE,14.263762,21.569647,0.7598,0.6260676980018616,18.313831
PR,4,PR_cfg4_des6,6,2,11,NTDPSTPSADE,14.263762,14.079107,0.7598,0.6260676980018616,24.872963
PR,4,PR_cfg4_des6,6,3,10,DDSDFMSRDE,14.263762,20.72042,0.7598,0.6260676980018616,19.782076
PR,4,PR_cfg4_des6,6,4,15,TGGATSSTGAAAAAE,14.263762,15.287162,0.7598,0.6260676980018616,20.420683
PR,4,PR_cfg4_des7,7,1,10,STDGTISLAE,12.864951,19.330706,0.7782,0.7331798672676086,17.950415
PR,4,PR_cfg4_des7,7,2,11,SDGDGTLSAEE,12.864951,20.815119,0.7782,0.7331798672676086,19.216898
PR,4,PR_cfg4_des7,7,3,10,SSDGLLSRDE,12.864951,12.303032,0.7782,0.7331798672676086,23.013115
PR,4,PR_cfg4_des7,7,4,15,AAEDPDKSGKLDAAA,12.864951,6.5535192,0.7782,0.7331798672676086,11.055061
PR,4,PR_cfg4_des8,8,1,10,STDGVLSLAE,2.273971,2.2633233,0.8323,0.8930625319480896,19.400047
PR,4,PR_cfg4_des8,8,2,11,SKGSGYLTAEE,2.273971,1.1492152,0.8323,0.8930625319480896,9.621184
PR,4,PR_cfg4_des8,8,3,10,SSDGRLNRAE,2.273971,1.1476011,0.8323,0.8930625319480896,6.4263577
PR,4,PR_cfg4_des8,8,4,15,TADSADDSAAASAAA,2.273971,5.038794,0.8323,0.8930625319480896,9.2264185
PR,4,PR_cfg4_des9,9,1,10,SSDGTISLAE,1.2054561,1.3419919,0.8545,0.9045842289924622,2.9206629
PR,4,PR_cfg4_des9,9,2,11,SNDGVTLTAEE,1.2054561,1.1540205,0.8545,0.9045842289924622,9.729128
PR,4,PR_cfg4_des9,9,3,10,SDDGTLSRAE,1.2054561,1.4501885,0.8545,0.9045842289924622,3.6190882
PR,4,PR_cfg4_des9,9,4,15,TGGDTSADATLTAAE,1.2054561,1.7677196,0.8545,0.9045842289924622,5.8419857
PR,4,PR_cfg4_des10,10,1,10,SADDGLSLAE,8.966675,11.403394,0.7441,0.534807026386261,24.293383
PR,4,PR_cfg4_des10,10,2,11,SNGDGKLTAEE,8.966675,7.993788,0.7441,0.534807026386261,22.249678
PR,4,PR_cfg4_des10,10,3,10,DDPSKSAREE,8.966675,11.717637,0.7441,0.534807026386261,19.03375
PR,4,PR_cfg4_des10,10,4,15,TGGDTLCRGAEAVAE,8.966675,11.092886,0.7441,0.534807026386261,18.769537
PR,4,PR_cfg4_des11,11,1,10,GADGTISLAE,1.7308956,2.5925655,0.8534,0.9034368395805359,9.781402
PR,4,PR_cfg4_des11,11,2,11,SDGDGYLTAEE,1.7308956,0.9976486,0.8534,0.9034368395805359,9.486768
PR,4,PR_cfg4_des11,11,3,10,SPDGRLSRAE,1.7308956,1.73289,0.8534,0.9034368395805359,11.439014
PR,4,PR_cfg4_des11,11,4,15,SGGEPLATARLDAAE,1.7308956,2.1791732,0.8534,0.9034368395805359,29.588127
PR,4,PR_cfg4_des12,12,1,10,STDGTISLAE,12.784524,12.276203,0.7404,0.5353519320487976,26.366745
PR,4,PR_cfg4_des12,12,2,11,NPDGGPLTAEE,12.784524,19.156752,0.7404,0.5353519320487976,12.4739485
PR,4,PR_cfg4_des12,12,3,10,DDDSKSSREE,12.784524,20.990128,0.7404,0.5353519320487976,7.23143
PR,4,PR_cfg4_des12,12,4,15,EATDPAKDGVLDAAS,12.784524,11.091244,0.7404,0.5353519320487976,3.879151
PR,4,PR_cfg4_des13,13,1,10,DVAGQTRLQE,2.2534213,5.2316136,0.8291,0.8769418597221375,22.90071
PR,4,PR_cfg4_des13,13,2,11,DDGDGTLTAEE,2.2534213,0.5595476,0.8291,0.8769418597221375,3.3297703
PR,4,PR_cfg4_des13,13,3,10,SSDGKLNRAE,2.2534213,0.7596166,0.8291,0.8769418597221375,9.871638
PR,4,PR_cfg4_des13,13,4,15,FDGSTDDSDAAIAAE,2.2534213,2.5646071,0.8291,0.8769418597221375,3.9175317
PR,4,PR_cfg4_des14,14,1,10,DVPGQSPLEE,2.2820635,1.9059818,0.8186,0.8324825167655945,20.087774
PR,4,PR_cfg4_des14,14,2,11,TKGSSTLTAEE,2.2820635,1.0944028,0.8186,0.8324825167655945,23.716925
PR,4,PR_cfg4_des14,14,3,10,DVPGADPRAE,2.2820635,2.9442344,0.8186,0.8324825167655945,30.080505
PR,4,PR_cfg4_des14,14,4,15,FGDDTSDSDAERAAE,2.2820635,2.8315506,0.8186,0.8324825167655945,4.42014
PM,0,PM_cfg0_des0,0,1,13,GFTDGDHAANRAE,13.334641,10.471553,0.7397,0.5341197848320007,6.027405
PM,0,PM_cfg0_des0,0,2,14,NPDKSYTRADTVAE,13.334641,17.401274,0.7397,0.5341197848320007,4.7759376
PM,0,PM_cfg0_des0,0,3,14,DDPADGDGGLNRAE,13.334641,16.265661,0.7397,0.5341197848320007,36.1721
PM,0,PM_cfg0_des0,0,4,12,EDAAPGASVAVE,13.334641,12.541534,0.7397,0.5341197848320007,8.905015
PM,0,PM_cfg0_des1,1,1,13,NMAGSSHAAGLAE,3.1421802,6.0976863,0.818,0.8265884518623352,23.031279
PM,0,PM_cfg0_des1,1,2,14,DNGKDGDGKLSAEE,3.1421802,3.000282,0.818,0.8265884518623352,8.744098
PM,0,PM_cfg0_des1,1,3,14,DLDKDGDGKLSRAE,3.1421802,1.5742402,0.818,0.8265884518623352,9.018038
PM,0,PM_cfg0_des1,1,4,12,TAGGNGTVTAAE,3.1421802,4.1480055,0.818,0.8265884518623352,17.988958
PM,0,PM_cfg0_des2,2,1,13,DTEDGDGRISLAE,1.6447434,1.1212274,0.8344,0.8724551200866699,23.882912
PM,0,PM_cfg0_des2,2,2,14,DTDKDGSGRLSAEE,1.6447434,1.1318058,0.8344,0.8724551200866699,28.92044
PM,0,PM_cfg0_des2,2,3,14,DLDKDGTNTLSRAE,1.6447434,2.4398794,0.8344,0.8724551200866699,23.523584
PM,0,PM_cfg0_des2,2,4,12,DTDGDGVLSAAE,1.6447434,1.3594946,0.8344,0.8724551200866699,18.003477
PM,0,PM_cfg0_des3,3,1,13,GMTSGSDAADRAE,8.242886,9.386644,0.7662,0.6513875126838684,22.64845
PM,0,PM_cfg0_des3,3,2,14,QTDGDGSGKLSAEE,8.242886,2.8518047,0.7662,0.6513875126838684,2.9602625
PM,0,PM_cfg0_des3,3,3,14,DLDGDGDGTLSRAE,8.242886,3.2950027,0.7662,0.6513875126838684,2.8324015
PM,0,PM_cfg0_des3,3,4,12,EAAGAGKTRAEE,8.242886,8.231862,0.7662,0.6513875126838684,16.93811
PM,0,PM_cfg0_des4,4,1,13,DRNGADGRISLAE,0.968798,1.1613798,0.8361,0.8768287897109985,23.593882
PM,0,PM_cfg0_des4,4,2,14,DAGGNGDGTLSAEE,0.968798,1.0486376,0.8361,0.8768287897109985,2.529739
PM,0,PM_cfg0_des4,4,3,14,DLDGDGDGKLSRAE,0.968798,1.3518659,0.8361,0.8768287897109985,23.925615
PM,0,PM_cfg0_des4,4,4,12,DADGDGVISAAE,0.968798,0.79066616,0.8361,0.8768287897109985,18.104324
PM,0,PM_cfg0_des5,5,1,13,DFDGADNAISLAE,5.3474298,2.7000961,0.804,0.7617171406745911,3.2434483
PM,0,PM_cfg0_des5,5,2,14,DPDGFLDGESAKKE,5.3474298,6.3168955,0.804,0.7617171406745911,30.791052
PM,0,PM_cfg0_des5,5,3,14,DLDGDGVPSLSRAE,5.3474298,8.278284,0.804,0.7617171406745911,12.306755
PM,0,PM_cfg0_des5,5,4,12,DADGDGLLSAAE,5.3474298,3.2396152,0.804,0.7617171406745911,17.727299
PM,0,PM_cfg0_des6,6,1,13,NITTTDLAENRAE,6.305946,5.4749007,0.7332,0.42984452843666077,17.783827
PM,0,PM_cfg0_des6,6,2,14,NPKASMPRAEAIKE,6.305946,5.207905,0.7332,0.42984452843666077,21.32765
PM,0,PM_cfg0_des6,6,3,14,MASSSPSSTFTRAE,6.305946,5.8302407,0.7332,0.42984452843666077,14.754769
PM,0,PM_cfg0_des6,6,4,12,EAADTSDDEAAA,6.305946,7.5114875,0.7332,0.42984452843666077,23.634233
PM,0,PM_cfg0_des7,7,1,13,DFEDGDGTISLAE,2.4816206,1.0049812,0.7954,0.71817547082901,2.6683152
PM,0,PM_cfg0_des7,7,2,14,DPAGSSSWAEAVEE,2.4816206,2.7502563,0.7954,0.71817547082901,30.66921
PM,0,PM_cfg0_des7,7,3,14,DQSGDLSSDLTRAE,2.4816206,3.1943212,0.7954,0.71817547082901,21.141068
PM,0,PM_cfg0_des7,7,4,12,DADGDGKLNAAE,2.4816206,1.8758738,0.7954,0.71817547082901,17.981718
PM,0,PM_cfg0_des8,8,1,13,DGGDGDGRISLAE,9.931168,2.9963653,0.8131,0.8190240263938904,2.7872078
PM,0,PM_cfg0_des8,8,2,14,NSSEVDTLAERAEE,9.931168,10.122779,0.8131,0.8190240263938904,31.336441
PM,0,PM_cfg0_des8,8,3,14,VSTEEDTREQARAE,9.931168,8.005986,0.8131,0.8190240263938904,23.242266
PM,0,PM_cfg0_des8,8,4,12,DADGDGVISAAE,9.931168,6.4303317,0.8131,0.8190240263938904,17.512201
PM,0,PM_cfg0_des9,9,1,13,DFEDGDGVLSLAE,3.4801939,2.286853,0.751,0.5922544002532959,23.906042
PM,0,PM_cfg0_des9,9,2,14,DPDGSSTPAEAAEE,3.4801939,4.3715777,0.751,0.5922544002532959,12.953984
PM,0,PM_cfg0_des9,9,3,14,DRDDNGDGLFTRAE,3.4801939,5.611451,0.751,0.5922544002532959,24.074614
PM,0,PM_cfg0_des9,9,4,12,TDPLKGAPSADE,3.4801939,4.4992743,0.751,0.5922544002532959,17.604961
PM,0,PM_cfg0_des10,10,1,13,NMTSGEPAEDLAE,16.189785,25.858887,0.7213,0.41417303681373596,15.174737
PM,0,PM_cfg0_des10,10,2,14,DPDGSSTRAEAAEE,16.189785,19.658178,0.7213,0.41417303681373596,26.51172
PM,0,PM_cfg0_des10,10,3,14,DDPATPDAPFTRAE,16.189785,13.546937,0.7213,0.41417303681373596,22.924133
PM,0,PM_cfg0_des10,10,4,12,DDAHKGQPKAVE,16.189785,16.769976,0.7213,0.41417303681373596,22.153837
PM,0,PM_cfg0_des11,11,1,13,NLTDTDDAANLAE,13.676501,16.806334,0.7339,0.33332163095474243,14.629745
PM,0,PM_cfg0_des11,11,2,14,DPDGIGEGAEAVEE,13.676501,15.810473,0.7339,0.33332163095474243,12.554763
PM,0,PM_cfg0_des11,11,3,14,ADPADGNIGLSRAE,13.676501,8.256284,0.7339,0.33332163095474243,18.035643
PM,0,PM_cfg0_des11,11,4,12,EAAEPSGDRAAE,13.676501,12.763743,0.7339,0.33332163095474243,15.860916
PM,0,PM_cfg0_des12,12,1,13,DFEDGDGRISLAE,1.0293114,0.8957843,0.8404,0.8846317529678345,2.601084
PM,0,PM_cfg0_des12,12,2,14,AAGSADPSRLTAAE,1.0293114,0.86855733,0.8404,0.8846317529678345,29.003187
PM,0,PM_cfg0_des12,12,3,14,DLDGDGDLTLSRAE,1.0293114,1.2984306,0.8404,0.8846317529678345,2.7395275
PM,0,PM_cfg0_des12,12,4,12,DADGDGVLSAAE,1.0293114,0.8693847,0.8404,0.8846317529678345,18.143518
PM,0,PM_cfg0_des13,13,1,13,DLDDDDGTISLAE,1.2171435,1.2655482,0.8392,0.8818715810775757,2.9239576
PM,0,PM_cfg0_des13,13,2,14,DAAGNGDGYLSAEE,1.2171435,1.1951253,0.8392,0.8818715810775757,29.142294
PM,0,PM_cfg0_des13,13,3,14,DLDGDGDGKLSRAE,1.2171435,1.666189,0.8392,0.8818715810775757,2.7966168
PM,0,PM_cfg0_des13,13,4,12,DADGDGTLNAAE,1.2171435,1.1831459,0.8392,0.8818715810775757,17.839281
PM,0,PM_cfg0_des14,14,1,13,DLDGPDGLISLAE,3.9243317,7.0421643,0.8165,0.8083980679512024,24.222488
PM,0,PM_cfg0_des14,14,2,14,DTDKDGSGKLTAEE,3.9243317,1.8883226,0.8165,0.8083980679512024,21.347328
PM,0,PM_cfg0_des14,14,3,14,DLDKDGSNVLSRAE,3.9243317,5.534645,0.8165,0.8083980679512024,23.357864
PM,0,PM_cfg0_des14,14,4,12,DTDGDGKLSAAE,3.9243317,2.1190922,0.8165,0.8083980679512024,17.238949
PM,1,PM_cfg1_des0,0,1,10,STDGTLTLAE,5.002933,3.675985,0.7922,0.7433273792266846,9.692273
PM,1,PM_cfg1_des0,0,2,10,SSDGLLSAEE,5.002933,5.642972,0.7922,0.7433273792266846,10.051064
PM,1,PM_cfg1_des0,0,3,12,DADGDGKLSRPE,5.002933,1.8698063,0.7922,0.7433273792266846,18.469444
PM,1,PM_cfg1_des0,0,4,12,EAEGAGKTDAEE,5.002933,6.5049324,0.7922,0.7433273792266846,4.6263266
PM,1,PM_cfg1_des1,1,1,10,STDGTLTLAE,11.662372,17.684765,0.7598,0.552034854888916,9.212894
PM,1,PM_cfg1_des1,1,2,10,SSDGLLSAEE,11.662372,17.389484,0.7598,0.552034854888916,30.848959
PM,1,PM_cfg1_des1,1,3,12,DKDGDGVLSRPE,11.662372,13.498332,0.7598,0.552034854888916,29.491198
PM,1,PM_cfg1_des1,1,4,12,TSVDPAATDAEE,11.662372,10.471622,0.7598,0.552034854888916,15.567047
PM,1,PM_cfg1_des2,2,1,10,STDGTLTLAE,11.746936,12.887119,0.7431,0.471549928188324,25.338827
PM,1,PM_cfg1_des2,2,2,10,DDPSKSTAEE,11.746936,15.881929,0.7431,0.471549928188324,12.153161
PM,1,PM_cfg1_des2,2,3,12,DKNGDGVLSRDE,11.746936,15.378902,0.7431,0.471549928188324,2.813079
PM,1,PM_cfg1_des2,2,4,12,EAEGAGKTDAEE,11.746936,13.356999,0.7431,0.471549928188324,9.022011
PM,1,PM_cfg1_des3,3,1,10,SSDGTLTLAE,1.7708423,2.2475288,0.8386,0.8692469000816345,23.237635
PM,1,PM_cfg1_des3,3,2,10,STDGVLSAEE,1.7708423,0.9948676,0.8386,0.8692469000816345,10.345731
PM,1,PM_cfg1_des3,3,3,12,DADGDGVLSRAE,1.7708423,1.1429485,0.8386,0.8692469000816345,23.461374
PM,1,PM_cfg1_des3,3,4,12,EDAGAGKTQAEE,1.7708423,4.0079026,0.8386,0.8692469000816345,17.138996
PM,1,PM_cfg1_des4,4,1,10,DIPGKSRREE,6.8816047,8.077669,0.7769,0.6514762043952942,17.263933
PM,1,PM_cfg1_des4,4,2,10,STTGTLSAEE,6.8816047,3.8881443,0.7769,0.6514762043952942,8.98545
PM,1,PM_cfg1_des4,4,3,12,DADGDGVLSRAE,6.8816047,3.19041,0.7769,0.6514762043952942,16.556591
PM,1,PM_cfg1_des4,4,4,12,EEAGAGKSPAEE,6.8816047,3.9189384,0.7769,0.6514762043952942,21.093025
PM,1,PM_cfg1_des5,5,1,10,DVPGKSRREE,6.1320996,8.944483,0.7407,0.5649267435073853,26.567144
PM,1,PM_cfg1_des5,5,2,10,DKVHPDDAEA,6.1320996,4.374684,0.7407,0.5649267435073853,29.429436
PM,1,PM_cfg1_des5,5,3,12,DKNGDGKLSRDE,6.1320996,2.6280713,0.7407,0.5649267435073853,16.868927
PM,1,PM_cfg1_des5,5,4,12,EDEGAGKSPAEE,6.1320996,4.2061543,0.7407,0.5649267435073853,17.826853
PM,1,PM_cfg1_des6,6,1,10,SSDGTISLAE,1.9699533,1.943447,0.8212,0.8282424211502075,2.9788609
PM,1,PM_cfg1_des6,6,2,10,HASGKPDVEE,1.9699533,2.7867477,0.8212,0.8282424211502075,29.309458
PM,1,PM_cfg1_des6,6,3,12,DKDGDGVLSRDE,1.9699533,2.5007064,0.8212,0.8282424211502075,2.5580504
PM,1,PM_cfg1_des6,6,4,12,DANGDGVLDAAE,1.9699533,1.1549385,0.8212,0.8282424211502075,18.417177
PM,1,PM_cfg1_des7,7,1,10,SSDGTLTLAE,2.5334194,1.2240018,0.8201,0.8149722218513489,23.584703
PM,1,PM_cfg1_des7,7,2,10,DDPSKTSAEE,2.5334194,5.6553636,0.8201,0.8149722218513489,27.412024
PM,1,PM_cfg1_des7,7,3,12,DKNGDGVISRDE,2.5334194,2.5155144,0.8201,0.8149722218513489,22.850012
PM,1,PM_cfg1_des7,7,4,12,EAVDPTGDDAAE,2.5334194,2.2180839,0.8201,0.8149722218513489,17.806166
PM,1,PM_cfg1_des8,8,1,10,STDGTLTLAE,1.1289049,0.94427675,0.8445,0.8698970079421997,2.8298938
PM,1,PM_cfg1_des8,8,2,10,SSDGALTAEE,1.1289049,0.75482166,0.8445,0.8698970079421997,2.8661842
PM,1,PM_cfg1_des8,8,3,12,DADGDGKLSRAE,1.1289049,0.9295053,0.8445,0.8698970079421997,2.4828873
PM,1,PM_cfg1_des8,8,4,12,TAGFAAGTDAAE,1.1289049,1.995251,0.8445,0.8698970079421997,18.293154
PM,1,PM_cfg1_des9,9,1,10,SSDGTLTLAE,5.644979,6.2576694,0.7363,0.5047281384468079,4.775127
PM,1,PM_cfg1_des9,9,2,10,DDGKSSSADE,5.644979,6.2818756,0.7363,0.5047281384468079,17.440653
PM,1,PM_cfg1_des9,9,3,12,DKNKDGELNRDE,5.644979,3.5265622,0.7363,0.5047281384468079,23.80488
PM,1,PM_cfg1_des9,9,4,12,EAEGAGKTDAEE,5.644979,7.192628,0.7363,0.5047281384468079,4.9934764
PM,1,PM_cfg1_des10,10,1,10,SADGALTLAE,0.8525953,0.7403452,0.8395,0.8646795153617859,23.387321
PM,1,PM_cfg1_des10,10,2,10,ADGDTLSAEE,0.8525953,0.7820909,0.8395,0.8646795153617859,27.42183
PM,1,PM_cfg1_des10,10,3,12,DADGDGVLSRAE,0.8525953,0.6516026,0.8395,0.8646795153617859,9.767113
PM,1,PM_cfg1_des10,10,4,12,EAAEPSGDPAAE,0.8525953,1.0630072,0.8395,0.8646795153617859,18.493362
PM,1,PM_cfg1_des11,11,1,10,STDGTLTLAE,2.8102589,1.8585463,0.8138,0.7947142124176025,2.8324072
PM,1,PM_cfg1_des11,11,2,10,DDPSLSSAEE,2.8102589,4.6957197,0.8138,0.7947142124176025,3.6425886
PM,1,PM_cfg1_des11,11,3,12,DKDGDGKLSRAE,2.8102589,1.7746913,0.8138,0.7947142124176025,2.414557
PM,1,PM_cfg1_des11,11,4,12,TDGAPAGQDAAA,2.8102589,5.608531,0.8138,0.7947142124176025,17.929722
PM,1,PM_cfg1_des12,12,1,10,SADGTLTLAE,2.9878752,2.302443,0.8081,0.7766095995903015,23.615564
PM,1,PM_cfg1_des12,12,2,10,NVPGVSSADE,2.9878752,5.4112835,0.8081,0.7766095995903015,12.666382
PM,1,PM_cfg1_des12,12,3,12,DKDGDGVLSRDE,2.9878752,2.7240589,0.8081,0.7766095995903015,23.547815
PM,1,PM_cfg1_des12,12,4,12,EAAGAGQSSAAE,2.9878752,4.262298,0.8081,0.7766095995903015,16.77502
PM,1,PM_cfg1_des13,13,1,10,STDGTLTLAE,7.067178,6.117595,0.7548,0.5664529204368591,6.7355285
PM,1,PM_cfg1_des13,13,2,10,TAGETDDAAA,7.067178,10.2069845,0.7548,0.5664529204368591,15.150105
PM,1,PM_cfg1_des13,13,3,12,DKNGDGKLSRDE,7.067178,4.0356207,0.7548,0.5664529204368591,2.86212
PM,1,PM_cfg1_des13,13,4,12,EAADKNDDTAEE,7.067178,8.919743,0.7548,0.5664529204368591,5.184009
PM,1,PM_cfg1_des14,14,1,10,SSDGTISLAE,2.1407342,1.6145155,0.824,0.8370377421379089,3.1455984
PM,1,PM_cfg1_des14,14,2,10,DKPGVKTAEE,2.1407342,4.9075956,0.824,0.8370377421379089,29.313705
PM,1,PM_cfg1_des14,14,3,12,DKNGDGELSRDE,2.1407342,2.2497418,0.824,0.8370377421379089,2.706023
PM,1,PM_cfg1_des14,14,4,12,DADGDGTLSAAE,2.1407342,1.1816062,0.824,0.8370377421379089,17.59894
PM,2,PM_cfg2_des0,0,1,12,DADGDGVISLAE,2.0944932,1.3645253,0.8428,0.886383056640625,2.4945316
PM,2,PM_cfg2_des0,0,2,13,DKGDGDGKLSAEE,2.0944932,1.9233829,0.8428,0.886383056640625,29.828445
PM,2,PM_cfg2_des0,0,3,15,TAGCADKDGKLSRAE,2.0944932,2.704521,0.8428,0.886383056640625,8.777584
PM,2,PM_cfg2_des0,0,4,10,SSDGTLDAAE,2.0944932,1.2856835,0.8428,0.886383056640625,18.129297
PM,2,PM_cfg2_des1,1,1,12,DFDGDGVLSLAE,9.141065,6.9059496,0.7384,0.4162568747997284,12.224908
PM,2,PM_cfg2_des1,1,2,13,DAGDGSGLLSAEE,9.141065,4.6169047,0.7384,0.4162568747997284,11.78188
PM,2,PM_cfg2_des1,1,3,15,DLSKKDNPPRLSRDE,9.141065,11.887501,0.7384,0.4162568747997284,22.047997
PM,2,PM_cfg2_des1,1,4,10,DAGQASDAAA,9.141065,11.69874,0.7384,0.4162568747997284,12.143704
PM,2,PM_cfg2_des2,2,1,12,DADGDGVLSLAE,1.9071466,1.5237288,0.8398,0.8524835109710693,2.4554121
PM,2,PM_cfg2_des2,2,2,13,AAADGDGKLSAEE,1.9071466,1.3630953,0.8398,0.8524835109710693,3.8369138
PM,2,PM_cfg2_des2,2,3,15,TAGCPTKDGKLSRAE,1.9071466,2.69524,0.8398,0.8524835109710693,9.056622
PM,2,PM_cfg2_des2,2,4,10,TAGQASSAAA,1.9071466,1.1309823,0.8398,0.8524835109710693,18.133608
PM,2,PM_cfg2_des3,3,1,12,NLDDDVAASRAE,13.93667,20.829973,0.707,0.3268241584300995,24.989187
PM,2,PM_cfg2_des3,3,2,13,GGPVLVGDEAVAE,13.93667,15.719768,0.707,0.3268241584300995,13.777135
PM,2,PM_cfg2_des3,3,3,15,DAPAGAATGSLTRAE,13.93667,12.914502,0.707,0.3268241584300995,21.486801
PM,2,PM_cfg2_des3,3,4,10,TKPGVSIAAE,13.93667,13.380823,0.707,0.3268241584300995,8.756522
PM,2,PM_cfg2_des4,4,1,12,DADGDGKLSLAE,1.1420772,0.7237046,0.836,0.8628072738647461,28.371607
PM,2,PM_cfg2_des4,4,2,13,NAGDGDDTLSAEE,1.1420772,1.1769507,0.836,0.8628072738647461,2.6153176
PM,2,PM_cfg2_des4,4,3,15,RNPATCKDGKLSRAE,1.1420772,1.3257892,0.836,0.8628072738647461,23.535147
PM,2,PM_cfg2_des4,4,4,10,DVPGKSAAEE,1.1420772,1.3125412,0.836,0.8628072738647461,18.984104
PM,2,PM_cfg2_des5,5,1,12,DADGDGRLSLAE,6.1908374,3.4219337,0.7868,0.679804801940918,2.9071522
PM,2,PM_cfg2_des5,5,2,13,NAGSSDGKLTAEE,6.1908374,1.7833552,0.7868,0.679804801940918,31.210493
PM,2,PM_cfg2_des5,5,3,15,TVNCPAGDGKLSRAE,6.1908374,4.135395,0.7868,0.679804801940918,3.3040898
PM,2,PM_cfg2_des5,5,4,10,TTGQASDAAA,6.1908374,11.395938,0.7868,0.679804801940918,12.90191
PM,2,PM_cfg2_des6,6,1,12,DADGDGVLSLAE,3.9601872,1.7804232,0.8278,0.8201985955238342,13.4901
PM,2,PM_cfg2_des6,6,2,13,AAADNDGLLSAEE,3.9601872,2.235736,0.8278,0.8201985955238342,19.685526
PM,2,PM_cfg2_des6,6,3,15,DDAKVAGPGYLSRAE,3.9601872,7.2356668,0.8278,0.8201985955238342,15.640148
PM,2,PM_cfg2_des6,6,4,10,TAGAADTAAA,3.9601872,2.805595,0.8278,0.8201985955238342,18.60991
PM,2,PM_cfg2_des7,7,1,12,NFSDDAAASRAE,13.050636,9.050523,0.7196,0.3721049427986145,6.616762
PM,2,PM_cfg2_des7,7,2,13,DPGAVTAASLAEE,13.050636,11.73157,0.7196,0.3721049427986145,23.353823
PM,2,PM_cfg2_des7,7,3,15,RRDAAASSRADARAE,13.050636,10.015814,0.7196,0.3721049427986145,39.380642
PM,2,PM_cfg2_des7,7,4,10,DDASKTVAQE,13.050636,9.942681,0.7196,0.3721049427986145,17.913927
PM,2,PM_cfg2_des8,8,1,12,DFDGDGVLTLAE,0.78833795,0.92584735,0.8279,0.8480880856513977,24.00789
PM,2,PM_cfg2_des8,8,2,13,AAADGDGLLSAEE,0.78833795,0.8091306,0.8279,0.8480880856513977,9.050554
PM,2,PM_cfg2_des8,8,3,15,DNGADGDPTKLSRDE,0.78833795,0.8248016,0.8279,0.8480880856513977,22.572363
PM,2,PM_cfg2_des8,8,4,10,DVPGKTDAEE,0.78833795,0.6347476,0.8279,0.8480880856513977,18.111044
PM,2,PM_cfg2_des9,9,1,12,DADGDGVLSLAE,5.63226,3.54907,0.7795,0.7041290402412415,23.414114
PM,2,PM_cfg2_des9,9,2,13,DKDGDGTTLSAEE,5.63226,2.5792325,0.7795,0.7041290402412415,10.006333
PM,2,PM_cfg2_des9,9,3,15,DDMSSGDPNVLTRDE,5.63226,4.649699,0.7795,0.7041290402412415,22.537687
PM,2,PM_cfg2_des9,9,4,10,DVPGQSSAAE,5.63226,7.977565,0.7795,0.7041290402412415,5.934566
PM,2,PM_cfg2_des10,10,1,12,DADRDGVLSLAE,2.746851,4.0053215,0.8159,0.8409583568572998,2.8875139
PM,2,PM_cfg2_des10,10,2,13,NKDPTEDTLTAEE,2.746851,1.8450557,0.8159,0.8409583568572998,8.332125
PM,2,PM_cfg2_des10,10,3,15,DTGADGDPNALNRAE,2.746851,1.3614606,0.8159,0.8409583568572998,25.652084
PM,2,PM_cfg2_des10,10,4,10,NAGQSSDAAA,2.746851,5.495639,0.8159,0.8409583568572998,19.301382
PM,2,PM_cfg2_des11,11,1,12,DADGDGVLSLAE,6.510621,4.042567,0.7565,0.5860142111778259,7.025498
PM,2,PM_cfg2_des11,11,2,13,GLGRASKEEAIEE,6.510621,4.9155893,0.7565,0.5860142111778259,24.831345
PM,2,PM_cfg2_des11,11,3,15,MKFDKKGDGYFNRDE,6.510621,3.1641257,0.7565,0.5860142111778259,2.8873203
PM,2,PM_cfg2_des11,11,4,10,DTAAATSAAE,6.510621,10.259898,0.7565,0.5860142111778259,10.819003
PM,2,PM_cfg2_des12,12,1,12,DLDKDGKLTLAE,6.4607024,3.1162992,0.8121,0.7319297194480896,8.718581
PM,2,PM_cfg2_des12,12,2,13,DVDGDGYLEGSTE,6.4607024,1.8395795,0.8121,0.7319297194480896,26.935808
PM,2,PM_cfg2_des12,12,3,15,DLDGASGGTKLSRAE,6.4607024,6.175861,0.8121,0.7319297194480896,9.148783
PM,2,PM_cfg2_des12,12,4,10,EAGQTSDAAA,6.4607024,11.966348,0.8121,0.7319297194480896,10.942089
PM,2,PM_cfg2_des13,13,1,12,DFDGDGVLSLAE,1.4097408,0.9397973,0.8324,0.8602744340896606,23.157373
PM,2,PM_cfg2_des13,13,2,13,SAGDGSGKLSAEE,1.4097408,1.3429359,0.8324,0.8602744340896606,10.153823
PM,2,PM_cfg2_des13,13,3,15,DGVDGSSDGVLSRAE,1.4097408,2.1914237,0.8324,0.8602744340896606,9.955942
PM,2,PM_cfg2_des13,13,4,10,TAGVTDTAAA,1.4097408,1.7520087,0.8324,0.8602744340896606,18.194265
PM,2,PM_cfg2_des14,14,1,12,DLDGDGVLSLAE,4.577982,3.603458,0.7706,0.6637717485427856,11.506203
PM,2,PM_cfg2_des14,14,2,13,AKADGDGKLSAEE,4.577982,1.5310333,0.7706,0.6637717485427856,8.973008
PM,2,PM_cfg2_des14,14,3,15,TANCPDGDGKLNRAE,4.577982,2.4265902,0.7706,0.6637717485427856,22.578047
PM,2,PM_cfg2_des14,14,4,10,DDPAKTDAEE,4.577982,6.38283,0.7706,0.6637717485427856,4.558477
PM,3,PM_cfg3_des0,0,1,13,NLDNEDDAENLAE,10.185305,11.686037,0.7418,0.43399572372436523,22.033844
PM,3,PM_cfg3_des0,0,2,12,DTNGDGRLTPEE,10.185305,6.5521765,0.7418,0.43399572372436523,11.52645
PM,3,PM_cfg3_des0,0,3,10,DDPSKSSRDE,10.185305,10.357754,0.7418,0.43399572372436523,30.59049
PM,3,PM_cfg3_des0,0,4,13,EAAGGPGASVAAE,10.185305,12.263737,0.7418,0.43399572372436523,18.487482
PM,3,PM_cfg3_des1,1,1,13,DDGDGSGTISLAE,4.963966,9.118987,0.8167,0.7971481084823608,22.607584
PM,3,PM_cfg3_des1,1,2,12,DSGDPSVKVADE,4.963966,2.728017,0.8167,0.7971481084823608,29.681849
PM,3,PM_cfg3_des1,1,3,10,GLSDDFDRAE,4.963966,4.704466,0.8167,0.7971481084823608,15.482478
PM,3,PM_cfg3_des1,1,4,13,CGSDTDGTLTAAE,4.963966,3.8460488,0.8167,0.7971481084823608,17.940222
PM,3,PM_cfg3_des2,2,1,13,DLDKKDGKISLAE,14.256541,16.630083,0.7504,0.38526782393455505,24.124786
PM,3,PM_cfg3_des2,2,2,12,DPSGLFTNAAEE,14.256541,16.746075,0.7504,0.38526782393455505,11.960477
PM,3,PM_cfg3_des2,2,3,10,SPDGTVSRAE,14.256541,15.56248,0.7504,0.38526782393455505,3.5069897
PM,3,PM_cfg3_des2,2,4,13,DAADADGKISAAE,14.256541,18.364738,0.7504,0.38526782393455505,19.925129
PM,3,PM_cfg3_des3,3,1,13,DTDAADGKISLAE,1.3595165,1.9207442,0.8557,0.8671449422836304,23.431887
PM,3,PM_cfg3_des3,3,2,12,DVNGDGVLTAEE,1.3595165,1.2011573,0.8557,0.8671449422836304,24.530914
PM,3,PM_cfg3_des3,3,3,10,SSSGVLSRAE,1.3595165,1.469749,0.8557,0.8671449422836304,24.092316
PM,3,PM_cfg3_des3,3,4,13,DTENNDGVLSAAE,1.3595165,1.3326324,0.8557,0.8671449422836304,17.442793
PM,3,PM_cfg3_des4,4,1,13,GITSDDYAENLAE,6.10777,5.9077106,0.7839,0.6521498560905457,5.4397397
PM,3,PM_cfg3_des4,4,2,12,DVNGDGYLSAEE,6.10777,3.252148,0.7839,0.6521498560905457,22.74523
PM,3,PM_cfg3_des4,4,3,10,SPSGRLSRDE,6.10777,4.3993273,0.7839,0.6521498560905457,9.415813
PM,3,PM_cfg3_des4,4,4,13,DGAADSPASAAAE,6.10777,11.075962,0.7839,0.6521498560905457,20.202375
PM,3,PM_cfg3_des5,5,1,13,GFTDGKDAENRAE,13.420436,16.2642,0.7308,0.34015050530433655,14.2066345
PM,3,PM_cfg3_des5,5,2,12,NPADSTKSGSEE,13.420436,15.410653,0.7308,0.34015050530433655,17.025858
PM,3,PM_cfg3_des5,5,3,10,SDSDDITRDE,13.420436,17.187788,0.7308,0.34015050530433655,26.726187
PM,3,PM_cfg3_des5,5,4,13,EEAGGPGASVAAE,13.420436,18.644625,0.7308,0.34015050530433655,18.828701
PM,3,PM_cfg3_des6,6,1,13,GITNDDDAENLAE,10.05949,13.043973,0.7276,0.36475473642349243,11.788315
PM,3,PM_cfg3_des6,6,2,12,DPDHSDDNLAEE,10.05949,10.354162,0.7276,0.36475473642349243,21.22165
PM,3,PM_cfg3_des6,6,3,10,DDPSKSVREE,10.05949,10.950788,0.7276,0.36475473642349243,31.350168
PM,3,PM_cfg3_des6,6,4,13,TAGFAAGSSVAAE,10.05949,8.504763,0.7276,0.36475473642349243,16.221817
PM,3,PM_cfg3_des7,7,1,13,GLDSDDDAERRAE,11.054446,7.6401515,0.7117,0.4081900119781494,12.792274
PM,3,PM_cfg3_des7,7,2,12,DPDHDEDNRAEE,11.054446,12.117208,0.7117,0.4081900119781494,10.129945
PM,3,PM_cfg3_des7,7,3,10,DVPGKDIRDE,11.054446,14.350259,0.7117,0.4081900119781494,28.353407
PM,3,PM_cfg3_des7,7,4,13,EAEAPAGAPVAVE,11.054446,6.5220747,0.7117,0.4081900119781494,7.7916694
PM,3,PM_cfg3_des8,8,1,13,GFEEGDEEANRKE,1.1815568,0.9975651,0.8377,0.8794376254081726,23.35447
PM,3,PM_cfg3_des8,8,2,12,DKDKSGLLTAEE,1.1815568,1.0010657,0.8377,0.8794376254081726,8.740006
PM,3,PM_cfg3_des8,8,3,10,SPSGVLSRDE,1.1815568,1.3904043,0.8377,0.8794376254081726,24.144125
PM,3,PM_cfg3_des8,8,4,13,EDAAPAGATVAQE,1.1815568,2.0999312,0.8377,0.8794376254081726,18.047926
PM,3,PM_cfg3_des9,9,1,13,NFGDTDEAANRAE,6.2468414,7.3961253,0.7199,0.3684767484664917,5.0160537
PM,3,PM_cfg3_des9,9,2,12,DPDGDDANLAAE,6.2468414,4.975786,0.7199,0.3684767484664917,19.943836
PM,3,PM_cfg3_des9,9,3,10,DDPSKSARDE,6.2468414,6.131497,0.7199,0.3684767484664917,11.563901
PM,3,PM_cfg3_des9,9,4,13,EAADPASGSNAAA,6.2468414,6.840871,0.7199,0.3684767484664917,16.975754
PM,3,PM_cfg3_des10,10,1,13,DTDNGDGLISLAE,0.91404706,0.48273006,0.8534,0.9002612829208374,2.6070511
PM,3,PM_cfg3_des10,10,2,12,DTDGSGRLSAEE,0.91404706,0.6298249,0.8534,0.9002612829208374,29.327875
PM,3,PM_cfg3_des10,10,3,10,SSDGLLSRAE,0.91404706,0.91749,0.8534,0.9002612829208374,9.456752
PM,3,PM_cfg3_des10,10,4,13,DAPDGDGLLSAAE,0.91404706,1.3430475,0.8534,0.9002612829208374,17.92312
PM,3,PM_cfg3_des11,11,1,13,GITNDDVAERRAE,6.162826,5.2552905,0.7218,0.4376368820667267,21.80261
PM,3,PM_cfg3_des11,11,2,12,DPKQDGKNRAEE,6.162826,6.457297,0.7218,0.4376368820667267,5.32988
PM,3,PM_cfg3_des11,11,3,10,DDPSKSPREE,6.162826,6.042252,0.7218,0.4376368820667267,19.279753
PM,3,PM_cfg3_des11,11,4,13,EAAAGAGDTVADE,6.162826,5.8277006,0.7218,0.4376368820667267,16.6587
PM,3,PM_cfg3_des12,12,1,13,GADPANGTLSLAE,15.2047615,21.591467,0.712,0.3417770564556122,23.239212
PM,3,PM_cfg3_des12,12,2,12,GLSDDWAERAAE,15.2047615,21.45244,0.712,0.3417770564556122,14.436069
PM,3,PM_cfg3_des12,12,3,10,DDPSKSGREE,15.2047615,10.626508,0.712,0.3417770564556122,15.237386
PM,3,PM_cfg3_des12,12,4,13,TAGTPAGSDAAAE,15.2047615,14.202,0.712,0.3417770564556122,21.729239
PM,3,PM_cfg3_des13,13,1,13,DTLNADGVLSLAE,3.2880754,3.5736747,0.8419,0.8631755709648132,9.019605
PM,3,PM_cfg3_des13,13,2,12,DKDGSGYLSAEE,3.2880754,2.0115368,0.8419,0.8631755709648132,31.437513
PM,3,PM_cfg3_des13,13,3,10,SSSGKLSRDE,3.2880754,2.1031609,0.8419,0.8631755709648132,9.579261
PM,3,PM_cfg3_des13,13,4,13,EATGKAGDTSADE,3.2880754,6.294294,0.8419,0.8631755709648132,17.132557
PM,3,PM_cfg3_des14,14,1,13,DFENGDGRISLAE,1.0602591,1.0797474,0.8531,0.8989901542663574,2.6280735
PM,3,PM_cfg3_des14,14,2,12,DVNGDGLLSAEE,1.0602591,1.1076767,0.8531,0.8989901542663574,31.565321
PM,3,PM_cfg3_des14,14,3,10,SSSGRLSRAE,1.0602591,1.3836869,0.8531,0.8989901542663574,9.5630045
PM,3,PM_cfg3_des14,14,4,13,QADPASDSLTAAE,1.0602591,1.1486207,0.8531,0.8989901542663574,17.984528
PM,4,PM_cfg4_des0,0,1,15,DADGDTSDTAKRRAE,8.168348,7.8275714,0.7471,0.45685645937919617,4.6759677
PM,4,PM_cfg4_des0,0,2,13,NSGDSTGAELAEE,8.168348,6.555602,0.7471,0.45685645937919617,20.666876
PM,4,PM_cfg4_des0,0,3,15,TDLSKKDSKAARRAE,8.168348,6.0270734,0.7471,0.45685645937919617,19.578938
PM,4,PM_cfg4_des0,0,4,12,EADPSATTAAEE,8.168348,7.518622,0.7471,0.45685645937919617,19.745836
PM,4,PM_cfg4_des1,1,1,15,GIDAAAEDVAARLAE,13.016567,16.985418,0.7245,0.34581223130226135,15.274845
PM,4,PM_cfg4_des1,1,2,13,FGGPSPAADAVKE,13.016567,15.593468,0.7245,0.34581223130226135,15.440453
PM,4,PM_cfg4_des1,1,3,15,DAGAARGEGEFTRAE,13.016567,10.577436,0.7245,0.34581223130226135,4.0324025
PM,4,PM_cfg4_des1,1,4,12,EVAGAGASVAAE,13.016567,16.616251,0.7245,0.34581223130226135,19.229218
PM,4,PM_cfg4_des2,2,1,15,DVTSADKDGKISLAE,4.078633,6.0382137,0.8242,0.8126664757728577,9.811072
PM,4,PM_cfg4_des2,2,2,13,SAVDGDGELSAEE,4.078633,1.470829,0.8242,0.8126664757728577,30.6986
PM,4,PM_cfg4_des2,2,3,15,DKTNADGSGKLNRAE,4.078633,3.8586283,0.8242,0.8126664757728577,9.158869
PM,4,PM_cfg4_des2,2,4,12,DTDGSGVLDAAE,4.078633,2.7303998,0.8242,0.8126664757728577,17.875473
PM,4,PM_cfg4_des3,3,1,15,DAGGDNADPADRLAE,7.432798,5.3267426,0.7236,0.3999182879924774,12.850751
PM,4,PM_cfg4_des3,3,2,13,DSDANTPASAIAE,7.432798,4.126582,0.7236,0.3999182879924774,17.764463
PM,4,PM_cfg4_des3,3,3,15,GLTDATDSLAAARAE,7.432798,8.4172,0.7236,0.3999182879924774,17.862669
PM,4,PM_cfg4_des3,3,4,12,TDPSPDASAAAE,7.432798,9.794867,0.7236,0.3999182879924774,19.536163
PM,4,PM_cfg4_des4,4,1,15,EVYDPTGDGRLNLAA,3.228639,5.2904263,0.8009,0.7716541290283203,23.176132
PM,4,PM_cfg4_des4,4,2,13,KIEGSSFEEAAKE,3.228639,2.274508,0.8009,0.7716541290283203,32.7307
PM,4,PM_cfg4_des4,4,3,15,MKYDAAGNGKFTRAE,3.228639,2.5138288,0.8009,0.7716541290283203,26.727768
PM,4,PM_cfg4_des4,4,4,12,EAADTSDDDAAG,3.228639,2.5446236,0.8009,0.7716541290283203,19.364641
PM,4,PM_cfg4_des5,5,1,15,DTPGVPITPAARRAE,9.044271,13.136109,0.7708,0.6936416625976562,7.09115
PM,4,PM_cfg4_des5,5,2,13,NTADSTWEELAEE,9.044271,4.98982,0.7708,0.6936416625976562,14.183208
PM,4,PM_cfg4_des5,5,3,15,FDDKAFYSLAEQRAE,9.044271,4.6456966,0.7708,0.6936416625976562,33.698483
PM,4,PM_cfg4_des5,5,4,12,GEPTSAADAAAE,9.044271,8.720068,0.7708,0.6936416625976562,18.53286
PM,4,PM_cfg4_des6,6,1,15,GLDASGKDRAANLAE,9.04738,10.018873,0.7344,0.3090466260910034,21.579153
PM,4,PM_cfg4_des6,6,2,13,FNKLGNGLLTAEE,9.04738,10.776202,0.7344,0.3090466260910034,3.833617
PM,4,PM_cfg4_des6,6,3,15,GIPLSGDPEAEARPE,9.04738,8.465049,0.7344,0.3090466260910034,4.867484
PM,4,PM_cfg4_des6,6,4,12,DDPLAGQSMATE,9.04738,10.637163,0.7344,0.3090466260910034,18.953186
PM,4,PM_cfg4_des7,7,1,15,GISAAPGNEAERLAE,8.163959,12.396751,0.7219,0.4119810461997986,20.321047
PM,4,PM_cfg4_des7,7,2,13,DNGVHSREALIEE,8.163959,6.927122,0.7219,0.4119810461997986,15.977868
PM,4,PM_cfg4_des7,7,3,15,LKDFDNPVPAERRAE,8.163959,5.7740917,0.7219,0.4119810461997986,5.080001
PM,4,PM_cfg4_des7,7,4,12,TSSDPNVTAAAE,8.163959,6.020424,0.7219,0.4119810461997986,25.382528
PM,4,PM_cfg4_des8,8,1,15,NISAADEAAAEKLAE,11.307021,11.46186,0.718,0.43951237201690674,4.0186887
PM,4,PM_cfg4_des8,8,2,13,FDADATKATAPAE,11.307021,6.820255,0.718,0.43951237201690674,39.144566
PM,4,PM_cfg4_des8,8,3,15,EKFDAAKDGLFNRAE,11.307021,13.028357,0.718,0.43951237201690674,20.670286
PM,4,PM_cfg4_des8,8,4,12,NDGRSSESNTAE,11.307021,14.18132,0.718,0.43951237201690674,19.63951
PM,4,PM_cfg4_des9,9,1,15,DANDATGDGKISLAE,3.4826002,3.808718,0.8283,0.8485397100448608,9.386356
PM,4,PM_cfg4_des9,9,2,13,SAKDKDGKLTAEE,3.4826002,2.2437913,0.8283,0.8485397100448608,2.6245122
PM,4,PM_cfg4_des9,9,3,15,DIGADKDGKALSRAE,3.4826002,6.436346,0.8283,0.8485397100448608,23.430685
PM,4,PM_cfg4_des9,9,4,12,DANGDGKIDAAE,3.4826002,1.3137261,0.8283,0.8485397100448608,18.025137
PM,4,PM_cfg4_des10,10,1,15,NLGAAGESNAENLAE,7.4339423,9.982343,0.7715,0.6568741798400879,17.966265
PM,4,PM_cfg4_des10,10,2,13,DAPSGDGVLSAEE,7.4339423,2.8498645,0.7715,0.6568741798400879,2.260533
PM,4,PM_cfg4_des10,10,3,15,SVLDGKGDGKLSRAE,7.4339423,5.6458964,0.7715,0.6568741798400879,18.627382
PM,4,PM_cfg4_des10,10,4,12,NDPLPGASNAAE,7.4339423,4.708322,0.7715,0.6568741798400879,18.513252
PM,4,PM_cfg4_des11,11,1,15,SDGNGDNSSANALAE,3.7464314,4.1265287,0.817,0.8021915555000305,10.212765
PM,4,PM_cfg4_des11,11,2,13,STKDGDGYLSAEE,3.7464314,2.6782084,0.817,0.8021915555000305,33.66483
PM,4,PM_cfg4_des11,11,3,15,ASAADGDKTKLSRAE,3.7464314,5.3526754,0.817,0.8021915555000305,16.279093
PM,4,PM_cfg4_des11,11,4,12,EVTGDGVFTAAE,3.7464314,4.662175,0.817,0.8021915555000305,18.906908
PM,4,PM_cfg4_des12,12,1,15,DAGDTTGDGTISLAE,3.0368803,4.0579367,0.8265,0.8469864130020142,2.6213117
PM,4,PM_cfg4_des12,12,2,13,AGSDGDGKLSAEE,3.0368803,1.5687859,0.8265,0.8469864130020142,29.65545
PM,4,PM_cfg4_des12,12,3,15,EAASTAGSGLLSRAE,3.0368803,3.5969982,0.8265,0.8469864130020142,9.540389
PM,4,PM_cfg4_des12,12,4,12,DANKDGKLTAAE,3.0368803,1.5404993,0.8265,0.8469864130020142,17.934015
PM,4,PM_cfg4_des13,13,1,15,GFDAANPDRAENLAE,18.097904,23.456541,0.7078,0.31204256415367126,24.024878
PM,4,PM_cfg4_des13,13,2,13,DDGSGSGAVFAEE,18.097904,15.53083,0.7078,0.31204256415367126,6.970896
PM,4,PM_cfg4_des13,13,3,15,FDDVAEDSLAERRAE,18.097904,20.955404,0.7078,0.31204256415367126,21.320671
PM,4,PM_cfg4_des13,13,4,12,EAADTTDTTADA,18.097904,23.51128,0.7078,0.31204256415367126,19.381777
PM,4,PM_cfg4_des14,14,1,15,SADAGSDSTAAARAE,3.7778618,6.5280495,0.8204,0.8150768876075745,8.7189
PM,4,PM_cfg4_des14,14,2,13,NASSGDGKLSAEE,3.7778618,1.41069,0.8204,0.8150768876075745,9.358512
PM,4,PM_cfg4_des14,14,3,15,DGVDGDGDGKLSRAE,3.7778618,3.8681126,0.8204,0.8150768876075745,8.88079
PM,4,PM_cfg4_des14,14,4,12,DTDGDGLFTAAE,3.7778618,3.9989493,0.8204,0.8150768876075745,18.68519
EU,0,EU_cfg0_des0,0,1,15,GWDAGAPWTAADLAE,10.150508,13.315229,0.7405,0.6862124800682068,24.132494
EU,0,EU_cfg0_des0,0,2,10,DDGVSSSADE,10.150508,7.4529085,0.7405,0.6862124800682068,6.677712
EU,0,EU_cfg0_des0,0,3,12,DKNKDGELDKAE,10.150508,3.1326735,0.7405,0.6862124800682068,22.23047
EU,0,EU_cfg0_des0,0,4,10,NAGHATNAAA,10.150508,6.636925,0.7405,0.6862124800682068,26.78138
EU,0,EU_cfg0_des1,1,1,15,DADNTPDDDAAALAE,2.8195536,5.5649652,0.8015,0.8593963980674744,23.212898
EU,0,EU_cfg0_des1,1,2,10,DDPSKSTAEE,2.8195536,1.8541408,0.8015,0.8593963980674744,8.276065
EU,0,EU_cfg0_des1,1,3,12,DKDGDGELSRPE,2.8195536,1.4950007,0.8015,0.8593963980674744,30.405947
EU,0,EU_cfg0_des1,1,4,10,TAGHANLTDA,2.8195536,1.0908347,0.8015,0.8593963980674744,8.058188
EU,0,EU_cfg0_des2,2,1,15,DADGNPDDEAARRAE,5.958574,8.1828,0.7917,0.7993053793907166,4.2759905
EU,0,EU_cfg0_des2,2,2,10,SDDGVLTAEE,5.958574,3.2740958,0.7917,0.7993053793907166,30.07885
EU,0,EU_cfg0_des2,2,3,12,DADGDGKLSKAE,5.958574,4.6640196,0.7917,0.7993053793907166,11.643707
EU,0,EU_cfg0_des2,2,4,10,ETGASSAAAA,5.958574,9.136286,0.7917,0.7993053793907166,20.692385
EU,0,EU_cfg0_des3,3,1,15,DFDGDVDDPAARLAE,8.4691725,8.732146,0.7199,0.547433614730835,3.2337875
EU,0,EU_cfg0_des3,3,2,10,DDGVSSTADE,8.4691725,9.496105,0.7199,0.547433614730835,23.794037
EU,0,EU_cfg0_des3,3,3,12,DADGDGELSRAE,8.4691725,3.0277405,0.7199,0.547433614730835,5.6127133
EU,0,EU_cfg0_des3,3,4,10,DDGSTDRAAE,8.4691725,10.135098,0.7199,0.547433614730835,21.917343
EU,0,EU_cfg0_des4,4,1,15,DADGDTTSTAARRAE,3.9930122,4.6691356,0.7581,0.6952723860740662,2.8367422
EU,0,EU_cfg0_des4,4,2,10,DDPSKSTAEE,3.9930122,3.6984735,0.7581,0.6952723860740662,32.69998
EU,0,EU_cfg0_des4,4,3,12,DADGDGVLSRAE,3.9930122,2.6330874,0.7581,0.6952723860740662,12.123127
EU,0,EU_cfg0_des4,4,4,10,EAAGSTAAAA,3.9930122,4.9729757,0.7581,0.6952723860740662,27.013319
EU,0,EU_cfg0_des5,5,1,15,NFNPADTDEDLSLAE,7.3945713,8.832034,0.7562,0.7385379672050476,24.091715
EU,0,EU_cfg0_des5,5,2,10,SDDGTLSAEE,7.3945713,2.8441932,0.7562,0.7385379672050476,9.28341
EU,0,EU_cfg0_des5,5,3,12,DADGDGVLDRAE,7.3945713,4.3741846,0.7562,0.7385379672050476,25.700089
EU,0,EU_cfg0_des5,5,4,10,TDGVANDVAA,7.3945713,8.827085,0.7562,0.7385379672050476,19.723211
EU,0,EU_cfg0_des6,6,1,15,TGADATGDGKLSLAE,2.001667,3.3076656,0.831,0.8960109949111938,23.429983
EU,0,EU_cfg0_des6,6,2,10,SSDGLLSAEE,2.001667,1.4262592,0.831,0.8960109949111938,3.141717
EU,0,EU_cfg0_des6,6,3,12,DADGDGVLDRAE,2.001667,1.4541992,0.831,0.8960109949111938,23.583181
EU,0,EU_cfg0_des6,6,4,10,FDGESDEAAA,2.001667,1.088933,0.831,0.8960109949111938,5.464522
EU,0,EU_cfg0_des7,7,1,15,EVYDPTGDGRLNLAA,3.0557582,4.090521,0.8111,0.8553860187530518,11.868114
EU,0,EU_cfg0_des7,7,2,10,DIGNGDDAAE,3.0557582,4.1300015,0.8111,0.8553860187530518,27.021914
EU,0,EU_cfg0_des7,7,3,12,DLNGDGKLSRAE,3.0557582,2.1324036,0.8111,0.8553860187530518,2.382123
EU,0,EU_cfg0_des7,7,4,10,DVAGLSDAAE,3.0557582,4.7709813,0.8111,0.8553860187530518,31.123444
EU,0,EU_cfg0_des8,8,1,15,ASGLVDGAPALSLAE,4.0148745,5.732549,0.7654,0.6772933602333069,24.435043
EU,0,EU_cfg0_des8,8,2,10,DDPSLSSAEE,4.0148745,6.6857047,0.7654,0.6772933602333069,12.417046
EU,0,EU_cfg0_des8,8,3,12,DKNGDGVLSRAE,4.0148745,2.41431,0.7654,0.6772933602333069,13.77881
EU,0,EU_cfg0_des8,8,4,10,DAAGATTAAE,4.0148745,3.5462508,0.7654,0.6772933602333069,27.700737
EU,0,EU_cfg0_des9,9,1,15,TVYDTTGDGKLSLAS,2.4515877,4.203099,0.8285,0.8897413611412048,22.55754
EU,0,EU_cfg0_des9,9,2,10,STDGTLSAEE,2.4515877,1.6566734,0.8285,0.8897413611412048,9.504609
EU,0,EU_cfg0_des9,9,3,12,DADKDGVLDRAE,2.4515877,2.0175705,0.8285,0.8897413611412048,24.995901
EU,0,EU_cfg0_des9,9,4,10,EATSSDEAAE,2.4515877,1.4180278,0.8285,0.8897413611412048,2.767889
EU,0,EU_cfg0_des10,10,1,15,NDNADGDPGAWSLAE,2.4245768,3.2829862,0.7991,0.8345990777015686,23.341864
EU,0,EU_cfg0_des10,10,2,10,NDGTKSSADE,2.4245768,2.934018,0.7991,0.8345990777015686,6.3259845
EU,0,EU_cfg0_des10,10,3,12,DADGDGELSRAE,2.4245768,1.2385226,0.7991,0.8345990777015686,27.89306
EU,0,EU_cfg0_des10,10,4,10,TAGQTDDAAA,2.4245768,1.5858872,0.7991,0.8345990777015686,10.69004
EU,0,EU_cfg0_des11,11,1,15,TVYDPAKDGKLTLAA,2.1868663,2.6941473,0.8253,0.8726230263710022,23.347633
EU,0,EU_cfg0_des11,11,2,10,APDGLLTAEE,2.1868663,1.4809057,0.8253,0.8726230263710022,3.1667566
EU,0,EU_cfg0_des11,11,3,12,DKDKDGKLNRAE,2.1868663,1.6176819,0.8253,0.8726230263710022,24.165804
EU,0,EU_cfg0_des11,11,4,10,DVPGLTDAQE,2.1868663,1.0819632,0.8253,0.8726230263710022,3.379454
EU,0,EU_cfg0_des12,12,1,15,DADGNPDDEAARRAE,9.078128,6.6417136,0.7783,0.7198382019996643,17.920843
EU,0,EU_cfg0_des12,12,2,10,STDGTLTAEE,9.078128,7.0195765,0.7783,0.7198382019996643,34.30048
EU,0,EU_cfg0_des12,12,3,12,DADGDGKLNRAE,9.078128,3.5527935,0.7783,0.7198382019996643,2.4722273
EU,0,EU_cfg0_des12,12,4,10,DVAGQSAAAE,9.078128,7.2012663,0.7783,0.7198382019996643,34.181217
EU,0,EU_cfg0_des13,13,1,15,DADGDASDEAARRAE,3.322882,7.3712125,0.8097,0.8713030219078064,2.6794622
EU,0,EU_cfg0_des13,13,2,10,SSDGTLTAEE,3.322882,1.4203234,0.8097,0.8713030219078064,29.644773
EU,0,EU_cfg0_des13,13,3,12,DADGNGALDRAE,3.322882,0.92604065,0.8097,0.8713030219078064,10.447504
EU,0,EU_cfg0_des13,13,4,10,TAGSTDAAAE,3.322882,2.683662,0.8097,0.8713030219078064,27.570099
EU,0,EU_cfg0_des14,14,1,15,DGADAAGDGQLSLAE,2.4692068,4.041482,0.8184,0.8531376719474792,23.340921
EU,0,EU_cfg0_des14,14,2,10,DDPSKSTAEE,2.4692068,2.5029092,0.8184,0.8531376719474792,10.955124
EU,0,EU_cfg0_des14,14,3,12,DKDGDGKLSKAE,2.4692068,1.8945569,0.8184,0.8531376719474792,11.455953
EU,0,EU_cfg0_des14,14,4,10,TAGQTDSAAA,2.4692068,1.4687357,0.8184,0.8531376719474792,13.324211
EU,1,EU_cfg1_des0,0,1,14,DFDGSSTLEARRAE,2.2663672,2.04833,0.8072,0.8604159951210022,10.492008
EU,1,EU_cfg1_des0,0,2,11,DNGDGTLSAEE,2.2663672,1.7355968,0.8072,0.8604159951210022,10.980243
EU,1,EU_cfg1_des0,0,3,15,LKYSKTKDGKMSRDE,2.2663672,2.7112975,0.8072,0.8604159951210022,27.163162
EU,1,EU_cfg1_des0,0,4,11,EAASDGSWAAA,2.2663672,1.3891554,0.8072,0.8604159951210022,30.305977
EU,1,EU_cfg1_des1,1,1,14,DLDKDGDGTISLAE,1.0542741,0.9995574,0.8498,0.8984338045120239,23.830482
EU,1,EU_cfg1_des1,1,2,11,SGGSSTLTAEE,1.0542741,1.2933956,0.8498,0.8984338045120239,12.075835
EU,1,EU_cfg1_des1,1,3,15,DTGASGDPNVLSRDE,1.0542741,1.4303513,0.8498,0.8984338045120239,23.30217
EU,1,EU_cfg1_des1,1,4,11,ANGSSTLSAAE,1.0542741,1.3015976,0.8498,0.8984338045120239,9.140488
EU,1,EU_cfg1_des2,2,1,14,DLDGNGDGTISLAE,1.895642,1.0879153,0.8435,0.8927841186523438,23.464277
EU,1,EU_cfg1_des2,2,2,11,SGGSGTLSAEE,1.895642,0.9137958,0.8435,0.8927841186523438,11.715691
EU,1,EU_cfg1_des2,2,3,15,DTGADGDPTKLTRAE,1.895642,3.8358614,0.8435,0.8927841186523438,23.58175
EU,1,EU_cfg1_des2,2,4,11,SGGSGKISAAE,1.895642,1.370372,0.8435,0.8927841186523438,10.104583
EU,1,EU_cfg1_des3,3,1,14,DDGGPDTVANRRAE,1.2447414,1.531516,0.8204,0.8600951433181763,3.390876
EU,1,EU_cfg1_des3,3,2,11,SNGDSTLSAAE,1.2447414,1.0465969,0.8204,0.8600951433181763,31.888212
EU,1,EU_cfg1_des3,3,3,15,DTGASGDPNKLSRAE,1.2447414,1.2311311,0.8204,0.8600951433181763,2.7595947
EU,1,EU_cfg1_des3,3,4,11,EDSGSSDPAAA,1.2447414,1.4311297,0.8204,0.8600951433181763,31.059546
EU,1,EU_cfg1_des4,4,1,14,DLDKDGDGTISLAE,1.9016455,1.2136852,0.8359,0.8733018636703491,9.513226
EU,1,EU_cfg1_des4,4,2,11,SGGSGHLTAEE,1.9016455,1.4900678,0.8359,0.8733018636703491,9.084933
EU,1,EU_cfg1_des4,4,3,15,DVLNERGDGTLTRAE,1.9016455,3.7377656,0.8359,0.8733018636703491,10.5317135
EU,1,EU_cfg1_des4,4,4,11,SNGSGKLSAAE,1.9016455,1.3892385,0.8359,0.8733018636703491,10.042378
EU,1,EU_cfg1_des5,5,1,14,DTDGSLSEAARRAE,2.6013472,5.2061477,0.8256,0.8725467324256897,23.522484
EU,1,EU_cfg1_des5,5,2,11,DNGDGLLSAEE,2.6013472,1.1003829,0.8256,0.8725467324256897,10.347639
EU,1,EU_cfg1_des5,5,3,15,SDGSSGSSDLLTRDE,2.6013472,1.4619993,0.8256,0.8725467324256897,7.3855004
EU,1,EU_cfg1_des5,5,4,11,EAAPFTDPADE,2.6013472,2.9005325,0.8256,0.8725467324256897,4.273056
EU,1,EU_cfg1_des6,6,1,14,DVDADGDGTISLAE,1.1576669,1.0766966,0.8393,0.8983349204063416,24.202967
EU,1,EU_cfg1_des6,6,2,11,DNGDGKLSAEE,1.1576669,0.8387597,0.8393,0.8983349204063416,9.819257
EU,1,EU_cfg1_des6,6,3,15,DNLDGDNDGTLSRAE,1.1576669,2.0250318,0.8393,0.8983349204063416,23.721138
EU,1,EU_cfg1_des6,6,4,11,SNGSGALTAAE,1.1576669,1.257159,0.8393,0.8983349204063416,8.901541
EU,1,EU_cfg1_des7,7,1,14,ELDGNGDGRLSLAE,4.395829,3.8898535,0.8072,0.8507165908813477,23.2202
EU,1,EU_cfg1_des7,7,2,11,SDGSGRLSAEE,4.395829,2.783652,0.8072,0.8507165908813477,9.607289
EU,1,EU_cfg1_des7,7,3,15,DLDPSDTSGELSRAE,4.395829,7.7060084,0.8072,0.8507165908813477,10.793526
EU,1,EU_cfg1_des7,7,4,11,EAAPGASSAAE,4.395829,4.6598544,0.8072,0.8507165908813477,13.186383
EU,1,EU_cfg1_des8,8,1,14,DLDGATPGEISLAE,1.4278493,2.6990013,0.8484,0.9058171510696411,23.895033
EU,1,EU_cfg1_des8,8,2,11,DNGDGRLSAEE,1.4278493,0.67683583,0.8484,0.9058171510696411,9.564223
EU,1,EU_cfg1_des8,8,3,15,DKDNASGDGSLDRAE,1.4278493,1.3797209,0.8484,0.9058171510696411,25.380646
EU,1,EU_cfg1_des8,8,4,11,ANGSATLSAAE,1.4278493,1.2530363,0.8484,0.9058171510696411,9.711731
EU,1,EU_cfg1_des9,9,1,14,DLDGDGDGRISLAE,1.1701562,1.4105673,0.8278,0.8948723673820496,23.319693
EU,1,EU_cfg1_des9,9,2,11,SKDGVALSAEE,1.1701562,0.9857747,0.8278,0.8948723673820496,9.949412
EU,1,EU_cfg1_des9,9,3,15,ESAADGPDGLLSRAE,1.1701562,1.487088,0.8278,0.8948723673820496,23.824059
EU,1,EU_cfg1_des9,9,4,11,SGGDSTLSAAE,1.1701562,1.322173,0.8278,0.8948723673820496,8.366994
EU,1,EU_cfg1_des10,10,1,14,DLDRNGDGRLSLAE,1.4664475,2.0573862,0.834,0.886962890625,23.666796
EU,1,EU_cfg1_des10,10,2,11,SNGDGTLSAEE,1.4664475,1.6702865,0.834,0.886962890625,2.9303102
EU,1,EU_cfg1_des10,10,3,15,DTDSAPPDGTLSRAE,1.4664475,1.9812171,0.834,0.886962890625,24.335096
EU,1,EU_cfg1_des10,10,4,11,EAEAPDDDAAA,1.4664475,1.1450454,0.834,0.886962890625,5.392591
EU,1,EU_cfg1_des11,11,1,14,DLDKDGDGVISLAE,2.5505059,1.7483271,0.8115,0.82170569896698,10.745421
EU,1,EU_cfg1_des11,11,2,11,NTDGTTSLVDE,2.5505059,2.111028,0.8115,0.82170569896698,4.2247624
EU,1,EU_cfg1_des11,11,3,15,DPDGSLTCTAEARDE,2.5505059,5.090861,0.8115,0.82170569896698,26.302767
EU,1,EU_cfg1_des11,11,4,11,SNGGSTVSAAE,2.5505059,1.3930061,0.8115,0.82170569896698,9.140777
EU,1,EU_cfg1_des12,12,1,14,DLDKDGDGVISLAE,4.3694596,1.824441,0.8141,0.8589037656784058,32.785084
EU,1,EU_cfg1_des12,12,2,11,NPTHSGNSAEE,4.3694596,5.1824646,0.8141,0.8589037656784058,6.7019534
EU,1,EU_cfg1_des12,12,3,15,LKFCPTKDGELNRDA,4.3694596,4.817108,0.8141,0.8589037656784058,25.535578
EU,1,EU_cfg1_des12,12,4,11,ANGSSTISAAE,4.3694596,3.2099357,0.8141,0.8589037656784058,9.086972
EU,1,EU_cfg1_des13,13,1,14,VDPSSPTGRLSLAE,3.2335613,4.487857,0.8189,0.8326863646507263,24.292578
EU,1,EU_cfg1_des13,13,2,11,SNGDGTLSAEE,3.2335613,1.4056596,0.8189,0.8326863646507263,31.43077
EU,1,EU_cfg1_des13,13,3,15,DLDGDGSKDHLSRAE,3.2335613,4.7419496,0.8189,0.8326863646507263,2.9742858
EU,1,EU_cfg1_des13,13,4,11,TPAEPVPDAAE,3.2335613,5.131756,0.8189,0.8326863646507263,31.244543
EU,1,EU_cfg1_des14,14,1,14,DLDRDGDGRISLAE,1.2970502,1.3809313,0.8216,0.8888648152351379,3.2014158
EU,1,EU_cfg1_des14,14,2,11,SGGSGVLSAEE,1.2970502,0.87811816,0.8216,0.8888648152351379,30.053085
EU,1,EU_cfg1_des14,14,3,15,STGASGKSDALDRAE,1.2970502,1.261345,0.8216,0.8888648152351379,2.661587
EU,1,EU_cfg1_des14,14,4,11,TGGDDTLSAAE,1.2970502,1.1046244,0.8216,0.8888648152351379,8.618778
EU,2,EU_cfg2_des0,0,1,11,SDGSGTISLAE,1.9237286,1.4360648,0.8205,0.8826624155044556,23.480528
EU,2,EU_cfg2_des0,0,2,15,DKDGVRFSAADAAAE,1.9237286,3.7476425,0.8205,0.8826624155044556,9.898468
EU,2,EU_cfg2_des0,0,3,12,DADGDGGLDRAE,1.9237286,1.0974118,0.8205,0.8826624155044556,9.951558
EU,2,EU_cfg2_des0,0,4,14,DAAGGGSGTLDAAA,1.9237286,1.3747605,0.8205,0.8826624155044556,9.222296
EU,2,EU_cfg2_des1,1,1,11,SDGDGRISLAE,1.5527384,1.2835405,0.8206,0.8861098289489746,10.2683325
EU,2,EU_cfg2_des1,1,2,15,TNGEDYIPGAEAPAE,1.5527384,2.4272816,0.8206,0.8861098289489746,30.708168
EU,2,EU_cfg2_des1,1,3,12,DADGDGGLSRAE,1.5527384,1.1279111,0.8206,0.8861098289489746,23.856354
EU,2,EU_cfg2_des1,1,4,14,DKAGTEDGVLDAAE,1.5527384,1.3728364,0.8206,0.8861098289489746,26.889816
EU,2,EU_cfg2_des2,2,1,11,DDGSGTISLAE,1.1084311,0.7218715,0.8179,0.8910400867462158,23.376892
EU,2,EU_cfg2_des2,2,2,15,DFNKDGSGTLAADTE,1.1084311,2.2392538,0.8179,0.8910400867462158,2.5419374
EU,2,EU_cfg2_des2,2,3,12,DADGDGTLNRAE,1.1084311,0.84944135,0.8179,0.8910400867462158,23.555685
EU,2,EU_cfg2_des2,2,4,14,EASGNSGGKITAAA,1.1084311,1.081392,0.8179,0.8910400867462158,10.556901
EU,2,EU_cfg2_des3,3,1,11,SDGDGKLYRSE,1.9282373,1.5450413,0.8189,0.863898754119873,11.3922
EU,2,EU_cfg2_des3,3,2,15,AADGTSFSAADRAAE,1.9282373,3.4106688,0.8189,0.863898754119873,27.977285
EU,2,EU_cfg2_des3,3,3,12,DADGDGALSRAE,1.9282373,0.7584503,0.8189,0.863898754119873,23.787863
EU,2,EU_cfg2_des3,3,4,14,GLEDGDSDAEAAVE,1.9282373,1.293273,0.8189,0.863898754119873,26.6131
EU,2,EU_cfg2_des4,4,1,11,DDGSGKISLAE,2.1983283,2.2592173,0.8273,0.8885920643806458,23.692743
EU,2,EU_cfg2_des4,4,2,15,SDGSGRFSAADAAAE,2.1983283,3.381043,0.8273,0.8885920643806458,29.582685
EU,2,EU_cfg2_des4,4,3,12,DADGDGGLTRAE,2.1983283,0.972937,0.8273,0.8885920643806458,24.15252
EU,2,EU_cfg2_des4,4,4,14,DAVGGGDGVLDAAE,2.1983283,1.3712165,0.8273,0.8885920643806458,3.3276637
EU,2,EU_cfg2_des5,5,1,11,SDGDGRVSLAE,1.7870876,1.5565507,0.8379,0.8914406299591064,10.212902
EU,2,EU_cfg2_des5,5,2,15,DKDKLGYFDANGAEE,1.7870876,2.3249996,0.8379,0.8914406299591064,33.695625
EU,2,EU_cfg2_des5,5,3,12,DADGDGTLSRAE,1.7870876,0.80987984,0.8379,0.8914406299591064,2.4679518
EU,2,EU_cfg2_des5,5,4,14,DVDKDGDGALNAAE,1.7870876,1.3255721,0.8379,0.8914406299591064,8.840596
EU,2,EU_cfg2_des6,6,1,11,SDGDGKISLAE,1.9808075,1.5500795,0.8313,0.8941457867622375,9.739526
EU,2,EU_cfg2_des6,6,2,15,DKDGDGKFCLSKIEE,1.9808075,3.163594,0.8313,0.8941457867622375,26.580957
EU,2,EU_cfg2_des6,6,3,12,DADGDGCISRAE,1.9808075,1.1784873,0.8313,0.8941457867622375,9.552405
EU,2,EU_cfg2_des6,6,4,14,DAEVDSDGVLDAAE,1.9808075,1.5097657,0.8313,0.8941457867622375,26.834589
EU,2,EU_cfg2_des7,7,1,11,SDGDGTISLAE,1.6958888,1.5528798,0.8425,0.8981993198394775,2.9169512
EU,2,EU_cfg2_des7,7,2,15,VVSLGDGDGYLSAEE,1.6958888,1.8391,0.8425,0.8981993198394775,30.27533
EU,2,EU_cfg2_des7,7,3,12,DADGDGKLSRAE,1.6958888,1.7414299,0.8425,0.8981993198394775,9.0220995
EU,2,EU_cfg2_des7,7,4,14,DAAGNGDGTLTAAE,1.6958888,1.3631727,0.8425,0.8981993198394775,26.455004
EU,2,EU_cfg2_des8,8,1,11,SADGTSLSLAE,2.5592685,1.4979475,0.8141,0.8717366456985474,24.114126
EU,2,EU_cfg2_des8,8,2,15,DKNGDGFFGADDVDE,2.5592685,2.4514823,0.8141,0.8717366456985474,29.842697
EU,2,EU_cfg2_des8,8,3,12,DLDGDGGLSRAE,2.5592685,1.2784362,0.8141,0.8717366456985474,3.7018855
EU,2,EU_cfg2_des8,8,4,14,DAPGDAAGLSDAQE,2.5592685,5.829031,0.8141,0.8717366456985474,27.385773
EU,2,EU_cfg2_des9,9,1,11,SDGSGLISLAE,2.0685656,2.3839796,0.8203,0.8614602088928223,10.086448
EU,2,EU_cfg2_des9,9,2,15,DADGTSFSAADVVAE,2.0685656,3.483317,0.8203,0.8614602088928223,27.445635
EU,2,EU_cfg2_des9,9,3,12,DTDGDGALSRAE,2.0685656,1.0593761,0.8203,0.8614602088928223,2.4650016
EU,2,EU_cfg2_des9,9,4,14,DAVGDGSGVLDAAE,2.0685656,1.4721515,0.8203,0.8614602088928223,33.748222
EU,2,EU_cfg2_des10,10,1,11,SDGDGTISLAE,1.5505574,0.87021375,0.8198,0.9012208580970764,9.591388
EU,2,EU_cfg2_des10,10,2,15,TNGEDSCEWKDAVEE,1.5505574,1.5949618,0.8198,0.9012208580970764,32.470333
EU,2,EU_cfg2_des10,10,3,12,DFDKDGVLSREE,1.5505574,0.74284744,0.8198,0.9012208580970764,2.414427
EU,2,EU_cfg2_des10,10,4,14,DDAADGDGVLTAAE,1.5505574,2.920531,0.8198,0.9012208580970764,9.615534
EU,2,EU_cfg2_des11,11,1,11,SDGSGLVSLAE,1.8317254,1.33409,0.8074,0.8636310696601868,3.0449257
EU,2,EU_cfg2_des11,11,2,15,DKDGNGVFTADEADE,1.8317254,2.4630883,0.8074,0.8636310696601868,31.382078
EU,2,EU_cfg2_des11,11,3,12,DLNGDGGLDRAE,1.8317254,1.2273711,0.8074,0.8636310696601868,2.371236
EU,2,EU_cfg2_des11,11,4,14,EVDGDGSGTLSAAE,1.8317254,2.0757482,0.8074,0.8636310696601868,30.35903
EU,2,EU_cfg2_des12,12,1,11,SDGSGTISLAE,1.659735,2.162692,0.8076,0.867128849029541,3.5598452
EU,2,EU_cfg2_des12,12,2,15,DVNGDGVFTGAEAWE,1.659735,2.358786,0.8076,0.867128849029541,30.169153
EU,2,EU_cfg2_des12,12,3,12,DLNGDGGLDRAE,1.659735,1.4882652,0.8076,0.867128849029541,2.39542
EU,2,EU_cfg2_des12,12,4,14,DAPGGGDGVLDAAE,1.659735,1.4414862,0.8076,0.867128849029541,30.491095
EU,2,EU_cfg2_des13,13,1,11,SDGDGYVSLAE,1.9764237,1.3503349,0.8145,0.8791257739067078,23.489248
EU,2,EU_cfg2_des13,13,2,15,DKDGDGVLGGPKAEE,1.9764237,2.7522311,0.8145,0.8791257739067078,30.22252
EU,2,EU_cfg2_des13,13,3,12,DADGDGKLSRAE,1.9764237,1.0158299,0.8145,0.8791257739067078,24.018381
EU,2,EU_cfg2_des13,13,4,14,QLDKDGDGRLSAAE,1.9764237,2.9600112,0.8145,0.8791257739067078,29.498384
EU,2,EU_cfg2_des14,14,1,11,NITDEATALAE,8.300185,7.0449905,0.7772,0.7290835380554199,8.303956
EU,2,EU_cfg2_des14,14,2,15,SGGAGVFSAADVAAE,8.300185,5.234566,0.7772,0.7290835380554199,24.174585
EU,2,EU_cfg2_des14,14,3,12,DADGDGGLSRAE,8.300185,1.3197902,0.7772,0.7290835380554199,2.4001777
EU,2,EU_cfg2_des14,14,4,14,EATDTSATPDLAAE,8.300185,9.32787,0.7772,0.7290835380554199,28.107733
EU,3,EU_cfg3_des0,0,1,10,SSDGTISLAE,3.418561,2.6773891,0.8128,0.8273383975028992,23.131079
EU,3,EU_cfg3_des0,0,2,13,KLEGSSQAEAAEE,3.418561,5.841584,0.8128,0.8273383975028992,4.5786157
EU,3,EU_cfg3_des0,0,3,10,DKGAVLTKAE,3.418561,3.727419,0.8128,0.8273383975028992,25.177582
EU,3,EU_cfg3_des0,0,4,13,SAADGDGVLDAAE,3.418561,1.2257279,0.8128,0.8273383975028992,9.870332
EU,3,EU_cfg3_des1,1,1,10,SADGTLTLAE,11.58123,6.070267,0.737,0.5253138542175293,25.924204
EU,3,EU_cfg3_des1,1,2,13,AAVDGSGLLSAEE,11.58123,14.136285,0.737,0.5253138542175293,7.5012097
EU,3,EU_cfg3_des1,1,3,10,TSSGLLSRAE,11.58123,16.216341,0.737,0.5253138542175293,18.831404
EU,3,EU_cfg3_des1,1,4,13,EATHRPGDTDADE,11.58123,15.491862,0.737,0.5253138542175293,5.3694744
EU,3,EU_cfg3_des2,2,1,10,SSDGLISLAE,1.1651632,1.4078848,0.8423,0.897752583026886,24.164968
EU,3,EU_cfg3_des2,2,2,13,DTDGDGKLTASTE,1.1651632,0.85179424,0.8423,0.897752583026886,8.426317
EU,3,EU_cfg3_des2,2,3,10,SSDGTLSRAE,1.1651632,1.6693902,0.8423,0.897752583026886,24.880554
EU,3,EU_cfg3_des2,2,4,13,TAASADGVISAAE,1.1651632,1.3771998,0.8423,0.897752583026886,26.443075
EU,3,EU_cfg3_des3,3,1,10,SSDGTISLAE,2.0182245,1.7962182,0.8346,0.8905706405639648,8.925311
EU,3,EU_cfg3_des3,3,2,13,DTNGDGVLEAETE,2.0182245,1.4470499,0.8346,0.8905706405639648,27.644974
EU,3,EU_cfg3_des3,3,3,10,SDDGTMSRAE,2.0182245,2.0151553,0.8346,0.8905706405639648,3.1446831
EU,3,EU_cfg3_des3,3,4,13,SAADADGTIDAAE,2.0182245,1.1306812,0.8346,0.8905706405639648,29.664406
EU,3,EU_cfg3_des4,4,1,10,SSDGTLSLAE,2.1223555,1.3104935,0.8292,0.8510046005249023,20.45395
EU,3,EU_cfg3_des4,4,2,13,SDNPELCTNAVEE,2.1223555,2.3824272,0.8292,0.8510046005249023,30.841452
EU,3,EU_cfg3_des4,4,3,10,SPDGTLSRAE,2.1223555,2.0245073,0.8292,0.8510046005249023,3.0680637
EU,3,EU_cfg3_des4,4,4,13,AAAATDTSLTAAE,2.1223555,3.3238823,0.8292,0.8510046005249023,7.8865356
EU,3,EU_cfg3_des5,5,1,10,STDGRISLAE,6.18332,2.1393118,0.7932,0.7994278073310852,23.53151
EU,3,EU_cfg3_des5,5,2,13,DNGDTSGAAAVAE,6.18332,10.461487,0.7932,0.7994278073310852,6.179852
EU,3,EU_cfg3_des5,5,3,10,RTGSGLSRAE,6.18332,7.290056,0.7932,0.7994278073310852,25.041464
EU,3,EU_cfg3_des5,5,4,13,SGADGDGLLSAAE,6.18332,2.176224,0.7932,0.7994278073310852,9.229368
EU,3,EU_cfg3_des6,6,1,10,DVPGRSRREE,6.695735,4.3731766,0.7156,0.515576183795929,14.75785
EU,3,EU_cfg3_des6,6,2,13,NPDESTLAELAEE,6.695735,7.905089,0.7156,0.515576183795929,13.007344
EU,3,EU_cfg3_des6,6,3,10,DVPGQSARAE,6.695735,3.4169002,0.7156,0.515576183795929,19.37776
EU,3,EU_cfg3_des6,6,4,13,EAAGPAGGSWAAE,6.695735,6.664493,0.7156,0.515576183795929,13.143161
EU,3,EU_cfg3_des7,7,1,10,DVPGKSALEE,11.283295,11.158961,0.76,0.6660729050636292,31.304552
EU,3,EU_cfg3_des7,7,2,13,AKADGSGVLSAEE,11.283295,18.332949,0.76,0.6660729050636292,14.641997
EU,3,EU_cfg3_des7,7,3,10,SDDGTLSRAE,11.283295,12.623136,0.76,0.6660729050636292,19.043272
EU,3,EU_cfg3_des7,7,4,13,DADGDENHLSAAE,11.283295,7.944382,0.76,0.6660729050636292,2.67424
EU,3,EU_cfg3_des8,8,1,10,SSDGLISLAE,5.9455314,1.0332297,0.8119,0.8183946013450623,23.503838
EU,3,EU_cfg3_des8,8,2,13,SDGSNTPAAEKAE,5.9455314,10.315797,0.8119,0.8183946013450623,11.993379
EU,3,EU_cfg3_des8,8,3,10,SSDGGLSRAE,5.9455314,7.210374,0.8119,0.8183946013450623,17.934576
EU,3,EU_cfg3_des8,8,4,13,TAGSADGKLSAAE,5.9455314,2.6922722,0.8119,0.8183946013450623,9.656368
EU,3,EU_cfg3_des9,9,1,10,SADGTLTLAE,1.3006989,1.5968387,0.8531,0.9067264199256897,23.349672
EU,3,EU_cfg3_des9,9,2,13,SQKDKDGTLSAEE,1.3006989,1.615836,0.8531,0.9067264199256897,2.9594448
EU,3,EU_cfg3_des9,9,3,10,SPSGKLSRAE,1.3006989,1.7813237,0.8531,0.9067264199256897,24.07741
EU,3,EU_cfg3_des9,9,4,13,EAEGGPGASDAQE,1.3006989,1.2465469,0.8531,0.9067264199256897,3.306447
EU,3,EU_cfg3_des10,10,1,10,STDGTISLAE,2.017703,3.4935343,0.8559,0.9142431616783142,9.889448
EU,3,EU_cfg3_des10,10,2,13,DAADGDGLLSAEE,2.017703,1.0723133,0.8559,0.9142431616783142,29.86201
EU,3,EU_cfg3_des10,10,3,10,SADGKLSRAE,2.017703,1.9732959,0.8559,0.9142431616783142,3.3063934
EU,3,EU_cfg3_des10,10,4,13,SAADGDGVLDAAE,2.017703,1.5171707,0.8559,0.9142431616783142,29.586103
EU,3,EU_cfg3_des11,11,1,10,SSDGTLTLAE,1.042017,0.97684014,0.8166,0.8899075388908386,2.9522183
EU,3,EU_cfg3_des11,11,2,13,SAADGDGVLTAEE,1.042017,0.9891025,0.8166,0.8899075388908386,27.546534
EU,3,EU_cfg3_des11,11,3,10,SDDGTMDRAE,1.042017,1.1403958,0.8166,0.8899075388908386,3.4730597
EU,3,EU_cfg3_des11,11,4,13,EDAMPAGASDAEE,1.042017,1.3618869,0.8166,0.8899075388908386,29.875114
EU,3,EU_cfg3_des12,12,1,10,DVPGRSRREE,4.3091316,1.7317398,0.7756,0.7739835381507874,22.920057
EU,3,EU_cfg3_des12,12,2,13,NAADGDGVLTAEE,4.3091316,1.7742791,0.7756,0.7739835381507874,25.991064
EU,3,EU_cfg3_des12,12,3,10,SADGKLTRAE,4.3091316,1.4425055,0.7756,0.7739835381507874,18.209179
EU,3,EU_cfg3_des12,12,4,13,STAGGPNASWAAE,4.3091316,6.1873035,0.7756,0.7739835381507874,24.048525
EU,3,EU_cfg3_des13,13,1,10,SADGRISLAE,9.188667,2.9740927,0.7968,0.7812740206718445,26.952108
EU,3,EU_cfg3_des13,13,2,13,TNGDESEETLREE,9.188667,9.561438,0.7968,0.7812740206718445,5.1465793
EU,3,EU_cfg3_des13,13,3,10,DDDSKSQREE,9.188667,8.37282,0.7968,0.7812740206718445,23.585123
EU,3,EU_cfg3_des13,13,4,13,TAADGDGLLSAAE,9.188667,5.6605544,0.7968,0.7812740206718445,2.6310337
EU,3,EU_cfg3_des14,14,1,10,SSDGRISLAE,1.9352437,2.2650106,0.8264,0.8850787878036499,10.103622
EU,3,EU_cfg3_des14,14,2,13,DPDGNNDLSNADE,1.9352437,3.309089,0.8264,0.8850787878036499,32.607098
EU,3,EU_cfg3_des14,14,3,10,SADGTLSRAE,1.9352437,2.5239801,0.8264,0.8850787878036499,3.324751
EU,3,EU_cfg3_des14,14,4,13,DTADGDGVLSAAE,1.9352437,1.1374769,0.8264,0.8850787878036499,30.312126
EU,4,EU_cfg4_des0,0,1,10,SSDGLISLAE,1.9505603,1.5869678,0.8437,0.8987780809402466,10.139908
EU,4,EU_cfg4_des0,0,2,15,DTGKDGIPGHLSAEE,1.9505603,2.1460154,0.8437,0.8987780809402466,27.496405
EU,4,EU_cfg4_des0,0,3,14,DLDGNGDGTLSRAE,1.9505603,2.5122914,0.8437,0.8987780809402466,2.6775267
EU,4,EU_cfg4_des0,0,4,13,EGDDGDGVLSAAE,1.9505603,1.6273229,0.8437,0.8987780809402466,29.875765
EU,4,EU_cfg4_des1,1,1,10,STDGRISLPE,2.561198,3.018126,0.81,0.8431042432785034,29.319586
EU,4,EU_cfg4_des1,1,2,15,TNGAGHDAGADAVEE,2.561198,3.3641737,0.81,0.8431042432785034,5.847512
EU,4,EU_cfg4_des1,1,3,14,DTNANGDGGLTRAE,2.561198,3.4919558,0.81,0.8431042432785034,23.820692
EU,4,EU_cfg4_des1,1,4,13,DAADGDGLLSAAE,2.561198,1.5721852,0.81,0.8431042432785034,27.165232
EU,4,EU_cfg4_des2,2,1,10,STDGTISLAE,6.872404,3.7259712,0.8,0.7949581146240234,9.605787
EU,4,EU_cfg4_des2,2,2,15,EKDGKTTDDEDRAEE,6.872404,10.356269,0.8,0.7949581146240234,30.122208
EU,4,EU_cfg4_des2,2,3,14,DLDGNGVLDLSRAE,6.872404,10.162383,0.8,0.7949581146240234,2.434449
EU,4,EU_cfg4_des2,2,4,13,DAADGDGVLSAAE,6.872404,1.0935775,0.8,0.7949581146240234,26.953344
EU,4,EU_cfg4_des3,3,1,10,STDGVLTLAE,11.896938,17.441525,0.6976,0.36856991052627563,13.023488
EU,4,EU_cfg4_des3,3,2,15,DTGKYYGGKALSAEE,11.896938,13.522394,0.6976,0.36856991052627563,21.689682
EU,4,EU_cfg4_des3,3,3,14,DKDDTYPNAINRAE,11.896938,15.708641,0.6976,0.36856991052627563,7.071919
EU,4,EU_cfg4_des3,3,4,13,DAVAPAPADDAAA,11.896938,8.175643,0.6976,0.36856991052627563,6.656838
EU,4,EU_cfg4_des4,4,1,10,SSDGRISLAE,2.3515136,3.6420531,0.8284,0.8819423913955688,9.724788
EU,4,EU_cfg4_des4,4,2,15,DKDGNKATGKLSAEE,2.3515136,3.7187543,0.8284,0.8819423913955688,33.937725
EU,4,EU_cfg4_des4,4,3,14,DLDGDGDGTLSKAE,2.3515136,1.6450982,0.8284,0.8819423913955688,2.6957028
EU,4,EU_cfg4_des4,4,4,13,SSADGDGLLSAAE,2.3515136,2.468605,0.8284,0.8819423913955688,29.914896
EU,4,EU_cfg4_des5,5,1,10,DTDGTLTLAE,2.429274,2.5651548,0.8213,0.8668572306632996,29.728197
EU,4,EU_cfg4_des5,5,2,15,TGGDTNMSAADVAGE,2.429274,2.5518818,0.8213,0.8668572306632996,8.218278
EU,4,EU_cfg4_des5,5,3,14,DKNENGDGGLTRAE,2.429274,3.3187506,0.8213,0.8668572306632996,23.5308
EU,4,EU_cfg4_des5,5,4,13,EAAAAPGESDAAE,2.429274,1.8200486,0.8213,0.8668572306632996,9.199132
EU,4,EU_cfg4_des6,6,1,10,STDGTISLAE,2.0045826,2.6408815,0.8291,0.8882628679275513,9.419908
EU,4,EU_cfg4_des6,6,2,15,AKVDGDGDGKLSAEE,2.0045826,2.464451,0.8291,0.8882628679275513,30.975496
EU,4,EU_cfg4_des6,6,3,14,DLDGDGDGKLNRAE,2.0045826,2.111975,0.8291,0.8882628679275513,8.551744
EU,4,EU_cfg4_des6,6,4,13,DAADGDGVLSAAE,2.0045826,1.8275315,0.8291,0.8882628679275513,25.91199
EU,4,EU_cfg4_des7,7,1,10,STDGTLTLAE,13.37207,18.703695,0.7555,0.620529294013977,23.567781
EU,4,EU_cfg4_des7,7,2,15,DVNGDGKLEGKGGGE,13.37207,19.043001,0.7555,0.620529294013977,5.7593727
EU,4,EU_cfg4_des7,7,3,14,DLDGDGDNSLSRAE,13.37207,12.098869,0.7555,0.620529294013977,2.8796031
EU,4,EU_cfg4_des7,7,4,13,EDAAAPGDTDADE,13.37207,16.341864,0.7555,0.620529294013977,24.79899
EU,4,EU_cfg4_des8,8,1,10,STDGTLTLAE,2.546839,2.8635995,0.8323,0.8901890516281128,24.08602
EU,4,EU_cfg4_des8,8,2,15,DTDKDGYRNTLSAEE,2.546839,3.0266588,0.8323,0.8901890516281128,30.715021
EU,4,EU_cfg4_des8,8,3,14,DLDGDNDGTLSRAE,2.546839,1.601542,0.8323,0.8901890516281128,2.6667478
EU,4,EU_cfg4_des8,8,4,13,NDPFEGTATDAEE,2.546839,5.2852645,0.8323,0.8901890516281128,8.880113
EU,4,EU_cfg4_des9,9,1,10,SSDGTLTLAE,11.322635,5.8195844,0.741,0.5464650988578796,16.329618
EU,4,EU_cfg4_des9,9,2,15,DTNGSGGWLDLAEGE,11.322635,15.872461,0.741,0.5464650988578796,5.21829
EU,4,EU_cfg4_des9,9,3,14,DDGSNGGKALSRAE,11.322635,11.1744995,0.741,0.5464650988578796,25.543272
EU,4,EU_cfg4_des9,9,4,13,EAAAGPGATDAEE,11.322635,7.4704647,0.741,0.5464650988578796,4.310785
EU,4,EU_cfg4_des10,10,1,10,STDGRISLAE,1.8828907,1.9327996,0.8159,0.8722586631774902,23.655355
EU,4,EU_cfg4_des10,10,2,15,NKGHSSLSEKEAVEE,1.8828907,2.1608098,0.8159,0.8722586631774902,26.428114
EU,4,EU_cfg4_des10,10,3,14,DSGADGTGSISRAE,1.8828907,1.2231678,0.8159,0.8722586631774902,10.9070425
EU,4,EU_cfg4_des10,10,4,13,SAADGDGLLDAAE,1.8828907,1.4364352,0.8159,0.8722586631774902,2.6808767
EU,4,EU_cfg4_des11,11,1,10,STDGTISLAE,2.062805,1.5062126,0.8312,0.8893871307373047,2.6534178
EU,4,EU_cfg4_des11,11,2,15,DTDKDGVLKSGGAGE,2.062805,3.3165321,0.8312,0.8893871307373047,9.526737
EU,4,EU_cfg4_des11,11,3,14,DLDGKGDNALSKAE,2.062805,1.8912662,0.8312,0.8893871307373047,24.365786
EU,4,EU_cfg4_des11,11,4,13,SAADGDGVLSAAE,2.062805,1.4785589,0.8312,0.8893871307373047,29.019377
EU,4,EU_cfg4_des12,12,1,10,DTGSTFTLAE,2.41021,1.2008212,0.8187,0.8581143021583557,24.338594
EU,4,EU_cfg4_des12,12,2,15,DLDKNGKFTKAEAYE,2.41021,2.2245934,0.8187,0.8581143021583557,14.356847
EU,4,EU_cfg4_des12,12,3,14,DTNANGDGALTRAE,2.41021,3.8830292,0.8187,0.8581143021583557,27.608618
EU,4,EU_cfg4_des12,12,4,13,GLEGCDRATAATE,2.41021,1.2393513,0.8187,0.8581143021583557,26.621016
EU,4,EU_cfg4_des13,13,1,10,STDGTISLAE,1.5707445,2.3570542,0.8371,0.9008505344390869,23.947123
EU,4,EU_cfg4_des13,13,2,15,SGGDSKLSAADAPTE,1.5707445,1.0204196,0.8371,0.9008505344390869,4.0070953
EU,4,EU_cfg4_des13,13,3,14,DSGADGDGSITRAE,1.5707445,2.204474,0.8371,0.9008505344390869,23.803503
EU,4,EU_cfg4_des13,13,4,13,DAADGDGVLSAAE,1.5707445,1.2671074,0.8371,0.9008505344390869,2.4118118
EU,4,EU_cfg4_des14,14,1,10,GSDGTISLAE,2.176966,2.4050624,0.8103,0.8519288897514343,24.069769
EU,4,EU_cfg4_des14,14,2,15,DKNGNGVFTGAEADE,2.176966,2.8359387,0.8103,0.8519288897514343,2.3793945
EU,4,EU_cfg4_des14,14,3,14,DLDGDGDGSLSRAE,2.176966,3.044499,0.8103,0.8519288897514343,27.56894
EU,4,EU_cfg4_des14,14,4,13,SAADGDGRLSAAE,2.176966,1.6945099,0.8103,0.8519288897514343,2.4911404
DY,0,DY_cfg0_des0,0,1,12,DLNGDGVVTLDE,11.562713,6.027539,0.7495,0.4273056983947754,14.999484
DY,0,DY_cfg0_des0,0,2,10,NDGVKSRAEE,11.562713,8.421349,0.7495,0.4273056983947754,18.03393
DY,0,DY_cfg0_des0,0,3,10,DDPSKSERDE,11.562713,9.942628,0.7495,0.4273056983947754,4.8507156
DY,0,DY_cfg0_des0,0,4,13,DVVGDAGGTDAQA,11.562713,10.050947,0.7495,0.4273056983947754,10.703842
DY,0,DY_cfg0_des1,1,1,12,DLNGDGVLTLAE,9.627094,16.526236,0.7594,0.6438754200935364,7.1174316
DY,0,DY_cfg0_des1,1,2,10,NNGKKSLAEE,9.627094,5.2705984,0.7594,0.6438754200935364,9.004239
DY,0,DY_cfg0_des1,1,3,10,GLDEDGTKAE,9.627094,6.0944095,0.7594,0.6438754200935364,3.990084
DY,0,DY_cfg0_des1,1,4,13,TDPFAAAPDDAAE,9.627094,8.755401,0.7594,0.6438754200935364,10.276404
DY,0,DY_cfg0_des2,2,1,12,DADGDGVISLAE,3.8054368,1.5399904,0.8274,0.8047683835029602,23.307486
DY,0,DY_cfg0_des2,2,2,10,DDPNKTRAEE,3.8054368,5.155519,0.8274,0.8047683835029602,2.7388773
DY,0,DY_cfg0_des2,2,3,10,DDPTKTEREE,3.8054368,2.8088522,0.8274,0.8047683835029602,25.22686
DY,0,DY_cfg0_des2,2,4,13,SAADGDGVLSAAE,3.8054368,1.4308095,0.8274,0.8047683835029602,9.8660345
DY,0,DY_cfg0_des3,3,1,12,ASDTDISTLRAE,10.861803,9.5180645,0.7263,0.5304532051086426,17.234465
DY,0,DY_cfg0_des3,3,2,10,NVPGLTRAEE,10.861803,12.594203,0.7263,0.5304532051086426,19.10135
DY,0,DY_cfg0_des3,3,3,10,DDPNKTEREE,10.861803,16.520239,0.7263,0.5304532051086426,4.631587
DY,0,DY_cfg0_des3,3,4,13,TTGVTSYAEAVAA,10.861803,5.6437464,0.7263,0.5304532051086426,13.2744
DY,0,DY_cfg0_des4,4,1,12,DADGDGVIDLPE,1.8615959,0.66610503,0.8185,0.8244220614433289,23.172304
DY,0,DY_cfg0_des4,4,2,10,DKPGVSSADA,1.8615959,1.9840446,0.8185,0.8244220614433289,28.215296
DY,0,DY_cfg0_des4,4,3,10,AADGVLNRDE,1.8615959,3.5616295,0.8185,0.8244220614433289,22.44324
DY,0,DY_cfg0_des4,4,4,13,DGSDGDGVLTAAE,1.8615959,1.4239786,0.8185,0.8244220614433289,9.849056
DY,0,DY_cfg0_des5,5,1,12,DTPGSSATRRQE,14.89765,12.755303,0.7365,0.5265725255012512,15.548599
DY,0,DY_cfg0_des5,5,2,10,NPDGKITAEE,14.89765,18.19028,0.7365,0.5265725255012512,3.3172143
DY,0,DY_cfg0_des5,5,3,10,DDPNKSDRDE,14.89765,25.050932,0.7365,0.5265725255012512,5.0416465
DY,0,DY_cfg0_des5,5,4,13,EAALPPGTPRADE,14.89765,16.657856,0.7365,0.5265725255012512,28.152227
DY,0,DY_cfg0_des6,6,1,12,DADGDGVLSLAE,11.924393,8.513466,0.7503,0.5441097617149353,20.846357
DY,0,DY_cfg0_des6,6,2,10,HDGKTSRADE,11.924393,16.769533,0.7503,0.5441097617149353,21.396423
DY,0,DY_cfg0_des6,6,3,10,DDPSLSEREE,11.924393,9.949354,0.7503,0.5441097617149353,29.570024
DY,0,DY_cfg0_des6,6,4,13,EDAAAPGDTDAQE,11.924393,13.4298725,0.7503,0.5441097617149353,18.067263
DY,0,DY_cfg0_des7,7,1,12,DADGDGYISLAE,9.342043,12.440766,0.7295,0.4391729235649109,15.232296
DY,0,DY_cfg0_des7,7,2,10,TKGHKDRAEA,9.342043,10.6521635,0.7295,0.4391729235649109,25.757605
DY,0,DY_cfg0_des7,7,3,10,DTPGKDPRDE,9.342043,8.7460785,0.7295,0.4391729235649109,24.800446
DY,0,DY_cfg0_des7,7,4,13,RADPADTTLSAAE,9.342043,9.84359,0.7295,0.4391729235649109,16.500174
DY,0,DY_cfg0_des8,8,1,12,DADGDGKISLAE,2.7924263,0.6970142,0.8485,0.9012982845306396,9.736548
DY,0,DY_cfg0_des8,8,2,10,DDGKSSSAEE,2.7924263,5.267545,0.8485,0.9012982845306396,31.39885
DY,0,DY_cfg0_des8,8,3,10,DDGKEMSRAE,2.7924263,4.8348136,0.8485,0.9012982845306396,23.830923
DY,0,DY_cfg0_des8,8,4,13,SGGDGDGLLDAAE,2.7924263,1.4438072,0.8485,0.9012982845306396,25.270285
DY,0,DY_cfg0_des9,9,1,12,GFTTSEADRLAE,11.387239,9.352513,0.7341,0.42042338848114014,11.416661
DY,0,DY_cfg0_des9,9,2,10,NKGGLSRAEE,11.387239,8.707712,0.7341,0.42042338848114014,15.2513075
DY,0,DY_cfg0_des9,9,3,10,DDPSKSEREE,11.387239,14.759368,0.7341,0.42042338848114014,4.3737745
DY,0,DY_cfg0_des9,9,4,13,DVGTTSIADVPGA,11.387239,9.510389,0.7341,0.42042338848114014,22.301285
DY,0,DY_cfg0_des10,10,1,12,DPDADGKNNLAE,14.022138,20.872807,0.7503,0.515631377696991,15.2139635
DY,0,DY_cfg0_des10,10,2,10,DVPGLSSAEE,14.022138,19.522907,0.7503,0.515631377696991,17.599064
DY,0,DY_cfg0_des10,10,3,10,NDSEELSRAE,14.022138,12.525086,0.7503,0.515631377696991,5.23507
DY,0,DY_cfg0_des10,10,4,13,NMEGTDAATLATE,14.022138,14.538104,0.7503,0.515631377696991,22.09362
DY,0,DY_cfg0_des11,11,1,12,DADGDGLISLAE,1.7886353,0.83366615,0.8194,0.8245897889137268,23.09108
DY,0,DY_cfg0_des11,11,2,10,DDPSKSDVEE,1.7886353,2.0281913,0.8194,0.8245897889137268,13.791027
DY,0,DY_cfg0_des11,11,3,10,TDDGVMSRAE,1.7886353,1.9105576,0.8194,0.8245897889137268,24.68683
DY,0,DY_cfg0_des11,11,4,13,TAADGDGLLSAAE,1.7886353,1.1490035,0.8194,0.8245897889137268,9.716975
DY,0,DY_cfg0_des12,12,1,12,DADGDGTISLAE,1.0087348,0.71617925,0.8619,0.9174318313598633,9.459159
DY,0,DY_cfg0_des12,12,2,10,STDGYLTAEE,1.0087348,1.1060486,0.8619,0.9174318313598633,29.772736
DY,0,DY_cfg0_des12,12,3,10,SSDGKLSRAE,1.0087348,1.2521755,0.8619,0.9174318313598633,23.933928
DY,0,DY_cfg0_des12,12,4,13,NANGADGKLDAAE,1.0087348,1.5745068,0.8619,0.9174318313598633,27.116743
DY,0,DY_cfg0_des13,13,1,12,DADGDGTISLAE,1.071379,0.8848016,0.8539,0.9137312173843384,9.699234
DY,0,DY_cfg0_des13,13,2,10,SSGSTLTAAE,1.071379,1.416274,0.8539,0.9137312173843384,9.193193
DY,0,DY_cfg0_des13,13,3,10,SADGTLNRAE,1.071379,1.4360185,0.8539,0.9137312173843384,23.98186
DY,0,DY_cfg0_des13,13,4,13,DGADADGTLDAAE,1.071379,0.7344129,0.8539,0.9137312173843384,8.864932
DY,0,DY_cfg0_des14,14,1,12,STGSAEADLRKE,14.885234,21.836214,0.7207,0.4313594102859497,15.859263
DY,0,DY_cfg0_des14,14,2,10,NDGVKSSAEE,14.885234,25.76936,0.7207,0.4313594102859497,5.3523803
DY,0,DY_cfg0_des14,14,3,10,NNDDTLSRAE,14.885234,6.903269,0.7207,0.4313594102859497,4.496085
DY,0,DY_cfg0_des14,14,4,13,HANTTAPADEAGA,14.885234,8.430047,0.7207,0.4313594102859497,24.129908
DY,1,DY_cfg1_des0,0,1,12,DLNKDGVLTLAE,1.5353172,1.5645403,0.8443,0.8889809846878052,29.551353
DY,1,DY_cfg1_des0,0,2,12,DVNGDGLLSAEE,1.5353172,1.1287715,0.8443,0.8889809846878052,9.322587
DY,1,DY_cfg1_des0,0,3,15,DTGADGVAGKLSRAE,1.5353172,1.280609,0.8443,0.8889809846878052,23.571571
DY,1,DY_cfg1_des0,0,4,15,TGGDTASAGAEAVAE,1.5353172,2.9739468,0.8443,0.8889809846878052,28.521315
DY,1,DY_cfg1_des1,1,1,12,DLDGDGALSLAE,6.506218,3.1747432,0.7829,0.7868216037750244,24.079329
DY,1,DY_cfg1_des1,1,2,12,DVNGDGKLSAEE,6.506218,2.712948,0.7829,0.7868216037750244,12.235989
DY,1,DY_cfg1_des1,1,3,15,DKDPNDTKNLLTKAE,6.506218,7.2837267,0.7829,0.7868216037750244,25.760748
DY,1,DY_cfg1_des1,1,4,15,TGGDTVDVGAEAVAE,6.506218,8.129047,0.7829,0.7868216037750244,8.329572
DY,1,DY_cfg1_des2,2,1,12,DLNGDGCLSLAE,1.847893,2.1941886,0.8559,0.8864668011665344,24.01063
DY,1,DY_cfg1_des2,2,2,12,DVNGDGYLSAEE,1.847893,1.3905987,0.8559,0.8864668011665344,12.091199
DY,1,DY_cfg1_des2,2,3,15,DDPSSSTPGKLSRAE,1.847893,1.9230229,0.8559,0.8864668011665344,23.3526
DY,1,DY_cfg1_des2,2,4,15,TGGATSCCGADAVAE,1.847893,3.0415394,0.8559,0.8864668011665344,7.396445
DY,1,DY_cfg1_des3,3,1,12,DLDGDGVLTLAE,4.648636,1.8957695,0.7995,0.7947431206703186,29.404465
DY,1,DY_cfg1_des3,3,2,12,NDGDMKTPIAEE,4.648636,7.7323093,0.7995,0.7947431206703186,16.335527
DY,1,DY_cfg1_des3,3,3,15,MDDDEPSSVAEARTE,4.648636,7.2247496,0.7995,0.7947431206703186,24.448153
DY,1,DY_cfg1_des3,3,4,15,TGGDTASTAADAATE,4.648636,2.3792565,0.7995,0.7947431206703186,9.640597
DY,1,DY_cfg1_des4,4,1,12,DADGDGTISLAE,0.92737615,0.7008611,0.8436,0.904815673828125,23.792147
DY,1,DY_cfg1_des4,4,2,12,DVNGDGVLSAEE,0.92737615,0.6148313,0.8436,0.904815673828125,9.577388
DY,1,DY_cfg1_des4,4,3,15,DDGSDGDPNTLTRPE,0.92737615,1.2365777,0.8436,0.904815673828125,25.406044
DY,1,DY_cfg1_des4,4,4,15,EAADTTGDGKLNAAE,0.92737615,0.9855922,0.8436,0.904815673828125,8.879153
DY,1,DY_cfg1_des5,5,1,12,DFDGDGKISLAE,2.1856062,1.4695399,0.8549,0.9113892912864685,23.390486
DY,1,DY_cfg1_des5,5,2,12,DKNGDGKLSAEE,2.1856062,1.19604,0.8549,0.9113892912864685,2.3464432
DY,1,DY_cfg1_des5,5,3,15,TAGDGDGDGKLSRAE,2.1856062,2.878695,0.8549,0.9113892912864685,28.10997
DY,1,DY_cfg1_des5,5,4,15,TAACPDKDGKLDATA,2.1856062,2.5674026,0.8549,0.9113892912864685,8.806251
DY,1,DY_cfg1_des6,6,1,12,DFDGDGCLSLAE,2.3120983,1.057921,0.829,0.8747538924217224,24.22077
DY,1,DY_cfg1_des6,6,2,12,DVDGDGYLSAEE,2.3120983,1.000529,0.829,0.8747538924217224,12.156276
DY,1,DY_cfg1_des6,6,3,15,DFDKDGDYTKLSRAE,2.3120983,4.1506596,0.829,0.8747538924217224,23.440348
DY,1,DY_cfg1_des6,6,4,15,NNGATRSCGAEAVAE,2.3120983,2.5223463,0.829,0.8747538924217224,26.660555
DY,1,DY_cfg1_des7,7,1,12,DLDGDGVLTLAE,9.161697,17.03258,0.7314,0.4165506362915039,15.405604
DY,1,DY_cfg1_des7,7,2,12,HDMDGVTLLSDE,9.161697,10.334058,0.7314,0.4165506362915039,9.168477
DY,1,DY_cfg1_des7,7,3,15,DPDGSLICTPADRAE,9.161697,4.69283,0.7314,0.4165506362915039,18.818422
DY,1,DY_cfg1_des7,7,4,15,TGGADADSAAAAAVE,9.161697,7.5907755,0.7314,0.4165506362915039,16.521662
DY,1,DY_cfg1_des8,8,1,12,DADGDGKISLAE,1.0374674,0.7476358,0.8585,0.9192949533462524,8.663566
DY,1,DY_cfg1_des8,8,2,12,DVNGDGYLTAEE,1.0374674,0.9186754,0.8585,0.9192949533462524,8.7849
DY,1,DY_cfg1_des8,8,3,15,DTGADGNPNALSRAE,1.0374674,1.4933567,0.8585,0.9192949533462524,23.820776
DY,1,DY_cfg1_des8,8,4,15,EAADPTKDGKLSAAD,1.0374674,1.3612821,0.8585,0.9192949533462524,29.48391
DY,1,DY_cfg1_des9,9,1,12,DADGDGCLSLAE,1.1859059,0.3175614,0.8476,0.9073358178138733,24.063196
DY,1,DY_cfg1_des9,9,2,12,DKNGDGVLSAEE,1.1859059,0.6302287,0.8476,0.9073358178138733,9.569157
DY,1,DY_cfg1_des9,9,3,15,DTGAGRGDGRLDRAE,1.1859059,2.3293245,0.8476,0.9073358178138733,24.410593
DY,1,DY_cfg1_des9,9,4,15,FGSADRSCGAAAAAE,1.1859059,1.4350176,0.8476,0.9073358178138733,9.565313
DY,1,DY_cfg1_des10,10,1,12,DADGDGKISLAE,1.8135148,0.90573335,0.8602,0.9039490222930908,23.79029
DY,1,DY_cfg1_des10,10,2,12,DVNGDGYLSAEE,1.8135148,0.8688435,0.8602,0.9039490222930908,8.623927
DY,1,DY_cfg1_des10,10,3,15,TGGDGKGDGRLSRAE,1.8135148,3.4344316,0.8602,0.9039490222930908,24.892418
DY,1,DY_cfg1_des10,10,4,15,TASDTTGDGKLSAAE,1.8135148,1.3986561,0.8602,0.9039490222930908,8.954291
DY,1,DY_cfg1_des11,11,1,12,DFDGDGCLSLAE,7.4260116,3.3233666,0.7443,0.6884759664535522,27.310553
DY,1,DY_cfg1_des11,11,2,12,DNGDVSTSTAEE,7.4260116,11.987097,0.7443,0.6884759664535522,9.205813
DY,1,DY_cfg1_des11,11,3,15,GISDYDQDRAKLRAE,7.4260116,7.1101494,0.7443,0.6884759664535522,22.97497
DY,1,DY_cfg1_des11,11,4,15,TGGDDKCCGAEAVAE,7.4260116,5.4755926,0.7443,0.6884759664535522,8.468984
DY,1,DY_cfg1_des12,12,1,12,DLDGDGALSLAE,4.4772563,1.7288593,0.7944,0.8249198794364929,23.962484
DY,1,DY_cfg1_des12,12,2,12,DPDHDNKNSAEE,4.4772563,4.1261015,0.7944,0.8249198794364929,9.297884
DY,1,DY_cfg1_des12,12,3,15,QGLDGNNDGQLDRAE,4.4772563,4.0669737,0.7944,0.8249198794364929,23.388832
DY,1,DY_cfg1_des12,12,4,15,TGGSGRCDGAAAAAE,4.4772563,5.6927977,0.7944,0.8249198794364929,10.889894
DY,1,DY_cfg1_des13,13,1,12,DFDGDGVLTLAE,10.772315,17.379309,0.7318,0.48069489002227783,17.815413
DY,1,DY_cfg1_des13,13,2,12,TNGKLTTLLADE,10.772315,7.789821,0.7318,0.48069489002227783,12.943877
DY,1,DY_cfg1_des13,13,3,15,NPDGDMVWNEKEKAE,10.772315,7.252347,0.7318,0.48069489002227783,22.072495
DY,1,DY_cfg1_des13,13,4,15,QNGATSSPRAEAVTE,10.772315,9.041166,0.7318,0.48069489002227783,10.999093
DY,1,DY_cfg1_des14,14,1,12,DADGDGTISLAE,1.0080724,0.7013833,0.8571,0.9181355237960815,23.373962
DY,1,DY_cfg1_des14,14,2,12,DKDGSGLLSAEE,1.0080724,0.67287254,0.8571,0.9181355237960815,2.3202174
DY,1,DY_cfg1_des14,14,3,15,DKNTDGVPGQLSRAE,1.0080724,1.1382012,0.8571,0.9181355237960815,24.651367
DY,1,DY_cfg1_des14,14,4,15,EAAGTDGDGTLNAAE,1.0080724,1.3866987,0.8571,0.9181355237960815,8.806477
DY,2,DY_cfg2_des0,0,1,15,DNADGDGSYAARLAE,15.09252,10.952033,0.7099,0.4429607689380646,3.754429
DY,2,DY_cfg2_des0,0,2,15,NPDSSTSTIAEAIEE,15.09252,14.985363,0.7099,0.4429607689380646,6.211033
DY,2,DY_cfg2_des0,0,3,15,LDNPDDPNALFTKAE,15.09252,17.435501,0.7099,0.4429607689380646,19.47891
DY,2,DY_cfg2_des0,0,4,15,TGSSTSDTVASWAAE,15.09252,18.21274,0.7099,0.4429607689380646,5.350162
DY,2,DY_cfg2_des1,1,1,15,HAAAATYTAAERLAE,10.379721,8.651272,0.7651,0.6823784112930298,12.712021
DY,2,DY_cfg2_des1,1,2,15,TNGATSLDGPDAVKE,10.379721,4.356226,0.7651,0.6823784112930298,15.965463
DY,2,DY_cfg2_des1,1,3,15,SGKDPANPDGLTRAE,10.379721,5.3935485,0.7651,0.6823784112930298,21.545198
DY,2,DY_cfg2_des1,1,4,15,TGDDTSDTAAELAAE,10.379721,13.494444,0.7651,0.6823784112930298,16.381285
DY,2,DY_cfg2_des2,2,1,15,HDAAATHLTADLRAE,5.478294,3.9525843,0.7633,0.746592104434967,13.389024
DY,2,DY_cfg2_des2,2,2,15,FDDKPVHSWEEIVEE,5.478294,6.8421144,0.7633,0.746592104434967,25.965696
DY,2,DY_cfg2_des2,2,3,15,LSDKKEHARAELRAE,5.478294,6.3493176,0.7633,0.746592104434967,25.267832
DY,2,DY_cfg2_des2,2,4,15,FDDAATDTAAEVAAE,5.478294,2.9333384,0.7633,0.746592104434967,3.0755332
DY,2,DY_cfg2_des3,3,1,15,HDDKATHTRAEILAE,2.9735792,3.1760876,0.7822,0.769675076007843,31.17716
DY,2,DY_cfg2_des3,3,2,15,FDDKPEHTFAEIAEE,2.9735792,4.4143248,0.7822,0.769675076007843,16.15526
DY,2,DY_cfg2_des3,3,3,15,LSPKATHARADLRAE,2.9735792,3.4703798,0.7822,0.769675076007843,26.325003
DY,2,DY_cfg2_des3,3,4,15,TGDDTTDTRAELAAE,2.9735792,2.3212476,0.7822,0.769675076007843,3.1502619
DY,2,DY_cfg2_des4,4,1,15,GFTAATETAAEMLAE,6.2223477,2.5063806,0.7775,0.7410932779312134,21.208418
DY,2,DY_cfg2_des4,4,2,15,TNGETECVGDEVVEE,6.2223477,8.99456,0.7775,0.7410932779312134,3.2378814
DY,2,DY_cfg2_des4,4,3,15,ATTNADGKLGLSRAE,6.2223477,9.393408,0.7775,0.7410932779312134,25.378107
DY,2,DY_cfg2_des4,4,4,15,FGDAATHTLAEVQAE,6.2223477,3.466415,0.7775,0.7410932779312134,11.810974
DY,2,DY_cfg2_des5,5,1,15,HPAAATYTAAEMLAE,1.4679927,2.379182,0.8135,0.8393315076828003,25.161964
DY,2,DY_cfg2_des5,5,2,15,FGDEEVHTWEEIVEE,1.4679927,1.2520578,0.8135,0.8393315076828003,5.8001885
DY,2,DY_cfg2_des5,5,3,15,LDDKEEHSRAELRAE,1.4679927,1.7475514,0.8135,0.8393315076828003,5.580977
DY,2,DY_cfg2_des5,5,4,15,FAGGTSDTAAQAAAA,1.4679927,1.4055626,0.8135,0.8393315076828003,29.780462
DY,2,DY_cfg2_des6,6,1,15,HPAAASYLASDRLAE,12.267897,18.004519,0.7356,0.4708789885044098,13.497634
DY,2,DY_cfg2_des6,6,2,15,MGDAATHTFEEIVEE,12.267897,10.731221,0.7356,0.4708789885044098,16.535187
DY,2,DY_cfg2_des6,6,3,15,LDDEAEMSRAALRAE,12.267897,7.954857,0.7356,0.4708789885044098,23.09371
DY,2,DY_cfg2_des6,6,4,15,NGSSTSDTAAELAAE,12.267897,10.545447,0.7356,0.4708789885044098,20.868559
DY,2,DY_cfg2_des7,7,1,15,GFDAAGDTAAERLAE,5.4856043,2.6421647,0.7571,0.6978064179420471,4.1865144
DY,2,DY_cfg2_des7,7,2,15,TNGESSMPWSEAPTE,5.4856043,5.296288,0.7571,0.6978064179420471,5.3844795
DY,2,DY_cfg2_des7,7,3,15,DSPESKARKEMTRAE,5.4856043,7.6455655,0.7571,0.6978064179420471,23.49389
DY,2,DY_cfg2_des7,7,4,15,TGSSTSDTGASAAAE,5.4856043,3.463457,0.7571,0.6978064179420471,24.684937
DY,2,DY_cfg2_des8,8,1,15,HDAAATYTRAELLAE,1.8087119,1.669494,0.7949,0.8131723403930664,17.69198
DY,2,DY_cfg2_des8,8,2,15,FGDDEVHTFEELAEE,1.8087119,1.665316,0.7949,0.8131723403930664,14.013176
DY,2,DY_cfg2_des8,8,3,15,LDDKKEQTRAEARAE,1.8087119,1.9851685,0.7949,0.8131723403930664,5.4150586
DY,2,DY_cfg2_des8,8,4,15,FGDAATHTRAEVEAE,1.8087119,0.6970794,0.7949,0.8131723403930664,35.2892
DY,2,DY_cfg2_des9,9,1,15,HDAAATHTAAERLAE,15.211198,9.994955,0.7331,0.39088496565818787,20.542248
DY,2,DY_cfg2_des9,9,2,15,HPDEAEHTFEELAEE,15.211198,17.280651,0.7331,0.39088496565818787,3.7865322
DY,2,DY_cfg2_des9,9,3,15,LDDVASDSRAAVRAE,15.211198,14.915009,0.7331,0.39088496565818787,14.899857
DY,2,DY_cfg2_des9,9,4,15,FGDTAVDTAAQVAAE,15.211198,19.849148,0.7331,0.39088496565818787,12.906095
DY,2,DY_cfg2_des10,10,1,15,DGLDGAGDGCLTLAD,11.646795,7.5835037,0.713,0.5078790783882141,18.81774
DY,2,DY_cfg2_des10,10,2,15,HDGKGTNTREELIEE,11.646795,14.311667,0.713,0.5078790783882141,5.9983935
DY,2,DY_cfg2_des10,10,3,15,LDDAASDSDAAERAE,11.646795,13.820641,0.713,0.5078790783882141,3.2794037
DY,2,DY_cfg2_des10,10,4,15,TNGAASCCGAAAAAE,11.646795,10.563663,0.713,0.5078790783882141,8.885318
DY,2,DY_cfg2_des11,11,1,15,HDDKASYTRAEQLAA,17.956076,23.654745,0.7299,0.4803966283798218,17.641943
DY,2,DY_cfg2_des11,11,2,15,TNGETSCPIEDAIKE,17.956076,13.961569,0.7299,0.4803966283798218,16.34368
DY,2,DY_cfg2_des11,11,3,15,ISAAGAAAGVFTRAE,17.956076,23.54534,0.7299,0.4803966283798218,15.539935
DY,2,DY_cfg2_des11,11,4,15,TGDSTSDTRAQAEAE,17.956076,20.273062,0.7299,0.4803966283798218,11.307664
DY,2,DY_cfg2_des12,12,1,15,GVEPGVETRDALLAE,10.856349,3.953679,0.7865,0.7511069774627686,14.4448
DY,2,DY_cfg2_des12,12,2,15,HDDKAVHTREEIAAE,10.856349,11.128636,0.7865,0.7511069774627686,35.45708
DY,2,DY_cfg2_des12,12,3,15,RDDAAEDSRATERAE,10.856349,8.903193,0.7865,0.7511069774627686,3.4396122
DY,2,DY_cfg2_des12,12,4,15,FGDAASHTYAEIAAE,10.856349,5.860278,0.7865,0.7511069774627686,37.54736
DY,2,DY_cfg2_des13,13,1,15,HAPAASYTAAELLAE,13.280911,23.259073,0.754,0.580203115940094,16.524622
DY,2,DY_cfg2_des13,13,2,15,TNGDASSTVEEAAEE,13.280911,9.431948,0.754,0.580203115940094,5.7627068
DY,2,DY_cfg2_des13,13,3,15,EAFDTKGDGKFGLPE,13.280911,4.702933,0.754,0.580203115940094,14.7610445
DY,2,DY_cfg2_des13,13,4,15,TGDSASDTAAEVAAE,13.280911,15.352775,0.754,0.580203115940094,3.454757
DY,2,DY_cfg2_des14,14,1,15,HDDKATYTRAENLAE,6.3769593,4.9319253,0.7513,0.6734572649002075,15.200255
DY,2,DY_cfg2_des14,14,2,15,MDDKAVHSREEIAEE,6.3769593,9.309235,0.7513,0.6734572649002075,30.348787
DY,2,DY_cfg2_des14,14,3,15,FDDEAEDSRAEARAE,6.3769593,6.9651694,0.7513,0.6734572649002075,5.2154546
DY,2,DY_cfg2_des14,14,4,15,MDDAAVDTRAELEAE,6.3769593,6.547967,0.7513,0.6734572649002075,17.81278
DY,3,DY_cfg3_des0,0,1,14,GLEDGDPSADALAE,4.4843974,5.6977644,0.7584,0.6095788478851318,25.73143
DY,3,DY_cfg3_des0,0,2,12,DDGDGKVSLADE,4.4843974,4.0727277,0.7584,0.6095788478851318,2.5818892
DY,3,DY_cfg3_des0,0,3,15,DPDGKRESVEEARAE,4.4843974,3.7063477,0.7584,0.6095788478851318,3.4165967
DY,3,DY_cfg3_des0,0,4,12,DTDGDGVFRSAE,4.4843974,4.0508423,0.7584,0.6095788478851318,2.334885
DY,3,DY_cfg3_des1,1,1,14,DPDPDFSDAARRAE,2.7692964,3.5507364,0.7854,0.8016881346702576,5.9285264
DY,3,DY_cfg3_des1,1,2,12,HTDGDATTLAAE,2.7692964,2.0706775,0.7854,0.8016881346702576,28.095957
DY,3,DY_cfg3_des1,1,3,15,DPDPATSSVAQLRAE,2.7692964,2.8110316,0.7854,0.8016881346702576,20.891474
DY,3,DY_cfg3_des1,1,4,12,EAEDTSGDRAAE,2.7692964,1.5450104,0.7854,0.8016881346702576,14.549504
DY,3,DY_cfg3_des2,2,1,14,DPDGSADEAERRAE,7.2461095,9.180197,0.7432,0.6809701919555664,19.26692
DY,3,DY_cfg3_des2,2,2,12,NPDKDCKNLAEE,7.2461095,4.3142767,0.7432,0.6809701919555664,13.656399
DY,3,DY_cfg3_des2,2,3,15,DPSGVCTSYDEARAE,7.2461095,3.277569,0.7432,0.6809701919555664,3.961216
DY,3,DY_cfg3_des2,2,4,12,NGTAATDDPAAE,7.2461095,6.0023937,0.7432,0.6809701919555664,30.058449
DY,3,DY_cfg3_des3,3,1,14,GIAAGDSDADRLAE,1.228928,1.2338352,0.8139,0.8740566372871399,2.6473746
DY,3,DY_cfg3_des3,3,2,12,DKDGDGRLSAEE,1.228928,0.7902366,0.8139,0.8740566372871399,9.49651
DY,3,DY_cfg3_des3,3,3,15,DTEDPEEPGLLSRAE,1.228928,1.6554708,0.8139,0.8740566372871399,8.338232
DY,3,DY_cfg3_des3,3,4,12,TAGSTPEQVAAE,1.228928,1.5810277,0.8139,0.8740566372871399,29.988138
DY,3,DY_cfg3_des4,4,1,14,GIADGDSAAARLAE,13.875229,15.689945,0.7366,0.46232786774635315,5.0189614
DY,3,DY_cfg3_des4,4,2,12,HGTTTGTNKADE,13.875229,14.318453,0.7366,0.46232786774635315,24.793104
DY,3,DY_cfg3_des4,4,3,15,DDSLIDTDLAKARAE,13.875229,10.681089,0.7366,0.46232786774635315,13.852433
DY,3,DY_cfg3_des4,4,4,12,NPDGPTGDAAAE,13.875229,10.412471,0.7366,0.46232786774635315,32.398132
DY,3,DY_cfg3_des5,5,1,14,GITNSSSHADVRAE,13.755083,14.868702,0.7212,0.4390045404434204,14.361247
DY,3,DY_cfg3_des5,5,2,12,NPDSGVSNRAVE,13.755083,19.941372,0.7212,0.4390045404434204,24.646585
DY,3,DY_cfg3_des5,5,3,15,TDNPESEAPSAFRPE,13.755083,10.55431,0.7212,0.4390045404434204,4.695913
DY,3,DY_cfg3_des5,5,4,12,FGTTASSDYTAA,13.755083,13.979039,0.7212,0.4390045404434204,27.542122
DY,3,DY_cfg3_des6,6,1,14,DPDGTTSTAARRAE,2.0331688,3.9077625,0.8271,0.8686385750770569,4.019648
DY,3,DY_cfg3_des6,6,2,12,DVNGDGVLSADE,2.0331688,0.5732733,0.8271,0.8686385750770569,30.770683
DY,3,DY_cfg3_des6,6,3,15,DTDNTSGKLELSRAE,2.0331688,1.4492557,0.8271,0.8686385750770569,2.5911334
DY,3,DY_cfg3_des6,6,4,12,EATDTSGDVAAA,2.0331688,2.3794723,0.8271,0.8686385750770569,30.247683
DY,3,DY_cfg3_des7,7,1,14,SATAPTSTAEIRAE,2.49102,2.4634883,0.8122,0.8562359809875488,12.264344
DY,3,DY_cfg3_des7,7,2,12,DVDGDGRLSAAE,2.49102,0.8658258,0.8122,0.8562359809875488,10.165704
DY,3,DY_cfg3_des7,7,3,15,AAAGDPDPSVLDRAE,2.49102,3.3444152,0.8122,0.8562359809875488,3.9855072
DY,3,DY_cfg3_des7,7,4,12,FGGSAVSDVAAE,2.49102,2.7492228,0.8122,0.8562359809875488,30.738874
DY,3,DY_cfg3_des8,8,1,14,GLAATDLRADALAE,11.860915,18.581316,0.6992,0.38088178634643555,18.981176
DY,3,DY_cfg3_des8,8,2,12,NSDDQKVGGDEE,11.860915,9.596871,0.6992,0.38088178634643555,14.398456
DY,3,DY_cfg3_des8,8,3,15,NLSSEPVAKEVERPE,11.860915,11.574103,0.6992,0.38088178634643555,5.944075
DY,3,DY_cfg3_des8,8,4,12,HGDAAVVDNAAE,11.860915,8.37001,0.6992,0.38088178634643555,8.226598
DY,3,DY_cfg3_des9,9,1,14,DLDGDGDGTISLAE,0.7946697,0.7878675,0.8421,0.896212637424469,23.784233
DY,3,DY_cfg3_des9,9,2,12,DVNGDGYLSAEE,0.7946697,0.6111297,0.8421,0.896212637424469,8.568025
DY,3,DY_cfg3_des9,9,3,15,DVNNALGDGSLDRAE,0.7946697,1.2140179,0.8421,0.896212637424469,24.253786
DY,3,DY_cfg3_des9,9,4,12,DADGDGKLSAAE,0.7946697,0.935659,0.8421,0.896212637424469,9.643392
DY,3,DY_cfg3_des10,10,1,14,GLEDGDPAAEALKE,8.09528,8.744188,0.791,0.7947648763656616,4.019979
DY,3,DY_cfg3_des10,10,2,12,DKDGSGRLSAEE,8.09528,2.661703,0.791,0.7947648763656616,24.76023
DY,3,DY_cfg3_des10,10,3,15,EAPATAGDGTLSRAE,8.09528,5.4355664,0.791,0.7947648763656616,4.7888856
DY,3,DY_cfg3_des10,10,4,12,QVDGDGVFRTAE,8.09528,9.581485,0.791,0.7947648763656616,17.336515
DY,3,DY_cfg3_des11,11,1,14,GLADGDPDADALAE,2.5316842,4.4202585,0.8364,0.8986135125160217,2.8554173
DY,3,DY_cfg3_des11,11,2,12,DVDGDGRLSAAE,2.5316842,0.7463292,0.8364,0.8986135125160217,30.234446
DY,3,DY_cfg3_des11,11,3,15,AGPDDPAGTSLSRAE,2.5316842,1.2210132,0.8364,0.8986135125160217,3.1917179
DY,3,DY_cfg3_des11,11,4,12,QTDGDGVFTSAE,2.5316842,3.8770702,0.8364,0.8986135125160217,30.346163
DY,3,DY_cfg3_des12,12,1,14,GIADGDPDADALKE,2.7019007,3.119837,0.8186,0.85240238904953,8.5057955
DY,3,DY_cfg3_des12,12,2,12,DKDGDGALSAEE,2.7019007,1.0377097,0.8186,0.85240238904953,26.5945
DY,3,DY_cfg3_des12,12,3,15,DDPSVDPSGKLTRPE,2.7019007,3.5757937,0.8186,0.85240238904953,3.1073058
DY,3,DY_cfg3_des12,12,4,12,DTDGDGVFTSAE,2.7019007,3.3321052,0.8186,0.85240238904953,30.01808
DY,3,DY_cfg3_des13,13,1,14,DPDGNTATADRRAE,5.367866,6.771337,0.7903,0.7628735899925232,3.3341591
DY,3,DY_cfg3_des13,13,2,12,DVDGDGFLSAAE,5.367866,1.1288482,0.7903,0.7628735899925232,14.960668
DY,3,DY_cfg3_des13,13,3,15,STGADGKPDQLSRAE,5.367866,1.7521614,0.7903,0.7628735899925232,2.6950016
DY,3,DY_cfg3_des13,13,4,12,TAGRAGESVAAE,5.367866,7.996423,0.7903,0.7628735899925232,27.650238
DY,3,DY_cfg3_des14,14,1,14,GLADGDPVADARAE,11.498052,10.647271,0.7381,0.6002811789512634,20.82017
DY,3,DY_cfg3_des14,14,2,12,TGDDAVVNRPVE,11.498052,11.523411,0.7381,0.6002811789512634,4.0280576
DY,3,DY_cfg3_des14,14,3,15,FPSGLVDPRDVARAE,11.498052,12.817419,0.7381,0.6002811789512634,17.41195
DY,3,DY_cfg3_des14,14,4,12,NGATSTVFESSE,11.498052,12.735441,0.7381,0.6002811789512634,3.3129015
DY,4,DY_cfg4_des0,0,1,12,DANGDGTLTLAE,1.5321734,0.9193636,0.8428,0.9017270803451538,23.57985
DY,4,DY_cfg4_des0,0,2,11,SNGDGTLSAEE,1.5321734,1.4942635,0.8428,0.9017270803451538,2.6705673
DY,4,DY_cfg4_des0,0,3,14,DDGTDNDGKLSRAE,1.5321734,2.7882445,0.8428,0.9017270803451538,25.60833
DY,4,DY_cfg4_des0,0,4,15,TGGETASTGAEAAAE,1.5321734,1.538679,0.8428,0.9017270803451538,9.561339
DY,4,DY_cfg4_des1,1,1,12,MPTDDVSDRRAE,8.209529,10.892725,0.7209,0.43175968527793884,28.19133
DY,4,DY_cfg4_des1,1,2,11,NSDPSKSLSDE,8.209529,5.4042163,0.7209,0.43175968527793884,16.482645
DY,4,DY_cfg4_des1,1,3,14,NLEDDDPKAEARAE,8.209529,5.4633026,0.7209,0.43175968527793884,4.8571067
DY,4,DY_cfg4_des1,1,4,15,TAGSACTTLADVAAE,8.209529,8.737086,0.7209,0.43175968527793884,22.831804
DY,4,DY_cfg4_des2,2,1,12,DLNGDGCLDLAE,1.5978734,1.1145865,0.8526,0.9006974101066589,27.041468
DY,4,DY_cfg4_des2,2,2,11,SGGDDKLSAEE,1.5978734,1.3183664,0.8526,0.9006974101066589,3.3341103
DY,4,DY_cfg4_des2,2,3,14,DLDKDGSMELSRAE,1.5978734,1.5787861,0.8526,0.9006974101066589,2.800803
DY,4,DY_cfg4_des2,2,4,15,TGGDTKSCGAEAAAE,1.5978734,2.3907878,0.8526,0.9006974101066589,9.229233
DY,4,DY_cfg4_des3,3,1,12,DLDGDGTLTLAE,1.6615717,1.5888927,0.8418,0.8941165804862976,23.221703
DY,4,DY_cfg4_des3,3,2,11,DNGDGKLSAEE,1.6615717,0.7286243,0.8418,0.8941165804862976,2.466074
DY,4,DY_cfg4_des3,3,3,14,DLDKDGDGKLSRAE,1.6615717,2.6368496,0.8418,0.8941165804862976,26.3926
DY,4,DY_cfg4_des3,3,4,15,TGGDASDNAAEAAAE,1.6615717,2.0495684,0.8418,0.8941165804862976,9.03596
DY,4,DY_cfg4_des4,4,1,12,DLNGDGVLTLAE,1.3513261,1.1889883,0.8459,0.9025956988334656,25.101913
DY,4,DY_cfg4_des4,4,2,11,SKGDGKLSAEE,1.3513261,1.0031893,0.8459,0.9025956988334656,33.9902
DY,4,DY_cfg4_des4,4,3,14,DLDKDGKKELNKAE,1.3513261,1.5637337,0.8459,0.9025956988334656,2.6632767
DY,4,DY_cfg4_des4,4,4,15,TNGHSSCSRADAATE,1.3513261,1.6784497,0.8459,0.9025956988334656,9.178032
DY,4,DY_cfg4_des5,5,1,12,DLNGDGVLTLAE,7.8657837,6.3171363,0.7617,0.5303365588188171,30.853506
DY,4,DY_cfg4_des5,5,2,11,DPGDGKALADE,7.8657837,5.922107,0.7617,0.5303365588188171,6.0678344
DY,4,DY_cfg4_des5,5,3,14,DNDATNSKASARAE,7.8657837,6.846092,0.7617,0.5303365588188171,5.506104
DY,4,DY_cfg4_des5,5,4,15,NGGATASNRADAETE,7.8657837,12.617172,0.7617,0.5303365588188171,18.783844
DY,4,DY_cfg4_des6,6,1,12,DLNGDGCLTLAE,4.136418,2.5964715,0.7583,0.688651978969574,21.373917
DY,4,DY_cfg4_des6,6,2,11,TADKSLSLKEE,4.136418,1.6717988,0.7583,0.688651978969574,13.334445
DY,4,DY_cfg4_des6,6,3,14,GLSDDDPPAEARAE,4.136418,1.6083452,0.7583,0.688651978969574,25.998833
DY,4,DY_cfg4_des6,6,4,15,TNGETACCGAEAAAE,4.136418,6.3935037,0.7583,0.688651978969574,9.57672
DY,4,DY_cfg4_des7,7,1,12,DADGDGTISLAE,1.7708422,0.95841837,0.8505,0.9019515514373779,24.825148
DY,4,DY_cfg4_des7,7,2,11,SNGDGALSAEE,1.7708422,0.97304523,0.8505,0.9019515514373779,9.879444
DY,4,DY_cfg4_des7,7,3,14,DLDKDGNGKLSRAE,1.7708422,3.0882642,0.8505,0.9019515514373779,25.565285
DY,4,DY_cfg4_des7,7,4,15,EADDADKDGTIDAAA,1.7708422,0.99644744,0.8505,0.9019515514373779,8.620396
DY,4,DY_cfg4_des8,8,1,12,NLDADDSTHLPE,5.7725954,5.2868023,0.7341,0.5606840252876282,5.1263113
DY,4,DY_cfg4_des8,8,2,11,NTDPNSSVADE,5.7725954,2.762056,0.7341,0.5606840252876282,12.421065
DY,4,DY_cfg4_des8,8,3,14,GLSDSDSLAELRTE,5.7725954,5.9449286,0.7341,0.5606840252876282,3.5467224
DY,4,DY_cfg4_des8,8,4,15,NGSTVNTSTAQVAAE,5.7725954,8.537518,0.7341,0.5606840252876282,11.387982
DY,4,DY_cfg4_des9,9,1,12,DANGDGTIDLAE,1.9754571,1.104406,0.834,0.8815012574195862,23.031492
DY,4,DY_cfg4_des9,9,2,11,DPDRTTSSAEE,1.9754571,3.9956005,0.834,0.8815012574195862,2.8187082
DY,4,DY_cfg4_des9,9,3,14,DLDGKGNGILSRAE,1.9754571,2.4496958,0.834,0.8815012574195862,23.735998
DY,4,DY_cfg4_des9,9,4,15,DAAGATKDGTINAAE,1.9754571,1.897921,0.834,0.8815012574195862,9.058458
DY,4,DY_cfg4_des10,10,1,12,DLDGDGVFTLAE,3.2301784,1.0296639,0.8136,0.8530740141868591,25.531054
DY,4,DY_cfg4_des10,10,2,11,DNKNGTPSAVE,3.2301784,6.6565504,0.8136,0.8530740141868591,9.521653
DY,4,DY_cfg4_des10,10,3,14,DTDKNGNGILSKAE,3.2301784,4.51623,0.8136,0.8530740141868591,25.633385
DY,4,DY_cfg4_des10,10,4,15,TGGHSASANAEAATE,3.2301784,3.4156773,0.8136,0.8530740141868591,8.642875
DY,4,DY_cfg4_des11,11,1,12,DADGDGKISLAE,2.422586,1.0434905,0.8396,0.9033365249633789,25.915243
DY,4,DY_cfg4_des11,11,2,11,SKGGSTLSAEE,2.422586,0.87079513,0.8396,0.9033365249633789,9.203949
DY,4,DY_cfg4_des11,11,3,14,DLDGDGDGKLSRPE,2.422586,1.1537876,0.8396,0.9033365249633789,24.497042
DY,4,DY_cfg4_des11,11,4,15,TAGAFSPSSTLSAAE,2.422586,5.6278973,0.8396,0.9033365249633789,8.698655
DY,4,DY_cfg4_des12,12,1,12,DFNKDGYLTLAE,4.091322,5.334746,0.8305,0.8792756199836731,23.422724
DY,4,DY_cfg4_des12,12,2,11,SNGDSTLSAEE,4.091322,0.79806566,0.8305,0.8792756199836731,8.854318
DY,4,DY_cfg4_des12,12,3,14,DLDKDGNGKLSRAE,4.091322,0.8855897,0.8305,0.8792756199836731,28.62555
DY,4,DY_cfg4_des12,12,4,15,TGGDTRDSVAEAKVE,4.091322,8.647371,0.8305,0.8792756199836731,9.108708
DY,4,DY_cfg4_des13,13,1,12,DADGDGALTLAE,1.7508596,0.7404053,0.8346,0.8890001177787781,23.607513
DY,4,DY_cfg4_des13,13,2,11,SGGTGYLSAEE,1.7508596,1.0671775,0.8346,0.8890001177787781,10.127303
DY,4,DY_cfg4_des13,13,3,14,DLDGDGDGKLNRAE,1.7508596,0.46711415,0.8346,0.8890001177787781,26.348948
DY,4,DY_cfg4_des13,13,4,15,TGGEDAMSPADAAAE,1.7508596,2.1414053,0.8346,0.8890001177787781,9.305089
DY,4,DY_cfg4_des14,14,1,12,DADGDGKISLAE,1.3151278,0.56698024,0.8492,0.9078497886657715,24.474379
DY,4,DY_cfg4_des14,14,2,11,SNGDGYLSAEE,1.3151278,1.0075696,0.8492,0.9078497886657715,8.899019
DY,4,DY_cfg4_des14,14,3,14,DYDKDGDGKLNRAE,1.3151278,2.5861003,0.8492,0.9078497886657715,24.263573
DY,4,DY_cfg4_des14,14,4,15,LAADADKDGTIDAAA,1.3151278,0.7290143,0.8492,0.9078497886657715,8.5656395
HO,0,HO_cfg0_des0,0,1,10,STDGRISLAE,7.1037917,4.622273,0.7473,0.6278104186058044,11.328771
HO,0,HO_cfg0_des0,0,2,13,DDGTNTWAAAAAE,7.1037917,5.826281,0.7473,0.6278104186058044,24.399637
HO,0,HO_cfg0_des0,0,3,10,RTGSTFTKAE,7.1037917,5.702743,0.7473,0.6278104186058044,24.326271
HO,0,HO_cfg0_des0,0,4,14,EAAGNGDGLLDAAE,7.1037917,8.958861,0.7473,0.6278104186058044,23.248482
HO,0,HO_cfg0_des1,1,1,10,GSDGTISLAE,2.0205815,1.5163802,0.8339,0.8637850880622864,9.243127
HO,0,HO_cfg0_des1,1,2,13,DPDGDEDASRADE,2.0205815,3.0604146,0.8339,0.8637850880622864,30.74792
HO,0,HO_cfg0_des1,1,3,10,SNSDSLTKAE,2.0205815,2.979689,0.8339,0.8637850880622864,9.492124
HO,0,HO_cfg0_des1,1,4,14,DTNANGDGKLDAAE,2.0205815,2.6659155,0.8339,0.8637850880622864,30.576994
HO,0,HO_cfg0_des2,2,1,10,GSDGTISLAE,1.3500515,1.386979,0.8458,0.8823342323303223,23.76546
HO,0,HO_cfg0_des2,2,2,13,DAPDGDGVLTAEE,1.3500515,1.1618221,0.8458,0.8823342323303223,10.437504
HO,0,HO_cfg0_des2,2,3,10,SDGDALSRAE,1.3500515,2.1927667,0.8458,0.8823342323303223,24.716051
HO,0,HO_cfg0_des2,2,4,14,DTDGDGDGVLNAAE,1.3500515,1.6315084,0.8458,0.8823342323303223,3.0838015
HO,0,HO_cfg0_des3,3,1,10,GSDGTISLPE,1.0193466,1.3555355,0.848,0.9052757620811462,24.529387
HO,0,HO_cfg0_des3,3,2,13,SAADGDGVLTAEE,1.0193466,0.9198006,0.848,0.9052757620811462,9.415911
HO,0,HO_cfg0_des3,3,3,10,SADGTLDRAE,1.0193466,1.1170583,0.848,0.9052757620811462,26.84712
HO,0,HO_cfg0_des3,3,4,14,DAGTDGDGKLSAAE,1.0193466,1.1895328,0.848,0.9052757620811462,2.3689663
HO,0,HO_cfg0_des4,4,1,10,GSDGTLSLAE,1.0356271,1.5890629,0.8403,0.8826841711997986,23.594343
HO,0,HO_cfg0_des4,4,2,13,DTTPGSGTLTAEE,1.0356271,0.97763324,0.8403,0.8826841711997986,8.628082
HO,0,HO_cfg0_des4,4,3,10,SADGTLDRAE,1.0356271,1.4711109,0.8403,0.8826841711997986,23.939255
HO,0,HO_cfg0_des4,4,4,14,DTDGDGSGVLSAAE,1.0356271,1.08059,0.8403,0.8826841711997986,3.1541166
HO,0,HO_cfg0_des5,5,1,10,DVPGVSRLDE,4.77907,6.718231,0.801,0.7744174599647522,23.314812
HO,0,HO_cfg0_des5,5,2,13,DDGDGSGVLTAEE,4.77907,2.1683538,0.801,0.7744174599647522,8.503501
HO,0,HO_cfg0_des5,5,3,10,SADGTLSRAE,4.77907,2.2870853,0.801,0.7744174599647522,2.8654716
HO,0,HO_cfg0_des5,5,4,14,TDGTADTPAARAAE,4.77907,3.4761567,0.801,0.7744174599647522,29.119156
HO,0,HO_cfg0_des6,6,1,10,STGDGLSLAE,10.958102,5.3852663,0.7477,0.4014955461025238,9.289466
HO,0,HO_cfg0_des6,6,2,13,NPDNNDDESEIDE,10.958102,12.261693,0.7477,0.4014955461025238,22.802948
HO,0,HO_cfg0_des6,6,3,10,SDDGTLSRAE,10.958102,20.837574,0.7477,0.4014955461025238,13.848813
HO,0,HO_cfg0_des6,6,4,14,TGDDYDDAADAATE,10.958102,5.804364,0.7477,0.4014955461025238,24.961432
HO,0,HO_cfg0_des7,7,1,10,GSDGRISLAE,1.4747994,1.1392845,0.8509,0.8982040882110596,3.304677
HO,0,HO_cfg0_des7,7,2,13,DAKNKDGKLSAEE,1.4747994,0.73156434,0.8509,0.8982040882110596,29.650972
HO,0,HO_cfg0_des7,7,3,10,SSDGTLSRAE,1.4747994,1.2965124,0.8509,0.8982040882110596,2.7062595
HO,0,HO_cfg0_des7,7,4,14,DLDADGNGLLDAAE,1.4747994,2.3988328,0.8509,0.8982040882110596,28.680754
HO,0,HO_cfg0_des8,8,1,10,SSDGTISLAE,1.145187,1.429496,0.8513,0.8983924984931946,9.213773
HO,0,HO_cfg0_des8,8,2,13,DKDGDKTTLSAEE,1.145187,1.1247262,0.8513,0.8983924984931946,32.283127
HO,0,HO_cfg0_des8,8,3,10,SSSGKLSRAE,1.145187,1.5375674,0.8513,0.8983924984931946,9.7362585
HO,0,HO_cfg0_des8,8,4,14,EDPAAPDGTLNAAE,1.145187,1.0120643,0.8513,0.8983924984931946,15.3415785
HO,0,HO_cfg0_des9,9,1,10,GSDGTISLAE,1.1807144,1.3767276,0.8512,0.8899803161621094,9.317206
HO,0,HO_cfg0_des9,9,2,13,DTDGDKTALTAEE,1.1807144,1.2542292,0.8512,0.8899803161621094,31.430609
HO,0,HO_cfg0_des9,9,3,10,SDDGKLSKAE,1.1807144,1.4572033,0.8512,0.8899803161621094,2.9105542
HO,0,HO_cfg0_des9,9,4,14,DAAGNGDGVLDAAE,1.1807144,1.1073368,0.8512,0.8899803161621094,29.683205
HO,0,HO_cfg0_des10,10,1,10,DTSATFDRAE,2.5244555,1.669974,0.7789,0.6514995694160461,24.986633
HO,0,HO_cfg0_des10,10,2,13,SGGDSSNADAAEE,2.5244555,4.331117,0.7789,0.6514995694160461,15.370971
HO,0,HO_cfg0_des10,10,3,10,MTSDVLTRAE,2.5244555,3.1284223,0.7789,0.6514995694160461,23.527708
HO,0,HO_cfg0_des10,10,4,14,GFEDGDSLAAAAAE,2.5244555,1.8137691,0.7789,0.6514995694160461,6.812471
HO,0,HO_cfg0_des11,11,1,10,SADGRISLAE,1.4365438,2.3060477,0.8507,0.8914759755134583,9.793453
HO,0,HO_cfg0_des11,11,2,13,DKDGDKTTLSAEE,1.4365438,1.0579317,0.8507,0.8914759755134583,29.341055
HO,0,HO_cfg0_des11,11,3,10,STDGKMSKAE,1.4365438,1.8347166,0.8507,0.8914759755134583,3.2439792
HO,0,HO_cfg0_des11,11,4,14,DAVGDGDGVLDAAE,1.4365438,1.2817165,0.8507,0.8914759755134583,29.78118
HO,0,HO_cfg0_des12,12,1,10,GSDGRISLAE,1.9977448,3.129753,0.8491,0.8983524441719055,23.499397
HO,0,HO_cfg0_des12,12,2,13,DNGDGDGTLTAEE,1.9977448,1.6003919,0.8491,0.8983524441719055,3.054755
HO,0,HO_cfg0_des12,12,3,10,SDDGTLSRAE,1.9977448,1.7291117,0.8491,0.8983524441719055,25.161402
HO,0,HO_cfg0_des12,12,4,14,QAAGDTDGVLDAAE,1.9977448,2.28315,0.8491,0.8983524441719055,3.312753
HO,0,HO_cfg0_des13,13,1,10,SSDGRISLAE,6.284597,3.4875662,0.7796,0.728699803352356,23.57598
HO,0,HO_cfg0_des13,13,2,13,SAADGSGKLSAEE,6.284597,1.9791996,0.7796,0.728699803352356,10.310872
HO,0,HO_cfg0_des13,13,3,10,SADGELSRAE,6.284597,2.1456506,0.7796,0.728699803352356,23.08771
HO,0,HO_cfg0_des13,13,4,14,SASGSLDDLLDAAE,6.284597,9.567348,0.7796,0.728699803352356,5.175548
HO,0,HO_cfg0_des14,14,1,10,SSDGRLSLPE,1.3442812,1.5468378,0.8446,0.9119738936424255,9.738572
HO,0,HO_cfg0_des14,14,2,13,SAADGDGVLSAEE,1.3442812,0.75288063,0.8446,0.9119738936424255,27.218727
HO,0,HO_cfg0_des14,14,3,10,DADGTLSRAE,1.3442812,1.2691771,0.8446,0.9119738936424255,9.257628
HO,0,HO_cfg0_des14,14,4,14,DTGADGDGTLSAAE,1.3442812,2.2940254,0.8446,0.9119738936424255,26.258842
HO,1,HO_cfg1_des0,0,1,13,DFIDGDGKIDLAE,1.1745768,1.144996,0.8461,0.9056512713432312,23.233053
HO,1,HO_cfg1_des0,0,2,14,SNAVDGDGVLSAEE,1.1745768,1.0879328,0.8461,0.9056512713432312,29.709879
HO,1,HO_cfg1_des0,0,3,12,DADGDGKLSRAE,1.1745768,1.3306347,0.8461,0.9056512713432312,9.546609
HO,1,HO_cfg1_des0,0,4,13,NAGSADPFLSAAE,1.1745768,1.0221493,0.8461,0.9056512713432312,9.934962
HO,1,HO_cfg1_des1,1,1,13,DADGVDGKISLAE,0.7816621,0.90191454,0.8519,0.9065842032432556,2.6974776
HO,1,HO_cfg1_des1,1,2,14,DAAGDGDGKLSAEE,0.7816621,0.72699875,0.8519,0.9065842032432556,29.35779
HO,1,HO_cfg1_des1,1,3,12,DADGDGKLSRAE,0.7816621,0.8979267,0.8519,0.9065842032432556,2.3930616
HO,1,HO_cfg1_des1,1,4,13,DLDGDGKGLSAAE,0.7816621,0.5923514,0.8519,0.9065842032432556,29.763496
HO,1,HO_cfg1_des2,2,1,13,DFDGADGLVSLAE,0.9722704,0.60758793,0.8325,0.8968955278396606,23.28375
HO,1,HO_cfg1_des2,2,2,14,EVDKDGSGTLSAEE,0.9722704,2.2454011,0.8325,0.8968955278396606,2.5078287
HO,1,HO_cfg1_des2,2,3,12,DANGDGVLDRAE,0.9722704,0.52103543,0.8325,0.8968955278396606,24.73229
HO,1,HO_cfg1_des2,2,4,13,SDGATPGKLSAAE,0.9722704,0.52746856,0.8325,0.8968955278396606,9.474254
HO,1,HO_cfg1_des3,3,1,13,DFLDGDGVISLAE,0.7675604,0.66873336,0.847,0.9136819839477539,23.843561
HO,1,HO_cfg1_des3,3,2,14,DAAGDKDGKLSAEE,0.7675604,0.7883921,0.847,0.9136819839477539,9.079487
HO,1,HO_cfg1_des3,3,3,12,DANGDGTLDRAE,0.7675604,0.85442984,0.847,0.9136819839477539,24.910492
HO,1,HO_cfg1_des3,3,4,13,SAANKDGVLDAAE,0.7675604,0.6788882,0.847,0.9136819839477539,9.48725
HO,1,HO_cfg1_des4,4,1,13,DTDNHDGKIDLAE,1.7198161,0.8698558,0.83,0.8913630843162537,3.882047
HO,1,HO_cfg1_des4,4,2,14,APDGVSFGSNAAEE,1.7198161,3.387197,0.83,0.8913630843162537,29.178848
HO,1,HO_cfg1_des4,4,3,12,DANGDGSISRAE,1.7198161,0.84513533,0.83,0.8913630843162537,2.4108856
HO,1,HO_cfg1_des4,4,4,13,EDGDGDGVLSAAE,1.7198161,1.1755359,0.83,0.8913630843162537,9.88919
HO,1,HO_cfg1_des5,5,1,13,DFDDHDGKISLAE,1.5620223,0.77611595,0.8293,0.8594575524330139,2.4420292
HO,1,HO_cfg1_des5,5,2,14,DPNGDLKLADMIEE,1.5620223,2.8898437,0.8293,0.8594575524330139,27.1725
HO,1,HO_cfg1_des5,5,3,12,DTNKDGVFTKAE,1.5620223,1.001202,0.8293,0.8594575524330139,2.3911812
HO,1,HO_cfg1_des5,5,4,13,DAADGDGVISAAE,1.5620223,0.94546485,0.8293,0.8594575524330139,2.3456228
HO,1,HO_cfg1_des6,6,1,13,DFDDHDGRISLAE,1.2666296,0.98982173,0.8262,0.8990827798843384,10.179357
HO,1,HO_cfg1_des6,6,2,14,NTDGDGSGKLSAEE,1.2666296,1.5387857,0.8262,0.8990827798843384,2.7427769
HO,1,HO_cfg1_des6,6,3,12,DADKDGTLSRAE,1.2666296,1.1030769,0.8262,0.8990827798843384,23.555601
HO,1,HO_cfg1_des6,6,4,13,EDGDGSGTLSAAE,1.2666296,1.5408238,0.8262,0.8990827798843384,26.909409
HO,1,HO_cfg1_des7,7,1,13,DTEDGDGKISLAE,1.1794248,0.85759753,0.8454,0.9023299217224121,23.411337
HO,1,HO_cfg1_des7,7,2,14,SGHVDGDGKLSAEE,1.1794248,1.9882317,0.8454,0.9023299217224121,3.2171993
HO,1,HO_cfg1_des7,7,3,12,DADGDGKLDRAE,1.1794248,1.0703902,0.8454,0.9023299217224121,24.032036
HO,1,HO_cfg1_des7,7,4,13,DTDGADGKLSAAE,1.1794248,1.4684966,0.8454,0.9023299217224121,8.993184
HO,1,HO_cfg1_des8,8,1,13,EDGDGDGKISLAE,2.8848138,2.2604752,0.8031,0.8462260365486145,2.384284
HO,1,HO_cfg1_des8,8,2,14,NPDGDESWASSIAE,2.8848138,5.9244466,0.8031,0.8462260365486145,29.891401
HO,1,HO_cfg1_des8,8,3,12,DYDKDGKFSKAE,2.8848138,2.7103655,0.8031,0.8462260365486145,3.0062265
HO,1,HO_cfg1_des8,8,4,13,NAADGDGTLSAAE,2.8848138,0.88194,0.8031,0.8462260365486145,26.46321
HO,1,HO_cfg1_des9,9,1,13,EDGNGDGVISRAE,1.8298384,2.1899455,0.8391,0.8804376721382141,2.4014666
HO,1,HO_cfg1_des9,9,2,14,DTDGDGDGKLSAEE,1.8298384,1.8945252,0.8391,0.8804376721382141,29.498068
HO,1,HO_cfg1_des9,9,3,12,DADGDGKLSRAE,1.8298384,1.351472,0.8391,0.8804376721382141,9.061126
HO,1,HO_cfg1_des9,9,4,13,DQGDGSGTLDAAE,1.8298384,1.56462,0.8391,0.8804376721382141,27.146406
HO,1,HO_cfg1_des10,10,1,13,DADKADGKISLAE,1.009225,1.5875545,0.8559,0.9002809524536133,23.27176
HO,1,HO_cfg1_des10,10,2,14,ETDKDGSGKLSAEE,1.009225,1.745154,0.8559,0.9002809524536133,29.164673
HO,1,HO_cfg1_des10,10,3,12,DADGDGKLSRAE,1.009225,1.0530545,0.8559,0.9002809524536133,26.404467
HO,1,HO_cfg1_des10,10,4,13,DFKDGDGLIDAAE,1.009225,0.5884771,0.8559,0.9002809524536133,8.969628
HO,1,HO_cfg1_des11,11,1,13,DLDGVDGKISLAE,1.6965209,1.4730742,0.8472,0.902809739112854,23.193361
HO,1,HO_cfg1_des11,11,2,14,DTNKNGDGKLTAEE,1.6965209,3.1300395,0.8472,0.902809739112854,2.4119163
HO,1,HO_cfg1_des11,11,3,12,DADGDGTLSRAE,1.6965209,1.5531344,0.8472,0.902809739112854,24.70387
HO,1,HO_cfg1_des11,11,4,13,STDDGDGTLSAAE,1.6965209,1.9294963,0.8472,0.902809739112854,8.386566
HO,1,HO_cfg1_des12,12,1,13,DLDDDDGKISLAE,1.5149653,1.440035,0.827,0.8714567422866821,9.818821
HO,1,HO_cfg1_des12,12,2,14,NPDGDYTKASTIAE,1.5149653,2.1487567,0.827,0.8714567422866821,9.049033
HO,1,HO_cfg1_des12,12,3,12,DADGDGGISRAE,1.5149653,1.4612112,0.827,0.8714567422866821,25.00487
HO,1,HO_cfg1_des12,12,4,13,EGSDTDGVISAAE,1.5149653,1.1616992,0.827,0.8714567422866821,9.351621
HO,1,HO_cfg1_des13,13,1,13,DFINHDGKLSLAE,3.6139104,3.3912275,0.8059,0.8239567279815674,3.7997167
HO,1,HO_cfg1_des13,13,2,14,DTDKDGSGKLSAEE,3.6139104,1.8072919,0.8059,0.8239567279815674,29.47538
HO,1,HO_cfg1_des13,13,3,12,DADGDGTLSRAE,3.6139104,2.3251243,0.8059,0.8239567279815674,9.395458
HO,1,HO_cfg1_des13,13,4,13,DAVFADPEAEAAE,3.6139104,7.501393,0.8059,0.8239567279815674,26.998825
HO,1,HO_cfg1_des14,14,1,13,DLDGKDGLVTLPE,1.9999597,1.0573583,0.8392,0.8925774693489075,2.4842632
HO,1,HO_cfg1_des14,14,2,14,QKDKDGDGKLSAEE,1.9999597,2.9116447,0.8392,0.8925774693489075,31.85914
HO,1,HO_cfg1_des14,14,3,12,DADGDGVLSRAE,1.9999597,1.3786883,0.8392,0.8925774693489075,9.20744
HO,1,HO_cfg1_des14,14,4,13,DLDGDGKGLSAAE,1.9999597,1.3661947,0.8392,0.8925774693489075,27.303427
HO,2,HO_cfg2_des0,0,1,12,DADGSGKISLAE,1.2184169,1.018844,0.8566,0.908669114112854,23.224226
HO,2,HO_cfg2_des0,0,2,10,STDGYLTAEE,1.2184169,1.389814,0.8566,0.908669114112854,11.9533
HO,2,HO_cfg2_des0,0,3,10,SDDGKLSRAE,1.2184169,2.2904708,0.8566,0.908669114112854,24.14598
HO,2,HO_cfg2_des0,0,4,13,DGADADGTLSAAE,1.2184169,0.9917468,0.8566,0.908669114112854,9.001721
HO,2,HO_cfg2_des1,1,1,12,DADGDGKISLAE,1.1317593,0.99958825,0.8567,0.911643922328949,4.346333
HO,2,HO_cfg2_des1,1,2,10,SNDGVLEAEE,1.1317593,1.7306046,0.8567,0.911643922328949,29.506874
HO,2,HO_cfg2_des1,1,3,10,SADGKLSRAE,1.1317593,1.4603181,0.8567,0.911643922328949,2.7443092
HO,2,HO_cfg2_des1,1,4,13,EGSDGDGVLSAAE,1.1317593,0.8275569,0.8567,0.911643922328949,9.3752985
HO,2,HO_cfg2_des2,2,1,12,DADGDGKISLAE,1.1418809,1.1009514,0.8609,0.9112088084220886,22.978622
HO,2,HO_cfg2_des2,2,2,10,ADSDTLTAEE,1.1418809,1.0767812,0.8609,0.9112088084220886,3.2754467
HO,2,HO_cfg2_des2,2,3,10,SADGKLSRAE,1.1418809,2.0612407,0.8609,0.9112088084220886,23.903635
HO,2,HO_cfg2_des2,2,4,13,DTVDGDGTLSAAE,1.1418809,0.783309,0.8609,0.9112088084220886,8.670224
HO,2,HO_cfg2_des3,3,1,12,DADGDGVISLAE,0.94451815,0.97646546,0.8575,0.907849133014679,23.17762
HO,2,HO_cfg2_des3,3,2,10,STDGYLTAEE,0.94451815,1.1671435,0.8575,0.907849133014679,29.066488
HO,2,HO_cfg2_des3,3,3,10,SSDGKLSRAE,0.94451815,1.4680742,0.8575,0.907849133014679,23.399843
HO,2,HO_cfg2_des3,3,4,13,SAADNDGVLDAAE,0.94451815,0.72040886,0.8575,0.907849133014679,2.9327326
HO,2,HO_cfg2_des4,4,1,12,DADKDGKISLAE,1.1436996,1.0685424,0.8541,0.9086346626281738,23.0519
HO,2,HO_cfg2_des4,4,2,10,SSDGTLSAAE,1.1436996,1.0306433,0.8541,0.9086346626281738,28.840897
HO,2,HO_cfg2_des4,4,3,10,SSDGSLSRAE,1.1436996,1.4616023,0.8541,0.9086346626281738,8.963536
HO,2,HO_cfg2_des4,4,4,13,DSVDKDGKLSAAE,1.1436996,1.279312,0.8541,0.9086346626281738,8.980439
HO,2,HO_cfg2_des5,5,1,12,DADGDGVISLAE,1.6533335,0.6601277,0.8505,0.8889572024345398,21.922043
HO,2,HO_cfg2_des5,5,2,10,SADGVLTAAE,1.6533335,1.0628312,0.8505,0.8889572024345398,28.43219
HO,2,HO_cfg2_des5,5,3,10,DASGTMSRAE,1.6533335,2.0097373,0.8505,0.8889572024345398,9.575319
HO,2,HO_cfg2_des5,5,4,13,DLDGDGTTISAAE,1.6533335,0.7464297,0.8505,0.8889572024345398,8.718059
HO,2,HO_cfg2_des6,6,1,12,DADGDGVISLAE,0.88794446,0.7222858,0.8496,0.9043053388595581,23.247787
HO,2,HO_cfg2_des6,6,2,10,SDDGVLTAEE,0.88794446,1.3008199,0.8496,0.9043053388595581,2.9219954
HO,2,HO_cfg2_des6,6,3,10,DADGTLSRAE,0.88794446,1.1585385,0.8496,0.9043053388595581,24.76181
HO,2,HO_cfg2_des6,6,4,13,SAADGDGVLDAAE,0.88794446,0.78537875,0.8496,0.9043053388595581,9.709508
HO,2,HO_cfg2_des7,7,1,12,DADGDGRISLAE,1.0599893,0.8465831,0.8379,0.8982992172241211,9.464442
HO,2,HO_cfg2_des7,7,2,10,SSDGVLSAEE,1.0599893,1.4216782,0.8379,0.8982992172241211,27.043604
HO,2,HO_cfg2_des7,7,3,10,DADGLLSRAE,1.0599893,1.2908058,0.8379,0.8982992172241211,3.754615
HO,2,HO_cfg2_des7,7,4,13,DTVDGDGFLSAAE,1.0599893,1.0188416,0.8379,0.8982992172241211,26.059923
HO,2,HO_cfg2_des8,8,1,12,DADGSGKISLAE,1.0260798,0.7114174,0.8567,0.9115232229232788,23.240553
HO,2,HO_cfg2_des8,8,2,10,SSDGVLSAEE,1.0260798,1.0708727,0.8567,0.9115232229232788,18.41992
HO,2,HO_cfg2_des8,8,3,10,SPDGLLSRAE,1.0260798,1.6363153,0.8567,0.9115232229232788,24.041327
HO,2,HO_cfg2_des8,8,4,13,DTDDGDGTLSAAE,1.0260798,1.2630672,0.8567,0.9115232229232788,8.985821
HO,2,HO_cfg2_des9,9,1,12,DADGDGVISLAE,0.87763083,0.80857646,0.8623,0.9110180139541626,25.258192
HO,2,HO_cfg2_des9,9,2,10,STDGELSAEE,0.87763083,1.082158,0.8623,0.9110180139541626,7.851254
HO,2,HO_cfg2_des9,9,3,10,SADGKLSRAE,0.87763083,1.2584901,0.8623,0.9110180139541626,25.60285
HO,2,HO_cfg2_des9,9,4,13,LTDPAEDTLTAAE,0.87763083,0.93914837,0.8623,0.9110180139541626,8.659835
HO,2,HO_cfg2_des10,10,1,12,DADGDGKISLAE,0.7400785,0.39817068,0.844,0.905690610408783,23.279589
HO,2,HO_cfg2_des10,10,2,10,SSDGELSAEE,0.7400785,1.3016975,0.844,0.905690610408783,29.204048
HO,2,HO_cfg2_des10,10,3,10,SADGKLNRAE,0.7400785,1.0783917,0.844,0.905690610408783,28.29701
HO,2,HO_cfg2_des10,10,4,13,SAADGDGVLSAAE,0.7400785,0.3186452,0.844,0.905690610408783,9.945229
HO,2,HO_cfg2_des11,11,1,12,DADGDGKISLAE,0.96976644,0.50993365,0.8539,0.902633547782898,23.71685
HO,2,HO_cfg2_des11,11,2,10,SPSGELSAEE,0.96976644,0.9663539,0.8539,0.902633547782898,6.109356
HO,2,HO_cfg2_des11,11,3,10,SDDGKLSRAE,0.96976644,1.4187493,0.8539,0.902633547782898,25.520025
HO,2,HO_cfg2_des11,11,4,13,TASNPDGTLSAAE,0.96976644,1.3408551,0.8539,0.902633547782898,8.841235
HO,2,HO_cfg2_des12,12,1,12,DADGDGKISLAE,0.97293067,0.7582137,0.8457,0.9020822644233704,23.16458
HO,2,HO_cfg2_des12,12,2,10,SSDGTLSAAE,0.97293067,0.8091773,0.8457,0.9020822644233704,28.973337
HO,2,HO_cfg2_des12,12,3,10,SDDGTLSRAE,0.97293067,1.7310464,0.8457,0.9020822644233704,8.9842615
HO,2,HO_cfg2_des12,12,4,13,SAADGDGVLSAAE,0.97293067,0.53868264,0.8457,0.9020822644233704,9.687713
HO,2,HO_cfg2_des13,13,1,12,DADGDGKISLAE,0.98750746,0.6113429,0.8472,0.9014106392860413,23.226385
HO,2,HO_cfg2_des13,13,2,10,ADGSTLTAAE,0.98750746,1.4646846,0.8472,0.9014106392860413,29.451645
HO,2,HO_cfg2_des13,13,3,10,SADGTLNRAE,0.98750746,1.6794852,0.8472,0.9014106392860413,25.427813
HO,2,HO_cfg2_des13,13,4,13,EGADGDGVLTAAE,0.98750746,0.59418833,0.8472,0.9014106392860413,9.356456
HO,2,HO_cfg2_des14,14,1,12,DADGDGKISLAE,0.753934,0.50852674,0.8532,0.9057574272155762,3.5267792
HO,2,HO_cfg2_des14,14,2,10,STDGYLSAEE,0.753934,0.6063503,0.8532,0.9057574272155762,29.305914
HO,2,HO_cfg2_des14,14,3,10,SSDGKLSRAE,0.753934,1.2220007,0.8532,0.9057574272155762,2.7949734
HO,2,HO_cfg2_des14,14,4,13,SSADGDGVLSAAE,0.753934,0.5998955,0.8532,0.9057574272155762,9.606035
HO,3,HO_cfg3_des0,0,1,13,DTESGDGTISLAE,0.72052205,0.42126372,0.8324,0.882196843624115,24.00907
HO,3,HO_cfg3_des0,0,2,15,DTDGDTARKLLSAEE,0.72052205,0.8004648,0.8324,0.882196843624115,27.6454
HO,3,HO_cfg3_des0,0,3,14,DYDGDGDGKLSRAE,0.72052205,0.8990839,0.8324,0.882196843624115,23.583872
HO,3,HO_cfg3_des0,0,4,15,DATDGDGDGKLSAAE,0.72052205,0.7892352,0.8324,0.882196843624115,27.128113
HO,3,HO_cfg3_des1,1,1,13,DRDGDGTTISLAE,1.5451108,1.3341665,0.8253,0.8643651604652405,23.425194
HO,3,HO_cfg3_des1,1,2,15,DVNGDGVITGDEASE,1.5451108,2.9723852,0.8253,0.8643651604652405,28.737318
HO,3,HO_cfg3_des1,1,3,14,DTDGDGSGSLNRAE,1.5451108,1.6132854,0.8253,0.8643651604652405,23.6495
HO,3,HO_cfg3_des1,1,4,15,AAVDGKGDGVLNAAE,1.5451108,1.0117953,0.8253,0.8643651604652405,29.884598
HO,3,HO_cfg3_des2,2,1,13,DTIDGDGKISLAE,1.8898411,1.0490141,0.8441,0.8796327114105225,2.3824117
HO,3,HO_cfg3_des2,2,2,15,SKSGGDMVGQDAINE,1.8898411,3.2775073,0.8441,0.8796327114105225,29.898224
HO,3,HO_cfg3_des2,2,3,14,DLSKDGKLSLSRAE,1.8898411,2.4964197,0.8441,0.8796327114105225,2.4845767
HO,3,HO_cfg3_des2,2,4,15,EATDADGDGKIDAAA,1.8898411,1.2252676,0.8441,0.8796327114105225,27.811522
HO,3,HO_cfg3_des3,3,1,13,DTDDNDGTIDLAE,1.2496644,0.94806886,0.8256,0.8643724322319031,2.4085667
HO,3,HO_cfg3_des3,3,2,15,SGGAGVFTGADAVAE,1.2496644,1.0553828,0.8256,0.8643724322319031,29.801897
HO,3,HO_cfg3_des3,3,3,14,DADEKDGSSLSRAE,1.2496644,1.4038306,0.8256,0.8643724322319031,22.679504
HO,3,HO_cfg3_des3,3,4,15,CAVDPAADGKLNAAE,1.2496644,1.4124609,0.8256,0.8643724322319031,27.706476
HO,3,HO_cfg3_des4,4,1,13,DFIDGDGKISLAE,1.5668216,1.1088651,0.8213,0.8639633655548096,2.4368713
HO,3,HO_cfg3_des4,4,2,15,SGGADLLRGADAVAE,1.5668216,1.439243,0.8213,0.8639633655548096,29.48363
HO,3,HO_cfg3_des4,4,3,14,DLDGDGDGSLSRAE,1.5668216,2.1434453,0.8213,0.8639633655548096,2.544926
HO,3,HO_cfg3_des4,4,4,15,EATDPDKDGKLNAAE,1.5668216,1.4444511,0.8213,0.8639633655548096,29.499817
HO,3,HO_cfg3_des5,5,1,13,DFDGADGKISLAE,1.0698068,1.0862725,0.825,0.8826451897621155,23.521513
HO,3,HO_cfg3_des5,5,2,15,DVNGDGYLNIGKEGE,1.0698068,1.2778047,0.825,0.8826451897621155,2.3847165
HO,3,HO_cfg3_des5,5,3,14,DYDGDGDNALSRAE,1.0698068,1.3552698,0.825,0.8826451897621155,23.196724
HO,3,HO_cfg3_des5,5,4,15,ETADGDNDGLIGAAE,1.0698068,1.0187683,0.825,0.8826451897621155,9.303511
HO,3,HO_cfg3_des6,6,1,13,DLDDDNGDLSLAE,2.8630748,2.0877976,0.8147,0.8419780135154724,2.5388353
HO,3,HO_cfg3_des6,6,2,15,DVNKNGVFTASEHSE,2.8630748,2.9897053,0.8147,0.8419780135154724,2.3276691
HO,3,HO_cfg3_des6,6,3,14,DANDDGDGGLTRAE,2.8630748,3.9448667,0.8147,0.8419780135154724,5.187794
HO,3,HO_cfg3_des6,6,4,15,FGGDTRGVGAAAVAE,2.8630748,3.1207635,0.8147,0.8419780135154724,25.976646
HO,3,HO_cfg3_des7,7,1,13,NTTPGDPGISLAE,14.761704,19.26485,0.7316,0.5245650410652161,21.174429
HO,3,HO_cfg3_des7,7,2,15,SNGDAELSWEDAIKE,14.761704,14.337176,0.7316,0.5245650410652161,5.973902
HO,3,HO_cfg3_des7,7,3,14,DPDLATTNTLTRAE,14.761704,19.630054,0.7316,0.5245650410652161,24.406988
HO,3,HO_cfg3_des7,7,4,15,EADDPAKSGLLDAAA,14.761704,17.820152,0.7316,0.5245650410652161,12.097762
HO,3,HO_cfg3_des8,8,1,13,DTDDADGTISLAE,0.9310522,1.0713736,0.8552,0.9075356125831604,23.759789
HO,3,HO_cfg3_des8,8,2,15,EKTDKTKDGKLSAEE,0.9310522,1.0373667,0.8552,0.9075356125831604,29.682419
HO,3,HO_cfg3_des8,8,3,14,DLDKDGDNKLSRAE,0.9310522,1.0215402,0.8552,0.9075356125831604,23.903345
HO,3,HO_cfg3_des8,8,4,15,AATDGVDPDLIDAAE,0.9310522,1.061399,0.8552,0.9075356125831604,9.914346
HO,3,HO_cfg3_des9,9,1,13,DLDDADGKISLAE,1.0172652,1.1211836,0.8464,0.9031899571418762,24.2945
HO,3,HO_cfg3_des9,9,2,15,VAVCPDGDGRLSAEE,1.0172652,1.012414,0.8464,0.9031899571418762,30.731024
HO,3,HO_cfg3_des9,9,3,14,DYDGDGDGKLSRAE,1.0172652,1.2260634,0.8464,0.9031899571418762,23.508257
HO,3,HO_cfg3_des9,9,4,15,EADDADGDGKLGAAA,1.0172652,1.1787186,0.8464,0.9031899571418762,30.153265
HO,3,HO_cfg3_des10,10,1,13,DLDGPDGTISLAE,2.087886,1.3068763,0.8084,0.836277961730957,2.781418
HO,3,HO_cfg3_des10,10,2,15,APTDGVFSAADAAAE,2.087886,3.8216326,0.8084,0.836277961730957,28.80909
HO,3,HO_cfg3_des10,10,3,14,DLDGDGDNSLSRAE,2.087886,1.7986223,0.8084,0.836277961730957,2.5396168
HO,3,HO_cfg3_des10,10,4,15,DVADGRNDGKLSAAE,2.087886,1.2562202,0.8084,0.836277961730957,28.635262
HO,3,HO_cfg3_des11,11,1,13,DTDDGDGKISLAE,12.899908,10.7979765,0.7653,0.56417316198349,13.453757
HO,3,HO_cfg3_des11,11,2,15,NPNHTVNYGQDAINE,12.899908,24.42292,0.7653,0.56417316198349,23.247976
HO,3,HO_cfg3_des11,11,3,14,DLDKDGKPSLSKAE,12.899908,11.445395,0.7653,0.56417316198349,21.121641
HO,3,HO_cfg3_des11,11,4,15,SGADGNNDGKLNAAE,12.899908,4.523771,0.7653,0.56417316198349,13.098334
HO,3,HO_cfg3_des12,12,1,13,DLDGADGKISLAE,2.0021129,1.8207154,0.8296,0.8687143921852112,23.992071
HO,3,HO_cfg3_des12,12,2,15,DKDGNGVFDEDGAEE,2.0021129,3.3875513,0.8296,0.8687143921852112,2.7617967
HO,3,HO_cfg3_des12,12,3,14,DLDGDGDGSLSRAE,2.0021129,1.5975674,0.8296,0.8687143921852112,23.635893
HO,3,HO_cfg3_des12,12,4,15,AAVDGDGDGKLNAAE,2.0021129,2.1309774,0.8296,0.8687143921852112,2.4413505
HO,3,HO_cfg3_des13,13,1,13,DTEDHDGTISLPE,2.281578,1.0533106,0.8104,0.8242175579071045,9.228517
HO,3,HO_cfg3_des13,13,2,15,DPVDKYGVGAEAVAE,2.281578,4.3532314,0.8104,0.8242175579071045,9.87988
HO,3,HO_cfg3_des13,13,3,14,DTSGDGKNSLSRAE,2.281578,2.3234856,0.8104,0.8242175579071045,25.158613
HO,3,HO_cfg3_des13,13,4,15,DAVDGDNDGKLNAAE,2.281578,1.5355577,0.8104,0.8242175579071045,8.931018
HO,3,HO_cfg3_des14,14,1,13,DDGDGDGTISLAE,2.1055958,2.0047045,0.8227,0.8528444766998291,24.227371
HO,3,HO_cfg3_des14,14,2,15,DDGSGVFSPADAKTE,2.1055958,1.4823968,0.8227,0.8528444766998291,9.266295
HO,3,HO_cfg3_des14,14,3,14,TGSIDGDGSLTRAE,2.1055958,3.820457,0.8227,0.8528444766998291,23.255583
HO,3,HO_cfg3_des14,14,4,15,DAEDADADGTINAAA,2.1055958,1.9313657,0.8227,0.8528444766998291,8.6937275
HO,4,HO_cfg4_des0,0,1,14,DLDGNNDGLVSLAE,1.5408262,1.1380179,0.8364,0.8565285801887512,23.304611
HO,4,HO_cfg4_des0,0,2,15,DKDGNGKISLAEADE,1.5408262,2.8968303,0.8364,0.8565285801887512,28.865969
HO,4,HO_cfg4_des0,0,3,12,DLDGDGALSKAE,1.5408262,0.9589441,0.8364,0.8565285801887512,26.469793
HO,4,HO_cfg4_des0,0,4,13,DLDGDGTALDAAE,1.5408262,1.1251307,0.8364,0.8565285801887512,10.211517
HO,4,HO_cfg4_des1,1,1,14,DLDGDGDGTISLAE,1.3366923,1.0963532,0.8107,0.8467513918876648,8.172271
HO,4,HO_cfg4_des1,1,2,15,TNGDSLLSGADAIAE,1.3366923,1.3476462,0.8107,0.8467513918876648,9.350277
HO,4,HO_cfg4_des1,1,3,12,DLDGDGTLSRAE,1.3366923,0.82523173,0.8107,0.8467513918876648,23.552284
HO,4,HO_cfg4_des1,1,4,13,EDGDGDGTLSAAE,1.3366923,1.9169087,0.8107,0.8467513918876648,7.722898
HO,4,HO_cfg4_des2,2,1,14,DLDKDGDGTISLAE,2.0147288,3.0324545,0.8319,0.8700940608978271,23.321976
HO,4,HO_cfg4_des2,2,2,15,DKNGNGVFEGSEIEE,2.0147288,3.1819334,0.8319,0.8700940608978271,28.796587
HO,4,HO_cfg4_des2,2,3,12,DLDGNGALDRAE,2.0147288,0.9200624,0.8319,0.8700940608978271,9.903367
HO,4,HO_cfg4_des2,2,4,13,DADGADGKLSAAE,2.0147288,1.0369393,0.8319,0.8700940608978271,9.336028
HO,4,HO_cfg4_des3,3,1,14,DLDGDGDGTISLAE,1.757673,1.3962634,0.8279,0.8662207722663879,2.6983166
HO,4,HO_cfg4_des3,3,2,15,DKNGDGYIAASEADE,1.757673,2.4065685,0.8279,0.8662207722663879,29.694534
HO,4,HO_cfg4_des3,3,3,12,DLDGDGGLSRAE,1.757673,1.5328729,0.8279,0.8662207722663879,9.749509
HO,4,HO_cfg4_des3,3,4,13,EDGDGDGKLNAAE,1.757673,2.5738857,0.8279,0.8662207722663879,28.086073
HO,4,HO_cfg4_des4,4,1,14,DLDKDGDGTISLAE,1.3633674,0.8790855,0.8234,0.8632891178131104,8.569172
HO,4,HO_cfg4_des4,4,2,15,DVNKNGLITADESYE,1.3633674,2.3870988,0.8234,0.8632891178131104,28.008041
HO,4,HO_cfg4_des4,4,3,12,DLDGDGSLSKAE,1.3633674,1.2442188,0.8234,0.8632891178131104,9.164327
HO,4,HO_cfg4_des4,4,4,13,QDGDGDGKISAAE,1.3633674,1.2653089,0.8234,0.8632891178131104,26.857126
HO,4,HO_cfg4_des5,5,1,14,DLDGDGDGTISLAE,1.3326101,0.844384,0.8377,0.8671630620956421,23.798685
HO,4,HO_cfg4_des5,5,2,15,DKDGNGVFTPDEADE,1.3326101,2.6767657,0.8377,0.8671630620956421,9.547138
HO,4,HO_cfg4_des5,5,3,12,DLDGDGSLSKAE,1.3326101,0.46064025,0.8377,0.8671630620956421,24.056587
HO,4,HO_cfg4_des5,5,4,13,DTGDGDGKISAAE,1.3326101,1.0509698,0.8377,0.8671630620956421,9.459593
HO,4,HO_cfg4_des6,6,1,14,DLDGDGDGRISLAE,1.8525554,1.656114,0.8157,0.8587899804115295,24.072327
HO,4,HO_cfg4_des6,6,2,15,DVDGNGYFSADEADE,1.8525554,2.428821,0.8157,0.8587899804115295,9.20614
HO,4,HO_cfg4_des6,6,3,12,DADGDGSLSRAE,1.8525554,1.4347185,0.8157,0.8587899804115295,24.888613
HO,4,HO_cfg4_des6,6,4,13,TAASGDGVLSAAE,1.8525554,1.3838214,0.8157,0.8587899804115295,9.8891
HO,4,HO_cfg4_des7,7,1,14,DLDGDGDGRLSLAE,6.5899086,4.577007,0.7645,0.6776831150054932,2.7593968
HO,4,HO_cfg4_des7,7,2,15,NPDKKADSFAEAAEE,6.5899086,5.272702,0.7645,0.6776831150054932,3.8011029
HO,4,HO_cfg4_des7,7,3,12,DLDGDGTFNKAE,6.5899086,3.3238566,0.7645,0.6776831150054932,2.253992
HO,4,HO_cfg4_des7,7,4,13,EATGTPGQTSADE,6.5899086,7.4780807,0.7645,0.6776831150054932,9.821912
HO,4,HO_cfg4_des8,8,1,14,DLDKDGDGKISLAE,2.439244,3.2477493,0.8355,0.8652291893959045,23.473425
HO,4,HO_cfg4_des8,8,2,15,DKDGNGVITKADADE,2.439244,2.8883162,0.8355,0.8652291893959045,2.4199166
HO,4,HO_cfg4_des8,8,3,12,DLDGDGSLSRAE,2.439244,1.5597049,0.8355,0.8652291893959045,23.9517
HO,4,HO_cfg4_des8,8,4,13,DAADADGKLDAAE,2.439244,1.5683166,0.8355,0.8652291893959045,9.209377
HO,4,HO_cfg4_des9,9,1,14,DLDGDGDGKISLAE,1.3765044,1.006811,0.8242,0.8715438842773438,8.863822
HO,4,HO_cfg4_des9,9,2,15,DKDGNGVFTPAERYE,1.3765044,2.545218,0.8242,0.8715438842773438,27.526031
HO,4,HO_cfg4_des9,9,3,12,DADGDGSLSRAE,1.3765044,1.0602472,0.8242,0.8715438842773438,9.830607
HO,4,HO_cfg4_des9,9,4,13,SGADGDGKINAAE,1.3765044,1.0122584,0.8242,0.8715438842773438,26.928522
HO,4,HO_cfg4_des10,10,1,14,DLDGDGDGAISLAE,1.0880892,0.92416406,0.8353,0.8763922452926636,2.669181
HO,4,HO_cfg4_des10,10,2,15,DKDGNGVFTAADADE,1.0880892,1.9814031,0.8353,0.8763922452926636,29.486746
HO,4,HO_cfg4_des10,10,3,12,DLDGDGALSRAE,1.0880892,0.72866774,0.8353,0.8763922452926636,9.910609
HO,4,HO_cfg4_des10,10,4,13,DTVDGDGKISAAE,1.0880892,0.6793011,0.8353,0.8763922452926636,26.863205
HO,4,HO_cfg4_des11,11,1,14,DLDGDGDGRISLAE,1.7615298,2.0062304,0.8235,0.8783422112464905,2.73456
HO,4,HO_cfg4_des11,11,2,15,DKDGNGVITLAESDE,1.7615298,2.898565,0.8235,0.8783422112464905,28.910925
HO,4,HO_cfg4_des11,11,3,12,DLDGDGKIDKAE,1.7615298,1.1502308,0.8235,0.8783422112464905,27.334679
HO,4,HO_cfg4_des11,11,4,13,DLDGDGTALSAAE,1.7615298,1.5676937,0.8235,0.8783422112464905,27.012396
HO,4,HO_cfg4_des12,12,1,14,DLDGDGDGTISLAE,1.8352975,0.72765493,0.8138,0.877328634262085,2.7364118
HO,4,HO_cfg4_des12,12,2,15,TGGAGRCSWAEAIAE,1.8352975,2.2329292,0.8138,0.877328634262085,29.577814
HO,4,HO_cfg4_des12,12,3,12,DLDGDGALSRAE,1.8352975,1.789915,0.8138,0.877328634262085,24.122835
HO,4,HO_cfg4_des12,12,4,13,DTDGGDGTIDAAE,1.8352975,1.5620252,0.8138,0.877328634262085,27.151724
HO,4,HO_cfg4_des13,13,1,14,ELDGDGDGAISLAE,1.7634368,2.654677,0.8333,0.8763906955718994,23.210806
HO,4,HO_cfg4_des13,13,2,15,DDNKSGVGPTLTAEE,1.7634368,1.1309185,0.8333,0.8763906955718994,2.8105066
HO,4,HO_cfg4_des13,13,3,12,DADGNGYLTKAE,1.7634368,0.89317936,0.8333,0.8763906955718994,24.155638
HO,4,HO_cfg4_des13,13,4,13,SAADGSGKISAAE,1.7634368,0.85805404,0.8333,0.8763906955718994,9.566003
HO,4,HO_cfg4_des14,14,1,14,DLDGDDPDRISLAE,1.6405169,1.1760164,0.8312,0.8610618114471436,2.621261
HO,4,HO_cfg4_des14,14,2,15,SKDGTDHSAADVAAE,1.6405169,2.9731448,0.8312,0.8610618114471436,29.264734
HO,4,HO_cfg4_des14,14,3,12,DLDGDGGLSKAE,1.6405169,1.0144984,0.8312,0.8610618114471436,12.075783
HO,4,HO_cfg4_des14,14,4,13,DTNDNDGVLNAAE,1.6405169,1.0375063,0.8312,0.8610618114471436,26.961275
ER,0,ER_cfg0_des0,0,1,10,DVPGRSRREE,11.601206,8.003529,0.7244,0.41455498337745667,30.434181
ER,0,ER_cfg0_des0,0,2,14,DPDGSSTWEEAVEE,11.601206,13.329641,0.7244,0.41455498337745667,6.184412
ER,0,ER_cfg0_des0,0,3,14,MKDTDGKNELTREE,11.601206,19.61633,0.7244,0.41455498337745667,25.068308
ER,0,ER_cfg0_des0,0,4,10,TDGESDWAAA,11.601206,14.573555,0.7244,0.41455498337745667,14.793391
ER,0,ER_cfg0_des1,1,1,10,SSDGTLTLAE,9.57887,16.768478,0.7259,0.4472551941871643,10.9414015
ER,0,ER_cfg0_des1,1,2,14,DPDGSSTFEEAAKE,9.57887,3.7357028,0.7259,0.4472551941871643,23.530478
ER,0,ER_cfg0_des1,1,3,14,AKKENGVWGLTRAE,9.57887,3.488411,0.7259,0.4472551941871643,11.625888
ER,0,ER_cfg0_des1,1,4,10,DPAGATDAAE,9.57887,6.4249043,0.7259,0.4472551941871643,25.81312
ER,0,ER_cfg0_des2,2,1,10,DTPGQSRLAE,15.265778,22.855541,0.7209,0.4616396129131317,5.358532
ER,0,ER_cfg0_des2,2,2,14,DPEGKSTWEEAVKE,15.265778,16.960642,0.7209,0.4616396129131317,17.413317
ER,0,ER_cfg0_des2,2,3,14,DRDTKGDGLFRREE,15.265778,18.04797,0.7209,0.4616396129131317,21.494997
ER,0,ER_cfg0_des2,2,4,10,TTGESDPAAA,15.265778,17.406582,0.7209,0.4616396129131317,5.047241
ER,0,ER_cfg0_des3,3,1,10,SADGTLTLAE,10.5134735,12.416166,0.7394,0.5260617136955261,26.155632
ER,0,ER_cfg0_des3,3,2,14,DPSGESTLAEAIEE,10.5134735,7.0490713,0.7394,0.5260617136955261,5.9285026
ER,0,ER_cfg0_des3,3,3,14,LDDPEANTLLTKAE,10.5134735,9.000827,0.7394,0.5260617136955261,13.062476
ER,0,ER_cfg0_des3,3,4,10,TTGASSDAAA,10.5134735,13.151111,0.7394,0.5260617136955261,17.074842
ER,0,ER_cfg0_des4,4,1,10,DVAGQSPLAE,7.0532026,6.018083,0.6967,0.401250422000885,29.827368
ER,0,ER_cfg0_des4,4,2,14,DPDGICYGDECAAE,7.0532026,7.23073,0.6967,0.401250422000885,5.5385876
ER,0,ER_cfg0_des4,4,3,14,STIENGVPGISRAE,7.0532026,10.077655,0.6967,0.401250422000885,9.233383
ER,0,ER_cfg0_des4,4,4,10,TDGESDWAAA,7.0532026,6.351697,0.6967,0.401250422000885,24.18551
ER,0,ER_cfg0_des5,5,1,10,DDGVSSPLAE,3.4193728,5.7942944,0.7481,0.5877661108970642,18.249874
ER,0,ER_cfg0_des5,5,2,14,NAKKPQTLEELAEE,3.4193728,4.2557397,0.7481,0.5877661108970642,14.1113615
ER,0,ER_cfg0_des5,5,3,14,VSTPEDSYAAAKAE,3.4193728,3.0947983,0.7481,0.5877661108970642,9.937577
ER,0,ER_cfg0_des5,5,4,10,TAGQATRAAA,3.4193728,1.4774815,0.7481,0.5877661108970642,7.4554076
ER,0,ER_cfg0_des6,6,1,10,SADGTLTLAE,7.201194,5.916319,0.7445,0.5574782490730286,14.032959
ER,0,ER_cfg0_des6,6,2,14,DPDGSSTLEEAAKE,7.201194,4.9567165,0.7445,0.5574782490730286,5.8086524
ER,0,ER_cfg0_des6,6,3,14,DKDENGDGKFTKAE,7.201194,6.054143,0.7445,0.5574782490730286,10.549628
ER,0,ER_cfg0_des6,6,4,10,TAGVSDEAAA,7.201194,11.733294,0.7445,0.5574782490730286,17.385092
ER,0,ER_cfg0_des7,7,1,10,DTAGRTPREE,2.273324,2.1616411,0.8014,0.8133540153503418,23.605492
ER,0,ER_cfg0_des7,7,2,14,DPDGESSWEDAVKE,2.273324,2.2275298,0.8014,0.8133540153503418,3.8556116
ER,0,ER_cfg0_des7,7,3,14,RPDGSKDKTLTRAE,2.273324,3.082945,0.8014,0.8133540153503418,21.199778
ER,0,ER_cfg0_des7,7,4,10,TADASDWAAA,2.273324,1.6456312,0.8014,0.8133540153503418,34.86414
ER,0,ER_cfg0_des8,8,1,10,SADGTLTLAE,10.4748745,19.31623,0.7534,0.5147926807403564,17.079702
ER,0,ER_cfg0_des8,8,2,14,SSSSSDTFDDAVKE,10.4748745,4.7201877,0.7534,0.5147926807403564,21.706057
ER,0,ER_cfg0_des8,8,3,14,SSTASGVEGLSRAE,10.4748745,11.389622,0.7534,0.5147926807403564,10.959023
ER,0,ER_cfg0_des8,8,4,10,FDGGTDDAAE,10.4748745,8.364756,0.7534,0.5147926807403564,4.65831
ER,0,ER_cfg0_des9,9,1,10,DVPGQSRLAE,7.036036,6.7455926,0.7599,0.7318456172943115,23.066107
ER,0,ER_cfg0_des9,9,2,14,DDPADGDGKLSAEE,7.036036,3.6306021,0.7599,0.7318456172943115,5.7861857
ER,0,ER_cfg0_des9,9,3,14,ELDKNGDGKLSRAE,7.036036,4.186358,0.7599,0.7318456172943115,6.2985077
ER,0,ER_cfg0_des9,9,4,10,DAGHSSWAAA,7.036036,7.972674,0.7599,0.7318456172943115,22.614532
ER,0,ER_cfg0_des10,10,1,10,SSDGTLSLAE,2.7354362,2.349038,0.8209,0.8505358695983887,28.058296
ER,0,ER_cfg0_des10,10,2,14,ETDKDGSGRLSAEE,2.7354362,2.5849514,0.8209,0.8505358695983887,10.094171
ER,0,ER_cfg0_des10,10,3,14,ELDKDGSGTLSRAE,2.7354362,3.8142974,0.8209,0.8505358695983887,8.981709
ER,0,ER_cfg0_des10,10,4,10,TAGQSTDAAA,2.7354362,4.986936,0.8209,0.8505358695983887,8.931394
ER,0,ER_cfg0_des11,11,1,10,STDGTISLAE,13.895502,19.686455,0.7559,0.6250936388969421,18.261383
ER,0,ER_cfg0_des11,11,2,14,NPSGVCTIAEAIEE,13.895502,18.76894,0.7559,0.6250936388969421,25.889505
ER,0,ER_cfg0_des11,11,3,14,SKGKKLSDPFTREE,13.895502,15.3390875,0.7559,0.6250936388969421,23.787806
ER,0,ER_cfg0_des11,11,4,10,STDGLLSAAE,13.895502,14.466235,0.7559,0.6250936388969421,19.40914
ER,0,ER_cfg0_des12,12,1,10,DVPGQSPLAE,13.529324,18.677305,0.7398,0.508607804775238,11.692161
ER,0,ER_cfg0_des12,12,2,14,NPNKDYTLADMKAE,13.529324,13.462361,0.7398,0.508607804775238,4.040835
ER,0,ER_cfg0_des12,12,3,14,DNDTKGDGKFTKAE,13.529324,16.998362,0.7398,0.508607804775238,4.757089
ER,0,ER_cfg0_des12,12,4,10,TTGQATRAAA,13.529324,18.228884,0.7398,0.508607804775238,20.666834
ER,0,ER_cfg0_des13,13,1,10,GSDGTISLAE,2.770529,3.298052,0.8032,0.8070422410964966,11.008883
ER,0,ER_cfg0_des13,13,2,14,DPDGKSTWEEAVKE,2.770529,2.5914924,0.8032,0.8070422410964966,7.6616797
ER,0,ER_cfg0_des13,13,3,14,DKDPKGDGLFTREE,2.770529,3.2789195,0.8032,0.8070422410964966,2.8799374
ER,0,ER_cfg0_des13,13,4,10,SSSGVLSAAE,2.770529,1.8932387,0.8032,0.8070422410964966,30.472681
ER,0,ER_cfg0_des14,14,1,10,GWATAIELAE,7.140873,6.2241135,0.7596,0.7363194227218628,23.900293
ER,0,ER_cfg0_des14,14,2,14,DAAGDGDGKLSAEE,7.140873,2.785126,0.7596,0.7363194227218628,10.781522
ER,0,ER_cfg0_des14,14,3,14,SDNKDNDGKLSRAE,7.140873,3.926552,0.7596,0.7363194227218628,9.620534
ER,0,ER_cfg0_des14,14,4,10,QATGSTAAAE,7.140873,6.50168,0.7596,0.7363194227218628,22.704668
ER,1,ER_cfg1_des0,0,1,15,ADAAGPASAADALAE,2.3804817,4.1176834,0.8233,0.8567999005317688,27.471476
ER,1,ER_cfg1_des0,0,2,14,DTNADGDGKLSAEE,2.3804817,2.4183385,0.8233,0.8567999005317688,8.77041
ER,1,ER_cfg1_des0,0,3,12,DADGDGKLDRAE,2.3804817,0.7415051,0.8233,0.8567999005317688,2.3956482
ER,1,ER_cfg1_des0,0,4,13,FGDTASAANAAAE,2.3804817,3.0249953,0.8233,0.8567999005317688,30.398535
ER,1,ER_cfg1_des1,1,1,15,DADPATISAADLRAE,1.4278537,1.7984025,0.7936,0.8131334185600281,23.341722
ER,1,ER_cfg1_des1,1,2,14,DATGNGDGKLSAAE,1.4278537,0.9064491,0.7936,0.8131334185600281,8.958945
ER,1,ER_cfg1_des1,1,3,12,DADGDGVLDRAE,1.4278537,0.99543655,0.7936,0.8131334185600281,9.714423
ER,1,ER_cfg1_des1,1,4,13,DTTTTSAADAAAE,1.4278537,2.5097184,0.7936,0.8131334185600281,31.445496
ER,1,ER_cfg1_des2,2,1,15,QDPATAADGKVSLAE,3.1833289,6.0921874,0.8246,0.8524124622344971,10.552485
ER,1,ER_cfg1_des2,2,2,14,DPDGYFSKDDVAAE,3.1833289,1.9056274,0.8246,0.8524124622344971,2.6716661
ER,1,ER_cfg1_des2,2,3,12,DTDGSGGLSRAE,3.1833289,1.5128909,0.8246,0.8524124622344971,25.270037
ER,1,ER_cfg1_des2,2,4,13,LDGDGDNALSAAE,3.1833289,1.0905951,0.8246,0.8524124622344971,27.53225
ER,1,ER_cfg1_des3,3,1,15,SDGNPSDTAADLLPE,5.366189,3.688286,0.7352,0.54867023229599,3.6812456
ER,1,ER_cfg1_des3,3,2,14,NPDGDGSFAAIAAE,5.366189,4.8534284,0.7352,0.54867023229599,10.569502
ER,1,ER_cfg1_des3,3,3,12,DPDGDGANARAE,5.366189,2.5041182,0.7352,0.54867023229599,26.904037
ER,1,ER_cfg1_des3,3,4,13,FAADTLMSQAPAE,5.366189,6.8021736,0.7352,0.54867023229599,21.796427
ER,1,ER_cfg1_des4,4,1,15,GIAATETDRAAILAE,3.41273,6.2776604,0.8035,0.8209273815155029,24.242296
ER,1,ER_cfg1_des4,4,2,14,DPDGSSSLADAAKE,3.41273,2.4564705,0.8035,0.8209273815155029,8.213222
ER,1,ER_cfg1_des4,4,3,12,DTNKDGVFTKAE,3.41273,1.632861,0.8035,0.8209273815155029,29.803911
ER,1,ER_cfg1_des4,4,4,13,EAAGDASGNNAAA,3.41273,2.3924003,0.8035,0.8209273815155029,27.070715
ER,1,ER_cfg1_des5,5,1,15,DFDGDTSDAAKLRAE,7.6461244,9.774458,0.741,0.6336241364479065,23.48688
ER,1,ER_cfg1_des5,5,2,14,DADGYGKKDEAVEE,7.6461244,5.9169617,0.741,0.6336241364479065,10.038111
ER,1,ER_cfg1_des5,5,3,12,DADGDGSISKAE,7.6461244,1.9248357,0.741,0.6336241364479065,29.29175
ER,1,ER_cfg1_des5,5,4,13,FAASTDNANRAAE,7.6461244,6.0578055,0.741,0.6336241364479065,8.754453
ER,1,ER_cfg1_des6,6,1,15,GIAAAAEPDAERLAE,9.698602,15.890793,0.7241,0.44715651869773865,18.50882
ER,1,ER_cfg1_des6,6,2,14,NDSDVSSREDAIKE,9.698602,6.1538506,0.7241,0.44715651869773865,16.773796
ER,1,ER_cfg1_des6,6,3,12,DFNKDGYFTRAE,9.698602,3.9911087,0.7241,0.44715651869773865,12.043541
ER,1,ER_cfg1_des6,6,4,13,TAASAPTTTNAAE,9.698602,5.710491,0.7241,0.44715651869773865,4.961055
ER,1,ER_cfg1_des7,7,1,15,DPDGNTGDDAARLAE,7.8030367,9.673047,0.7888,0.812772274017334,4.0842385
ER,1,ER_cfg1_des7,7,2,14,QTDGDGDGKLSAEE,7.8030367,3.3860583,0.7888,0.812772274017334,32.94982
ER,1,ER_cfg1_des7,7,3,12,DADGDGKLSRAE,7.8030367,4.0272527,0.7888,0.812772274017334,8.475833
ER,1,ER_cfg1_des7,7,4,13,EAVGKPGDTWAQE,7.8030367,7.974489,0.7888,0.812772274017334,22.928843
ER,1,ER_cfg1_des8,8,1,15,DFNGDGVDDAAARAE,3.457055,7.8210855,0.8028,0.838012158870697,4.093146
ER,1,ER_cfg1_des8,8,2,14,AKVGDGSGKLSAEE,3.457055,1.7440897,0.8028,0.838012158870697,34.281918
ER,1,ER_cfg1_des8,8,3,12,DADGDGVLSRAE,3.457055,0.88757294,0.8028,0.838012158870697,2.4321232
ER,1,ER_cfg1_des8,8,4,13,EAADPPGGTAADA,3.457055,2.12586,0.8028,0.838012158870697,25.013857
ER,1,ER_cfg1_des9,9,1,15,DTSAVDTDDAARLAE,2.299289,3.4630857,0.8259,0.8564210534095764,28.020498
ER,1,ER_cfg1_des9,9,2,14,DTNKDGDGKLSAEE,2.299289,1.9976616,0.8259,0.8564210534095764,24.989557
ER,1,ER_cfg1_des9,9,3,12,DADGDGKLSRAE,2.299289,1.4636878,0.8259,0.8564210534095764,2.3802187
ER,1,ER_cfg1_des9,9,4,13,EAETADNPDPAVE,2.299289,2.5627546,0.8259,0.8564210534095764,29.36162
ER,1,ER_cfg1_des10,10,1,15,DLDGNGASDADALAE,3.871121,8.96134,0.8118,0.8376569747924805,23.901396
ER,1,ER_cfg1_des10,10,2,14,DTDKDGSGKLTAAE,3.871121,1.3097723,0.8118,0.8376569747924805,2.942537
ER,1,ER_cfg1_des10,10,3,12,DADGDGALSRAE,3.871121,0.6279357,0.8118,0.8376569747924805,2.4793618
ER,1,ER_cfg1_des10,10,4,13,EAAAAPGDTPAQE,3.871121,2.998496,0.8118,0.8376569747924805,8.269147
ER,1,ER_cfg1_des11,11,1,15,DADGTGNDAAARRAE,3.0852118,6.946003,0.8199,0.8615788817405701,3.2731686
ER,1,ER_cfg1_des11,11,2,14,DTNKDGDGKLSAEE,3.0852118,2.260839,0.8199,0.8615788817405701,15.337306
ER,1,ER_cfg1_des11,11,3,12,DADGDGKLSRAE,3.0852118,0.87621915,0.8199,0.8615788817405701,2.4883773
ER,1,ER_cfg1_des11,11,4,13,EAAGDATGDWAAG,3.0852118,1.8209603,0.8199,0.8615788817405701,30.222916
ER,1,ER_cfg1_des12,12,1,15,DDGDDGGDGTISLAE,1.798574,1.5841753,0.8247,0.8806312680244446,23.426096
ER,1,ER_cfg1_des12,12,2,14,DKNGDGVLEAAEGE,1.798574,2.311217,0.8247,0.8806312680244446,8.95333
ER,1,ER_cfg1_des12,12,3,12,DKDGDGKIDRAE,1.798574,0.73295486,0.8247,0.8806312680244446,23.36822
ER,1,ER_cfg1_des12,12,4,13,AAASGDGKISAAE,1.798574,0.8583018,0.8247,0.8806312680244446,29.875778
ER,1,ER_cfg1_des13,13,1,15,DADGDNSSKAKLRAE,6.8019867,7.691716,0.7545,0.7238723039627075,2.809558
ER,1,ER_cfg1_des13,13,2,14,DPSGYFSKDDVAAE,6.8019867,5.9625783,0.7545,0.7238723039627075,37.36703
ER,1,ER_cfg1_des13,13,3,12,DADGDGSLSKAE,6.8019867,0.98931533,0.7545,0.7238723039627075,4.3898263
ER,1,ER_cfg1_des13,13,4,13,FSGTAPGAGEVTA,6.8019867,8.528764,0.7545,0.7238723039627075,25.275251
ER,1,ER_cfg1_des14,14,1,15,DFDGDGVDNAARRAE,6.660188,9.667776,0.756,0.6722080111503601,25.289116
ER,1,ER_cfg1_des14,14,2,14,EKDKDGSKTLSAEE,6.660188,4.5580473,0.756,0.6722080111503601,8.785388
ER,1,ER_cfg1_des14,14,3,12,DADGDGKLSRAE,6.660188,1.7581692,0.756,0.6722080111503601,29.228094
ER,1,ER_cfg1_des14,14,4,13,EAEDTPGGTAAQE,6.660188,5.164165,0.756,0.6722080111503601,7.1132984
ER,2,ER_cfg2_des0,0,1,10,DDPNLTRRQE,2.1753755,0.9398681,0.8101,0.8481262922286987,3.449209
ER,2,ER_cfg2_des0,0,2,13,SAADGDGVLSAEE,2.1753755,1.3971883,0.8101,0.8481262922286987,3.4258785
ER,2,ER_cfg2_des0,0,3,14,ESAADSDGKLSRAE,2.1753755,3.5433836,0.8101,0.8481262922286987,3.058761
ER,2,ER_cfg2_des0,0,4,14,GITDTSSNADWATE,2.1753755,1.3351032,0.8101,0.8481262922286987,29.047674
ER,2,ER_cfg2_des1,1,1,10,ATGSALTLAE,3.1931427,7.036597,0.8378,0.8586419224739075,26.075996
ER,2,ER_cfg2_des1,1,2,13,SAGDGDGVLSAEE,3.1931427,1.0010859,0.8378,0.8586419224739075,9.431281
ER,2,ER_cfg2_des1,1,3,14,DLDGKGDNKLSRAE,3.1931427,1.6862822,0.8378,0.8586419224739075,9.851059
ER,2,ER_cfg2_des1,1,4,14,FGADSSPLADAATE,3.1931427,3.3316948,0.8378,0.8586419224739075,33.024784
ER,2,ER_cfg2_des2,2,1,10,DRAGLDARAE,2.7015514,5.862509,0.8078,0.835633397102356,26.280066
ER,2,ER_cfg2_des2,2,2,13,SAADGDGKLSAEE,2.7015514,0.8366201,0.8078,0.835633397102356,2.6839364
ER,2,ER_cfg2_des2,2,3,14,DLDKDGDGKLSRAE,2.7015514,2.7021139,0.8078,0.835633397102356,3.9357052
ER,2,ER_cfg2_des2,2,4,14,FDGTADDAAGRAAA,2.7015514,2.1176898,0.8078,0.835633397102356,26.4023
ER,2,ER_cfg2_des3,3,1,10,DVAGQSALAE,7.638489,6.9202414,0.772,0.7365612387657166,23.14631
ER,2,ER_cfg2_des3,3,2,13,DTDGKDGTLSAEE,7.638489,3.5394561,0.772,0.7365612387657166,5.7113113
ER,2,ER_cfg2_des3,3,3,14,ELDKDGNGKLSRAE,7.638489,4.380844,0.772,0.7365612387657166,10.135143
ER,2,ER_cfg2_des3,3,4,14,TAGSADTAAARAAE,7.638489,7.2047777,0.772,0.7365612387657166,20.698456
ER,2,ER_cfg2_des4,4,1,10,GWTTALDLAE,15.576733,19.388622,0.7191,0.4256102442741394,17.778517
ER,2,ER_cfg2_des4,4,2,13,QNGDGSGVLSAEE,15.576733,22.232517,0.7191,0.4256102442741394,29.410036
ER,2,ER_cfg2_des4,4,3,14,DIDGDGDGKLSRAE,15.576733,12.620147,0.7191,0.4256102442741394,5.6272316
ER,2,ER_cfg2_des4,4,4,14,NVPADAAGKTPAEE,15.576733,13.6601515,0.7191,0.4256102442741394,3.918391
ER,2,ER_cfg2_des5,5,1,10,SSDGTLSLAE,13.162407,12.138128,0.7422,0.39029455184936523,5.781217
ER,2,ER_cfg2_des5,5,2,13,SAADKDGKLSAEE,13.162407,18.901424,0.7422,0.39029455184936523,11.42463
ER,2,ER_cfg2_des5,5,3,14,DAAADADGKLSRAE,13.162407,12.248478,0.7422,0.39029455184936523,4.9384327
ER,2,ER_cfg2_des5,5,4,14,AANSADPSQLTAAE,13.162407,15.682862,0.7422,0.39029455184936523,18.644424
ER,2,ER_cfg2_des6,6,1,10,SSDGLLSLAE,1.4373863,1.0736719,0.8408,0.891374945640564,24.320024
ER,2,ER_cfg2_des6,6,2,13,AAVDGSGTLSAEE,1.4373863,1.6440694,0.8408,0.891374945640564,8.331313
ER,2,ER_cfg2_des6,6,3,14,DTNADGDGKLNRAE,1.4373863,2.3062985,0.8408,0.891374945640564,23.719862
ER,2,ER_cfg2_des6,6,4,14,AGASAADGVLTAAE,1.4373863,1.8954269,0.8408,0.891374945640564,27.813585
ER,2,ER_cfg2_des7,7,1,10,GSDGRISLAE,2.8531783,2.0094318,0.8285,0.8512316942214966,10.083215
ER,2,ER_cfg2_des7,7,2,13,RKDPAEDTLTAEE,2.8531783,1.5456164,0.8285,0.8512316942214966,30.994894
ER,2,ER_cfg2_des7,7,3,14,EDPAKKDGTLSRAE,2.8531783,4.049866,0.8285,0.8512316942214966,9.652394
ER,2,ER_cfg2_des7,7,4,14,AAGGAADGTLDAAE,2.8531783,2.245534,0.8285,0.8512316942214966,7.2872086
ER,2,ER_cfg2_des8,8,1,10,DDGDGDRRAE,9.481936,11.39522,0.7153,0.4262675642967224,5.4649434
ER,2,ER_cfg2_des8,8,2,13,RDDPADDYLTAEE,9.481936,6.7055235,0.7153,0.4262675642967224,9.103061
ER,2,ER_cfg2_des8,8,3,14,ELDGDGSLTLSRAE,9.481936,6.1231875,0.7153,0.4262675642967224,14.241028
ER,2,ER_cfg2_des8,8,4,14,GVADDDSDAAFAAE,9.481936,12.483097,0.7153,0.4262675642967224,16.55121
ER,2,ER_cfg2_des9,9,1,10,SSSGKISLAE,1.3793536,1.0788804,0.8543,0.8928109407424927,9.485633
ER,2,ER_cfg2_des9,9,2,13,TAADGDGYLSAEE,1.3793536,0.6798728,0.8543,0.8928109407424927,28.718859
ER,2,ER_cfg2_des9,9,3,14,DLDGEGNGKLSKAE,1.3793536,0.9487284,0.8543,0.8928109407424927,2.6503448
ER,2,ER_cfg2_des9,9,4,14,DTNANGDGVLDAAE,1.3793536,2.8261476,0.8543,0.8928109407424927,29.64895
ER,2,ER_cfg2_des10,10,1,10,DTDGTLTRAE,2.0221236,1.6989963,0.8218,0.8651358485221863,26.933355
ER,2,ER_cfg2_des10,10,2,13,DKDGDHTSLSAEE,2.0221236,0.95880854,0.8218,0.8651358485221863,9.115329
ER,2,ER_cfg2_des10,10,3,14,DTGANGDGNLTRAE,2.0221236,3.483902,0.8218,0.8651358485221863,23.326208
ER,2,ER_cfg2_des10,10,4,14,GGEDGMSAADAATE,2.0221236,2.5049076,0.8218,0.8651358485221863,29.398325
ER,2,ER_cfg2_des11,11,1,10,DTPGVSERDE,1.7749718,2.0848722,0.8327,0.8613623976707458,18.320757
ER,2,ER_cfg2_des11,11,2,13,VAADGSGTLSAEE,1.7749718,1.1709774,0.8327,0.8613623976707458,29.61489
ER,2,ER_cfg2_des11,11,3,14,DTNANGDGKLTRAE,1.7749718,2.5208406,0.8327,0.8613623976707458,24.871408
ER,2,ER_cfg2_des11,11,4,14,GFTDDDTDAEAAAE,1.7749718,2.1537318,0.8327,0.8613623976707458,27.286524
ER,2,ER_cfg2_des12,12,1,10,SSDGVLTLAE,2.2168932,1.2317693,0.8326,0.8585332632064819,26.673035
ER,2,ER_cfg2_des12,12,2,13,TAADGDGYLSAEE,2.2168932,1.0246696,0.8326,0.8585332632064819,2.5961921
ER,2,ER_cfg2_des12,12,3,14,DLDKDGNGKLSKAE,2.2168932,3.4566123,0.8326,0.8585332632064819,23.268827
ER,2,ER_cfg2_des12,12,4,14,TAGTARTAADDAAA,2.2168932,2.0311358,0.8326,0.8585332632064819,26.761642
ER,2,ER_cfg2_des13,13,1,10,DTDGALERAE,6.791586,7.152225,0.7801,0.7215463519096375,23.985268
ER,2,ER_cfg2_des13,13,2,13,SAADGDGKLSAEE,6.791586,3.041672,0.7801,0.7215463519096375,3.818618
ER,2,ER_cfg2_des13,13,3,14,DLDGDGDGKLSRAE,6.791586,4.970852,0.7801,0.7215463519096375,2.7566338
ER,2,ER_cfg2_des13,13,4,14,GFEDGDPAAAAAAE,6.791586,13.226461,0.7801,0.7215463519096375,13.366383
ER,2,ER_cfg2_des14,14,1,10,TTDGTLTLAE,2.711633,2.1224942,0.8196,0.806427001953125,17.915295
ER,2,ER_cfg2_des14,14,2,13,FPDGVGGSKAAEE,2.711633,2.24426,0.8196,0.806427001953125,4.3778534
ER,2,ER_cfg2_des14,14,3,14,VPAADGTMTLSRAE,2.711633,5.234193,0.8196,0.806427001953125,6.594565
ER,2,ER_cfg2_des14,14,4,14,RDPADAAGLSDAQA,2.711633,1.7248863,0.8196,0.806427001953125,26.936739
ER,3,ER_cfg3_des0,0,1,10,DIPGKSPLEE,1.4947854,1.5168109,0.8399,0.8576629161834717,23.171448
ER,3,ER_cfg3_des0,0,2,12,DVNGDGLLSAEE,1.4947854,0.8196776,0.8399,0.8576629161834717,14.042438
ER,3,ER_cfg3_des0,0,3,11,SGGDDTLSRAE,1.4947854,0.76236457,0.8399,0.8576629161834717,4.1443796
ER,3,ER_cfg3_des0,0,4,10,TAGVATRAAA,1.4947854,2.3706386,0.8399,0.8576629161834717,30.079964
ER,3,ER_cfg3_des1,1,1,10,DIPGRSRLEE,5.5869145,7.21345,0.8333,0.864118218421936,21.484468
ER,3,ER_cfg3_des1,1,2,12,DVNGDGVLTAEE,5.5869145,1.9356996,0.8333,0.864118218421936,7.8039517
ER,3,ER_cfg3_des1,1,3,11,SNGDGKLDRAE,5.5869145,1.5778437,0.8333,0.864118218421936,3.458598
ER,3,ER_cfg3_des1,1,4,10,TDGAADWASA,5.5869145,4.123043,0.8333,0.864118218421936,30.193031
ER,3,ER_cfg3_des2,2,1,10,DTPGKSVREE,7.2606235,6.9141693,0.791,0.7226334810256958,22.255156
ER,3,ER_cfg3_des2,2,2,12,DVDGSGTLTAEE,7.2606235,2.269727,0.791,0.7226334810256958,11.836852
ER,3,ER_cfg3_des2,2,3,11,SDGDAKLSRAE,7.2606235,3.6513968,0.791,0.7226334810256958,9.49527
ER,3,ER_cfg3_des2,2,4,10,GMSEDSIAAA,7.2606235,6.4977703,0.791,0.7226334810256958,18.925297
ER,3,ER_cfg3_des3,3,1,10,DVPGRSRLEE,1.6500932,1.6879637,0.8175,0.8669567704200745,23.116201
ER,3,ER_cfg3_des3,3,2,12,DVNGDGLLTAEE,1.6500932,0.62448275,0.8175,0.8669567704200745,9.392792
ER,3,ER_cfg3_des3,3,3,11,TNGDDTMDRAE,1.6500932,1.0178394,0.8175,0.8669567704200745,3.786329
ER,3,ER_cfg3_des3,3,4,10,TAGKTDPAAE,1.6500932,2.5032568,0.8175,0.8669567704200745,29.829834
ER,3,ER_cfg3_des4,4,1,10,DTPGRSRREE,1.424701,1.3665556,0.8449,0.8784952759742737,22.78067
ER,3,ER_cfg3_des4,4,2,12,DVNGDGTLSAEE,1.424701,0.6962096,0.8449,0.8784952759742737,11.146197
ER,3,ER_cfg3_des4,4,3,11,SNGDGKLSRAE,1.424701,1.4732566,0.8449,0.8784952759742737,9.665861
ER,3,ER_cfg3_des4,4,4,10,TDGVSDPAAA,1.424701,1.6220045,0.8449,0.8784952759742737,17.301659
ER,3,ER_cfg3_des5,5,1,10,GAATTLTLAE,4.852198,4.9215264,0.7973,0.7378798127174377,27.51304
ER,3,ER_cfg3_des5,5,2,12,DVNGDGKLTAAE,4.852198,2.5319607,0.7973,0.7378798127174377,13.605199
ER,3,ER_cfg3_des5,5,3,11,NNGSPTLSRAE,4.852198,3.6220844,0.7973,0.7378798127174377,9.183787
ER,3,ER_cfg3_des5,5,4,10,QAGASSAAAA,4.852198,7.449538,0.7973,0.7378798127174377,21.566277
ER,3,ER_cfg3_des6,6,1,10,STDGTLTLAE,1.3466595,0.9585694,0.8462,0.8916499614715576,23.735361
ER,3,ER_cfg3_des6,6,2,12,DVNGDGVLTAEE,1.3466595,1.1514931,0.8462,0.8916499614715576,10.498594
ER,3,ER_cfg3_des6,6,3,11,SNGDGTLDRAE,1.3466595,1.8052098,0.8462,0.8916499614715576,23.45611
ER,3,ER_cfg3_des6,6,4,10,TAGQASDAAA,1.3466595,2.5669806,0.8462,0.8916499614715576,29.860367
ER,3,ER_cfg3_des7,7,1,10,DTPGRSRLEE,1.4115739,1.9871787,0.8463,0.8980808258056641,20.14326
ER,3,ER_cfg3_des7,7,2,12,DVDGSGTLTAEE,1.4115739,0.5487731,0.8463,0.8980808258056641,8.335765
ER,3,ER_cfg3_des7,7,3,11,SADGKALTRAE,1.4115739,0.58848983,0.8463,0.8980808258056641,6.491407
ER,3,ER_cfg3_des7,7,4,10,TDGQADWASA,1.4115739,0.9657254,0.8463,0.8980808258056641,30.140951
ER,3,ER_cfg3_des8,8,1,10,NLGATWDLAE,6.464801,6.633507,0.7372,0.5372022390365601,24.330072
ER,3,ER_cfg3_des8,8,2,12,DPNHDGKNIAEE,6.464801,5.2154765,0.7372,0.5372022390365601,12.506869
ER,3,ER_cfg3_des8,8,3,11,GLLDGGDRRAE,6.464801,3.1514254,0.7372,0.5372022390365601,21.513687
ER,3,ER_cfg3_des8,8,4,10,TTGQADTASA,6.464801,10.836182,0.7372,0.5372022390365601,15.500839
ER,3,ER_cfg3_des9,9,1,10,DTPGRSRLEE,7.509289,6.9166436,0.783,0.7569345831871033,23.63793
ER,3,ER_cfg3_des9,9,2,12,DVNGDGVLSAEE,7.509289,3.2102964,0.783,0.7569345831871033,9.844897
ER,3,ER_cfg3_des9,9,3,11,SNGDGKLDRAE,7.509289,2.475406,0.783,0.7569345831871033,4.836137
ER,3,ER_cfg3_des9,9,4,10,DATSADWAAA,7.509289,7.790238,0.783,0.7569345831871033,22.7594
ER,3,ER_cfg3_des10,10,1,10,SSDGTLTLAE,2.0066416,1.6674358,0.8521,0.8962472081184387,8.7556305
ER,3,ER_cfg3_des10,10,2,12,DKDGSGVLTAEE,2.0066416,1.1550795,0.8521,0.8962472081184387,9.277852
ER,3,ER_cfg3_des10,10,3,11,SKDGKGLTRAE,2.0066416,1.002369,0.8521,0.8962472081184387,23.37351
ER,3,ER_cfg3_des10,10,4,10,AGTGATDAAE,2.0066416,5.490753,0.8521,0.8962472081184387,28.717817
ER,3,ER_cfg3_des11,11,1,10,SSDGTLTLAE,2.3636608,2.2910776,0.842,0.887323796749115,23.375376
ER,3,ER_cfg3_des11,11,2,12,DKNGDGVLSAEE,2.3636608,1.2267395,0.842,0.887323796749115,28.531837
ER,3,ER_cfg3_des11,11,3,11,SNGDGKLSRAE,2.3636608,2.5248356,0.842,0.887323796749115,23.622581
ER,3,ER_cfg3_des11,11,4,10,DVAGLTDAEE,2.3636608,5.8167877,0.842,0.887323796749115,28.634241
ER,3,ER_cfg3_des12,12,1,10,SSDGTLTLAE,4.630961,5.0612116,0.7949,0.7643257975578308,26.64667
ER,3,ER_cfg3_des12,12,2,12,DTDGSGVLSAEE,4.630961,2.204271,0.7949,0.7643257975578308,2.376888
ER,3,ER_cfg3_des12,12,3,11,DDGSGLLSRAE,4.630961,3.010761,0.7949,0.7643257975578308,2.5516293
ER,3,ER_cfg3_des12,12,4,10,TTGQASDAAA,4.630961,7.300996,0.7949,0.7643257975578308,17.830679
ER,3,ER_cfg3_des13,13,1,10,DIPGLSRLEE,4.207911,6.762413,0.832,0.8507285714149475,6.0480323
ER,3,ER_cfg3_des13,13,2,12,DVNGDGTLSAAE,4.207911,1.7787929,0.832,0.8507285714149475,10.722861
ER,3,ER_cfg3_des13,13,3,11,SGGDDTLSRAE,4.207911,1.1644921,0.832,0.8507285714149475,4.233069
ER,3,ER_cfg3_des13,13,4,10,TAGETDWAAA,4.207911,2.5247862,0.832,0.8507285714149475,30.209267
ER,3,ER_cfg3_des14,14,1,10,AADGTLTLAE,2.134445,2.0614333,0.8559,0.8755531907081604,9.408673
ER,3,ER_cfg3_des14,14,2,12,DVNGDGVLTAEE,2.134445,1.5726099,0.8559,0.8755531907081604,9.027081
ER,3,ER_cfg3_des14,14,3,11,TGGDSALTRAE,2.134445,1.0584549,0.8559,0.8755531907081604,3.3804915
ER,3,ER_cfg3_des14,14,4,10,STTGATDAEE,2.134445,5.7436614,0.8559,0.8755531907081604,28.84873
ER,4,ER_cfg4_des0,0,1,11,SNGDGTISLAE,1.3983424,1.2596964,0.8245,0.8614882230758667,22.70781
ER,4,ER_cfg4_des0,0,2,15,TGGADTSSWADAIAE,1.3983424,1.4317095,0.8245,0.8614882230758667,25.485312
ER,4,ER_cfg4_des0,0,3,11,SNGDGTLSRAE,1.3983424,0.8397663,0.8245,0.8614882230758667,2.82255
ER,4,ER_cfg4_des0,0,4,12,DTNNDGVISAAE,1.3983424,0.8866818,0.8245,0.8614882230758667,2.4040444
ER,4,ER_cfg4_des1,1,1,11,SDGGATSRRAE,15.528887,24.131468,0.7201,0.4441763460636139,25.324936
ER,4,ER_cfg4_des1,1,2,15,SNGATSLTGAEAVAE,15.528887,21.127499,0.7201,0.4441763460636139,5.720473
ER,4,ER_cfg4_des1,1,3,11,TGADNGLTRAE,15.528887,19.156445,0.7201,0.4441763460636139,4.2670145
ER,4,ER_cfg4_des1,1,4,12,EDEGAGKSWAEE,15.528887,10.707085,0.7201,0.4441763460636139,15.124776
ER,4,ER_cfg4_des2,2,1,11,SDGSGKISLAE,2.0337484,1.8576267,0.8454,0.8834600448608398,7.4336257
ER,4,ER_cfg4_des2,2,2,15,TNGATRSSDADAVEE,2.0337484,3.3820372,0.8454,0.8834600448608398,4.324901
ER,4,ER_cfg4_des2,2,3,11,LNGDGYLSRAE,2.0337484,2.649099,0.8454,0.8834600448608398,3.2581425
ER,4,ER_cfg4_des2,2,4,12,DANGDGVLDAAE,2.0337484,1.1173447,0.8454,0.8834600448608398,2.3988113
ER,4,ER_cfg4_des3,3,1,11,DDGDGTLSLAE,2.4690535,2.3341029,0.8112,0.853273868560791,8.124147
ER,4,ER_cfg4_des3,3,2,15,DKNGDGVLNGIAEGE,2.4690535,3.0178332,0.8112,0.853273868560791,26.986162
ER,4,ER_cfg4_des3,3,3,11,SGGSGVLSRAE,2.4690535,0.890074,0.8112,0.853273868560791,23.333754
ER,4,ER_cfg4_des3,3,4,12,EAEDTTGSDAAG,2.4690535,3.9485483,0.8112,0.853273868560791,28.740158
ER,4,ER_cfg4_des4,4,1,11,SNGDGRISLAE,1.8038453,1.3827395,0.8101,0.8547835350036621,9.609816
ER,4,ER_cfg4_des4,4,2,15,FNGATRSPDADAVKE,1.8038453,2.5808227,0.8101,0.8547835350036621,25.993927
ER,4,ER_cfg4_des4,4,3,11,SNGDGYLSRAE,1.8038453,2.998635,0.8101,0.8547835350036621,2.681337
ER,4,ER_cfg4_des4,4,4,12,DADGDGLLSAAE,1.8038453,1.3443329,0.8101,0.8547835350036621,17.447395
ER,4,ER_cfg4_des5,5,1,11,SNGDGTISLAE,1.7952828,2.2609622,0.8178,0.8701694011688232,26.339174
ER,4,ER_cfg4_des5,5,2,15,SDNPEAMPWAEAAAE,1.7952828,1.5609174,0.8178,0.8701694011688232,25.81375
ER,4,ER_cfg4_des5,5,3,11,DNGDGALTRAE,1.7952828,0.87313545,0.8178,0.8701694011688232,2.5025423
ER,4,ER_cfg4_des5,5,4,12,DANGDGVLNAAE,1.7952828,1.1102581,0.8178,0.8701694011688232,2.4217837
ER,4,ER_cfg4_des6,6,1,11,SNGDGVISLAE,2.4483132,1.2039084,0.8343,0.8787669539451599,29.81704
ER,4,ER_cfg4_des6,6,2,15,FNGEDKSAWKDAVKE,2.4483132,5.3827057,0.8343,0.8787669539451599,15.234372
ER,4,ER_cfg4_des6,6,3,11,SNGDGYLSRAE,2.4483132,1.6893842,0.8343,0.8787669539451599,23.680511
ER,4,ER_cfg4_des6,6,4,12,DTNGDGVINAAE,2.4483132,0.725387,0.8343,0.8787669539451599,26.110277
ER,4,ER_cfg4_des7,7,1,11,SNGDGLISLAE,2.4597287,1.0553027,0.8075,0.811513364315033,9.544673
ER,4,ER_cfg4_des7,7,2,15,TGGATSDTAAEAIAE,2.4597287,4.3655853,0.8075,0.811513364315033,26.614214
ER,4,ER_cfg4_des7,7,3,11,SNGDGGLDRAE,2.4597287,1.5190272,0.8075,0.811513364315033,2.965966
ER,4,ER_cfg4_des7,7,4,12,DANGDGKLDAAE,2.4597287,1.0865474,0.8075,0.811513364315033,26.752497
ER,4,ER_cfg4_des8,8,1,11,DDPSNPDRLAE,4.185894,6.900554,0.7683,0.5772028565406799,12.570061
ER,4,ER_cfg4_des8,8,2,15,TGGDTHPSLADLAEE,4.185894,2.2168531,0.7683,0.5772028565406799,35.176422
ER,4,ER_cfg4_des8,8,3,11,DPLNPDDARAA,4.185894,4.372392,0.7683,0.5772028565406799,28.647306
ER,4,ER_cfg4_des8,8,4,12,FDGSSDAQRAAE,4.185894,5.6380773,0.7683,0.5772028565406799,9.664184
ER,4,ER_cfg4_des9,9,1,11,DDGDGVLSLAE,3.9515967,2.075953,0.7991,0.8115019202232361,23.521057
ER,4,ER_cfg4_des9,9,2,15,TGGAGSSSYADAVEE,3.9515967,2.839001,0.7991,0.8115019202232361,5.0285106
ER,4,ER_cfg4_des9,9,3,11,SNGDGVITRAE,3.9515967,1.8419745,0.7991,0.8115019202232361,24.641136
ER,4,ER_cfg4_des9,9,4,12,EAGVAAGQDAAA,3.9515967,9.134077,0.7991,0.8115019202232361,9.983519
ER,4,ER_cfg4_des10,10,1,11,SDGSGAISLAE,2.1228323,1.730053,0.8264,0.839539110660553,9.795629
ER,4,ER_cfg4_des10,10,2,15,SGGAGVLEGAEAVEE,2.1228323,1.6339295,0.8264,0.839539110660553,35.577526
ER,4,ER_cfg4_des10,10,3,11,DGGSGSLSRAE,2.1228323,3.4288182,0.8264,0.839539110660553,3.447971
ER,4,ER_cfg4_des10,10,4,12,DTNGDGVLNAAE,2.1228323,1.3169359,0.8264,0.839539110660553,9.529167
ER,4,ER_cfg4_des11,11,1,11,SDGSGTISLAE,1.903317,1.264064,0.8278,0.8537431359291077,9.154069
ER,4,ER_cfg4_des11,11,2,15,TNGASSCPDAEAVEE,1.903317,2.7116802,0.8278,0.8537431359291077,4.2124953
ER,4,ER_cfg4_des11,11,3,11,SNGDGYFTRAE,1.903317,3.1584632,0.8278,0.8537431359291077,2.6722767
ER,4,ER_cfg4_des11,11,4,12,DANGDGVIDAAE,1.903317,0.74486643,0.8278,0.8537431359291077,9.955743
ER,4,ER_cfg4_des12,12,1,11,EGPAGVSRREE,11.232518,9.093132,0.7558,0.6643126010894775,4.8386207
ER,4,ER_cfg4_des12,12,2,15,TGGADYMSKAEAAGE,11.232518,4.219366,0.7558,0.6643126010894775,20.016218
ER,4,ER_cfg4_des12,12,3,11,AGADGGLSRAE,11.232518,4.6422205,0.7558,0.6643126010894775,26.084267
ER,4,ER_cfg4_des12,12,4,12,TDTATPRSWAAE,11.232518,7.736439,0.7558,0.6643126010894775,5.0464635
ER,4,ER_cfg4_des13,13,1,11,NLTSDSDALAE,9.852063,10.934215,0.725,0.4260402321815491,14.511027
ER,4,ER_cfg4_des13,13,2,15,TNGASESSWADAVAE,9.852063,7.840838,0.725,0.4260402321815491,28.824324
ER,4,ER_cfg4_des13,13,3,11,CNGSNSFSRAE,9.852063,8.711403,0.725,0.4260402321815491,19.057178
ER,4,ER_cfg4_des13,13,4,12,EGSDASRSLAAE,9.852063,8.469406,0.725,0.4260402321815491,25.457603
ER,4,ER_cfg4_des14,14,1,11,SDGDGYISLAE,14.286792,19.036966,0.7579,0.6212344169616699,3.0378656
ER,4,ER_cfg4_des14,14,2,15,FNGESSSSWEDAIEE,14.286792,19.440346,0.7579,0.6212344169616699,19.604431
ER,4,ER_cfg4_des14,14,3,11,TNGSNELTRAE,14.286792,9.629144,0.7579,0.6212344169616699,24.205294
ER,4,ER_cfg4_des14,14,4,12,DADGDGKLSAAE,14.286792,15.871843,0.7579,0.6212344169616699,3.4491298
TM,0,TM_cfg0_des0,0,1,15,SDGSSGDPGLVSLAE,1.2746602,2.4259484,0.8354,0.8823485374450684,10.062944
TM,0,TM_cfg0_des0,0,2,11,AKGSAKLSAEE,1.2746602,1.34319,0.8354,0.8823485374450684,10.086898
TM,0,TM_cfg0_des0,0,3,15,DADGDGGGKELSRPE,1.2746602,0.6990168,0.8354,0.8823485374450684,20.45601
TM,0,TM_cfg0_des0,0,4,11,ANGGSSLTAAE,1.2746602,0.62141347,0.8354,0.8823485374450684,8.698115
TM,0,TM_cfg0_des1,1,1,15,DADGDPGDEAARRAE,7.2073593,6.871645,0.7204,0.47861000895500183,3.3951657
TM,0,TM_cfg0_des1,1,2,11,DKKDGSSLADE,7.2073593,8.588056,0.7204,0.47861000895500183,22.615725
TM,0,TM_cfg0_des1,1,3,15,DPDGNAICNEKERAE,7.2073593,7.331739,0.7204,0.47861000895500183,4.217121
TM,0,TM_cfg0_des1,1,4,11,EAVDDGDAAAE,7.2073593,7.3697577,0.7204,0.47861000895500183,28.686193
TM,0,TM_cfg0_des2,2,1,15,DLDTANADGRISLAE,1.9320011,1.6649766,0.8221,0.8556810021400452,23.347773
TM,0,TM_cfg0_des2,2,2,11,SNGDDSLSAAE,1.9320011,1.0490063,0.8221,0.8556810021400452,3.1909006
TM,0,TM_cfg0_des2,2,3,15,DLDGDGDPTKLSRAE,1.9320011,3.122981,0.8221,0.8556810021400452,27.100685
TM,0,TM_cfg0_des2,2,4,11,SGGSSTLSAAE,1.9320011,1.2974821,0.8221,0.8556810021400452,9.211004
TM,0,TM_cfg0_des3,3,1,15,DTDGAISDEAARRAE,6.9421864,8.391414,0.7916,0.7692152857780457,28.13801
TM,0,TM_cfg0_des3,3,2,11,DNGDGYLTADE,6.9421864,1.3036735,0.7916,0.7692152857780457,12.92455
TM,0,TM_cfg0_des3,3,3,15,ATSTVGGVVQLSRAE,6.9421864,1.029776,0.7916,0.7692152857780457,8.345262
TM,0,TM_cfg0_des3,3,4,11,EAAGNGDRAAE,6.9421864,8.310788,0.7916,0.7692152857780457,22.478514
TM,0,TM_cfg0_des4,4,1,15,NGSASSSSAADALAE,15.156039,21.947756,0.7198,0.3998550772666931,18.568369
TM,0,TM_cfg0_des4,4,2,11,SDGGTTTLIDE,15.156039,21.155119,0.7198,0.3998550772666931,4.165943
TM,0,TM_cfg0_des4,4,3,15,FDDPNAPTTAAERAE,15.156039,12.400322,0.7198,0.3998550772666931,12.714265
TM,0,TM_cfg0_des4,4,4,11,NGSSSTVTAAE,15.156039,14.394784,0.7198,0.3998550772666931,26.515106
TM,0,TM_cfg0_des5,5,1,15,VVYDPTKDGRLTLAA,11.921399,20.747047,0.7061,0.3498290777206421,10.379542
TM,0,TM_cfg0_des5,5,2,11,SGGDGLLSAAE,11.921399,8.723036,0.7061,0.3498290777206421,14.836685
TM,0,TM_cfg0_des5,5,3,15,DASGNPNATSLSRPE,11.921399,12.0937,0.7061,0.3498290777206421,25.136368
TM,0,TM_cfg0_des5,5,4,11,EAESDGSEAAE,11.921399,12.146269,0.7061,0.3498290777206421,4.598533
TM,0,TM_cfg0_des6,6,1,15,DADGDPASADLELAE,8.529923,10.9087305,0.7697,0.6898137927055359,6.4164147
TM,0,TM_cfg0_des6,6,2,11,SGGDGTLSAEE,8.529923,3.9792142,0.7697,0.6898137927055359,28.528397
TM,0,TM_cfg0_des6,6,3,15,DAGDGDGDGKLSRAE,8.529923,6.2927074,0.7697,0.6898137927055359,10.275881
TM,0,TM_cfg0_des6,6,4,11,NSDPSLSGAQE,8.529923,10.977263,0.7697,0.6898137927055359,19.172415
TM,0,TM_cfg0_des7,7,1,15,DDGTSADPTRLSLAE,6.1392365,11.069104,0.8083,0.8212645053863525,3.9774811
TM,0,TM_cfg0_des7,7,2,11,SDGDGYLSAAE,6.1392365,2.0890815,0.8083,0.8212645053863525,29.229029
TM,0,TM_cfg0_des7,7,3,15,DLDGKAPGKALSRAE,6.1392365,8.018342,0.8083,0.8212645053863525,12.777664
TM,0,TM_cfg0_des7,7,4,11,EAAGGGDGVAG,6.1392365,6.5639663,0.8083,0.8212645053863525,29.691717
TM,0,TM_cfg0_des8,8,1,15,EGYDAAGDGRLNLAA,2.3507664,3.5064867,0.8039,0.8580097556114197,8.988044
TM,0,TM_cfg0_des8,8,2,11,DDGSGTLSAAE,2.3507664,1.371111,0.8039,0.8580097556114197,30.28745
TM,0,TM_cfg0_des8,8,3,15,DKNDPAGDNTLNRAE,2.3507664,1.3388455,0.8039,0.8580097556114197,8.771455
TM,0,TM_cfg0_des8,8,4,11,DAGDGGDDAAA,2.3507664,4.816061,0.8039,0.8580097556114197,26.483309
TM,0,TM_cfg0_des9,9,1,15,DADGDTSSVAARRAE,5.2764716,6.4326925,0.7822,0.7571625709533691,27.021347
TM,0,TM_cfg0_des9,9,2,11,SKGSGTLSADE,5.2764716,2.973182,0.7822,0.7571625709533691,29.190392
TM,0,TM_cfg0_des9,9,3,15,DLDGDPNDRTLSRAE,5.2764716,4.1139255,0.7822,0.7571625709533691,3.7733648
TM,0,TM_cfg0_des9,9,4,11,DSPSDPSAAAA,5.2764716,9.753121,0.7822,0.7571625709533691,18.989166
TM,0,TM_cfg0_des10,10,1,15,DPTNAEGDGRISLAE,1.2784269,1.4192348,0.8332,0.8898838758468628,2.9430542
TM,0,TM_cfg0_des10,10,2,11,DNGDGYLSAEE,1.2784269,0.98874146,0.8332,0.8898838758468628,29.28333
TM,0,TM_cfg0_des10,10,3,15,DDPAVGNDGRLTRAE,1.2784269,2.026525,0.8332,0.8898838758468628,3.1000583
TM,0,TM_cfg0_des10,10,4,11,ANGDDALSAAE,1.2784269,1.5776656,0.8332,0.8898838758468628,29.389671
TM,0,TM_cfg0_des11,11,1,15,DSDPANPTVAGRRAE,6.984699,5.758528,0.772,0.6844918727874756,24.707024
TM,0,TM_cfg0_des11,11,2,11,DNGDGYLSAAE,6.984699,1.1627464,0.772,0.6844918727874756,27.970518
TM,0,TM_cfg0_des11,11,3,15,DPLDGDGDGRLSRAE,6.984699,3.0481682,0.772,0.6844918727874756,2.612311
TM,0,TM_cfg0_des11,11,4,11,NPTGTGDPAAE,6.984699,4.699306,0.772,0.6844918727874756,29.249666
TM,0,TM_cfg0_des12,12,1,15,DADGDPSDEAARRAE,5.2423487,7.4909625,0.76,0.6662102341651917,24.633917
TM,0,TM_cfg0_des12,12,2,11,SGGDGFLTAEE,5.2423487,2.126965,0.76,0.6662102341651917,2.8328803
TM,0,TM_cfg0_des12,12,3,15,AGYDGDGDGRLDRAA,5.2423487,3.4839296,0.76,0.6662102341651917,23.042448
TM,0,TM_cfg0_des12,12,4,11,EAVPHGSTAAE,5.2423487,5.6842875,0.76,0.6662102341651917,12.942367
TM,0,TM_cfg0_des13,13,1,15,TVYCVTKDGLIGLAE,3.2117677,4.4972224,0.8314,0.8620072603225708,9.719335
TM,0,TM_cfg0_des13,13,2,11,SDGDGTLSAAE,3.2117677,1.6434242,0.8314,0.8620072603225708,29.320665
TM,0,TM_cfg0_des13,13,3,15,RAAATKDDGTLSRAE,3.2117677,3.7023208,0.8314,0.8620072603225708,9.432397
TM,0,TM_cfg0_des13,13,4,11,DDGSGTLDAAE,3.2117677,2.1795819,0.8314,0.8620072603225708,29.781168
TM,0,TM_cfg0_des14,14,1,15,NAASSATPDRISLAE,2.4544322,4.3489523,0.8341,0.8540538549423218,10.540622
TM,0,TM_cfg0_des14,14,2,11,SKGSGSVSAAE,2.4544322,2.0957332,0.8341,0.8540538549423218,27.038923
TM,0,TM_cfg0_des14,14,3,15,DTDGASNGKALSRAE,2.4544322,1.4742509,0.8341,0.8540538549423218,2.9241018
TM,0,TM_cfg0_des14,14,4,11,SNGDSTIDAAE,2.4544322,1.4634984,0.8341,0.8540538549423218,10.220647
TM,1,TM_cfg1_des0,0,1,12,DADGDGVLSLAE,1.5923195,0.80014163,0.8499,0.8911709785461426,23.516966
TM,1,TM_cfg1_des0,0,2,11,SKGSGELTAEE,1.5923195,0.9592549,0.8499,0.8911709785461426,3.3835993
TM,1,TM_cfg1_des0,0,3,11,SKDGKSLSRAE,1.5923195,1.3339516,0.8499,0.8911709785461426,25.50073
TM,1,TM_cfg1_des0,0,4,11,EAEGGTDEAAA,1.5923195,3.4846592,0.8499,0.8911709785461426,9.037304
TM,1,TM_cfg1_des1,1,1,12,DADGSGTISLAE,0.6753419,0.68491155,0.8453,0.9043790698051453,24.250177
TM,1,TM_cfg1_des1,1,2,11,SGGDGYLTAEE,0.6753419,0.6531256,0.8453,0.9043790698051453,8.900422
TM,1,TM_cfg1_des1,1,3,11,SDGDGKLSRAE,0.6753419,0.78846675,0.8453,0.9043790698051453,24.584211
TM,1,TM_cfg1_des1,1,4,11,SGGSGALTAAE,0.6753419,0.72354996,0.8453,0.9043790698051453,9.595363
TM,1,TM_cfg1_des2,2,1,12,DADGDGVISLAE,1.5172232,0.8923101,0.8445,0.8917176127433777,2.4746203
TM,1,TM_cfg1_des2,2,2,11,SGGSGRLTAEE,1.5172232,1.0302358,0.8445,0.8917176127433777,28.748251
TM,1,TM_cfg1_des2,2,3,11,DNGSGSLSRAE,1.5172232,1.7946584,0.8445,0.8917176127433777,10.001452
TM,1,TM_cfg1_des2,2,4,11,SDGSGTLSAAE,1.5172232,1.552411,0.8445,0.8917176127433777,25.126709
TM,1,TM_cfg1_des3,3,1,12,DADGDGRISLAE,1.2615614,0.5592379,0.8378,0.8870143294334412,22.67585
TM,1,TM_cfg1_des3,3,2,11,SKGHGRLTAEE,1.2615614,1.3727664,0.8378,0.8870143294334412,3.804232
TM,1,TM_cfg1_des3,3,3,11,TGGHGYMTRDE,1.2615614,2.0593503,0.8378,0.8870143294334412,22.371572
TM,1,TM_cfg1_des3,3,4,11,SNGSGALTAAE,1.2615614,0.8585592,0.8378,0.8870143294334412,3.1115196
TM,1,TM_cfg1_des4,4,1,12,DADGDGTISLAE,1.2167181,0.7686903,0.8484,0.8989881277084351,24.255098
TM,1,TM_cfg1_des4,4,2,11,SKGSGRLTAEE,1.2167181,0.89950275,0.8484,0.8989881277084351,10.225909
TM,1,TM_cfg1_des4,4,3,11,DGGSGSLSRAE,1.2167181,1.3416535,0.8484,0.8989881277084351,23.57865
TM,1,TM_cfg1_des4,4,4,11,SNGSGTLTAAE,1.2167181,0.9515175,0.8484,0.8989881277084351,2.8358479
TM,1,TM_cfg1_des5,5,1,12,DFDGDGVLSLAE,1.3613151,0.71843225,0.8349,0.8776358962059021,23.359192
TM,1,TM_cfg1_des5,5,2,11,SGGSSTLTAAE,1.3613151,0.831256,0.8349,0.8776358962059021,3.4285488
TM,1,TM_cfg1_des5,5,3,11,DNGDGTLSRAE,1.3613151,1.2241911,0.8349,0.8776358962059021,26.533861
TM,1,TM_cfg1_des5,5,4,11,FADESLSDAEE,1.3613151,2.010041,0.8349,0.8776358962059021,12.431648
TM,1,TM_cfg1_des6,6,1,12,DADGDGVISLAE,1.125628,1.0709018,0.8532,0.9063297510147095,24.539507
TM,1,TM_cfg1_des6,6,2,11,NPDGGDLTAEE,1.125628,1.2200572,0.8532,0.9063297510147095,8.260398
TM,1,TM_cfg1_des6,6,3,11,SNGDGTLSRAE,1.125628,2.0217998,0.8532,0.9063297510147095,24.151194
TM,1,TM_cfg1_des6,6,4,11,SGGSGSLTAAE,1.125628,0.9591569,0.8532,0.9063297510147095,8.953107
TM,1,TM_cfg1_des7,7,1,12,DADGDGVISLAE,0.7525242,0.7022631,0.8584,0.9104554057121277,23.42936
TM,1,TM_cfg1_des7,7,2,11,SGGSSTLTAAE,0.7525242,0.7869428,0.8584,0.9104554057121277,3.4285553
TM,1,TM_cfg1_des7,7,3,11,SKDKKTLTRAE,0.7525242,0.953115,0.8584,0.9104554057121277,24.467155
TM,1,TM_cfg1_des7,7,4,11,SDGDGTLTAAE,0.7525242,1.1279175,0.8584,0.9104554057121277,9.321335
TM,1,TM_cfg1_des8,8,1,12,DFDGDGVLSLAE,2.286611,2.3475182,0.8082,0.8626733422279358,24.403585
TM,1,TM_cfg1_des8,8,2,11,DDGSGTLSAAE,2.286611,1.0287988,0.8082,0.8626733422279358,8.97959
TM,1,TM_cfg1_des8,8,3,11,SNGDGTLDRAE,2.286611,1.4475412,0.8082,0.8626733422279358,23.9512
TM,1,TM_cfg1_des8,8,4,11,DATAATDEAAE,2.286611,4.501128,0.8082,0.8626733422279358,8.751793
TM,1,TM_cfg1_des9,9,1,12,DLDGDGVLSLAE,2.177341,1.1284897,0.8452,0.8938899636268616,23.46962
TM,1,TM_cfg1_des9,9,2,11,SNGDGTLSAEE,2.177341,1.7869458,0.8452,0.8938899636268616,2.637012
TM,1,TM_cfg1_des9,9,3,11,SDGDGTLSRAE,2.177341,1.6752157,0.8452,0.8938899636268616,25.0803
TM,1,TM_cfg1_des9,9,4,11,TADKSLSTAEE,2.177341,5.6059213,0.8452,0.8938899636268616,9.092396
TM,1,TM_cfg1_des10,10,1,12,DADGDGKISLAE,0.87309414,0.6070128,0.8551,0.8996037840843201,23.31307
TM,1,TM_cfg1_des10,10,2,11,SNGGSTLSAAE,0.87309414,0.8633336,0.8551,0.8996037840843201,12.900063
TM,1,TM_cfg1_des10,10,3,11,ANGGSSLNRAE,0.87309414,1.443351,0.8551,0.8996037840843201,23.902328
TM,1,TM_cfg1_des10,10,4,11,DNGSGSLSAAE,0.87309414,1.1571145,0.8551,0.8996037840843201,8.847922
TM,1,TM_cfg1_des11,11,1,12,DADGDGVISLDE,0.87173474,0.5118829,0.8495,0.9049813747406006,22.779448
TM,1,TM_cfg1_des11,11,2,11,SDGDGTLTAEE,0.87173474,1.0942433,0.8495,0.9049813747406006,2.711548
TM,1,TM_cfg1_des11,11,3,11,SNGDGTLDRAE,0.87173474,1.6962489,0.8495,0.9049813747406006,24.193573
TM,1,TM_cfg1_des11,11,4,11,SNGDGTISAAE,0.87173474,0.98838204,0.8495,0.9049813747406006,9.397183
TM,1,TM_cfg1_des12,12,1,12,DADGDGRISLAE,1.012371,0.6327698,0.841,0.9027291536331177,23.996223
TM,1,TM_cfg1_des12,12,2,11,SNGDGTLSAEE,1.012371,1.3467991,0.841,0.9027291536331177,9.120203
TM,1,TM_cfg1_des12,12,3,11,SDGDGKLSRAE,1.012371,1.14491,0.841,0.9027291536331177,27.859655
TM,1,TM_cfg1_des12,12,4,11,SGGSGALDAAE,1.012371,1.0418276,0.841,0.9027291536331177,9.403187
TM,1,TM_cfg1_des13,13,1,12,DADGDGVISLAE,0.80039287,0.64428496,0.859,0.905723512172699,25.381882
TM,1,TM_cfg1_des13,13,2,11,SGGSGELSAEE,0.80039287,0.88011134,0.859,0.905723512172699,8.609465
TM,1,TM_cfg1_des13,13,3,11,SDDGKTLSRAE,0.80039287,1.0267807,0.859,0.905723512172699,25.022072
TM,1,TM_cfg1_des13,13,4,11,TNGGTTITAAE,0.80039287,0.9761041,0.859,0.905723512172699,8.880943
TM,1,TM_cfg1_des14,14,1,12,DADGDGRISLAE,0.777855,0.80000234,0.8467,0.909027099609375,24.017569
TM,1,TM_cfg1_des14,14,2,11,DNGDGVLTAEE,0.777855,0.7707926,0.8467,0.909027099609375,10.684651
TM,1,TM_cfg1_des14,14,3,11,TNGSSTMSRAE,0.777855,1.2137666,0.8467,0.909027099609375,26.6588
TM,1,TM_cfg1_des14,14,4,11,SGGSGALTAAE,0.777855,0.8601495,0.8467,0.909027099609375,9.470891
TM,2,TM_cfg2_des0,0,1,10,STDGTLTLAE,4.9671836,6.1330023,0.7465,0.5338729023933411,12.822064
TM,2,TM_cfg2_des0,0,2,10,DDPSVPDVEE,4.9671836,6.044363,0.7465,0.5338729023933411,31.58858
TM,2,TM_cfg2_des0,0,3,10,NDDDTLSRAE,4.9671836,5.154243,0.7465,0.5338729023933411,3.8962173
TM,2,TM_cfg2_des0,0,4,12,EAEDADDDDAAE,4.9671836,4.974677,0.7465,0.5338729023933411,28.752913
TM,2,TM_cfg2_des1,1,1,10,STDGTLTLAE,13.850262,18.526222,0.7205,0.367750883102417,13.235858
TM,2,TM_cfg2_des1,1,2,10,STDGVLSAEE,13.850262,14.267389,0.7205,0.367750883102417,18.706305
TM,2,TM_cfg2_des1,1,3,10,SSDGLLNRAE,13.850262,10.11461,0.7205,0.367750883102417,20.512627
TM,2,TM_cfg2_des1,1,4,12,EAEGAGKSDAEE,13.850262,20.385805,0.7205,0.367750883102417,18.574514
TM,2,TM_cfg2_des2,2,1,10,DTPGQSRRAE,13.91408,18.911528,0.7296,0.411861777305603,27.409819
TM,2,TM_cfg2_des2,2,2,10,STDGTLSAEE,13.91408,17.899818,0.7296,0.411861777305603,20.926079
TM,2,TM_cfg2_des2,2,3,10,SSDGLLSRAE,13.91408,12.052205,0.7296,0.411861777305603,4.8875165
TM,2,TM_cfg2_des2,2,4,12,EDEGAGQSPAAE,13.91408,13.831711,0.7296,0.411861777305603,4.155799
TM,2,TM_cfg2_des3,3,1,10,NLHTGEDLAE,11.40689,13.041424,0.7268,0.4177400767803192,23.963066
TM,2,TM_cfg2_des3,3,2,10,SSDGTLSAEE,11.40689,18.387732,0.7268,0.4177400767803192,22.487663
TM,2,TM_cfg2_des3,3,3,10,SDDDTMSRAE,11.40689,12.532208,0.7268,0.4177400767803192,7.7355285
TM,2,TM_cfg2_des3,3,4,12,QDAGKGKSAAEE,11.40689,14.47049,0.7268,0.4177400767803192,29.057213
TM,2,TM_cfg2_des4,4,1,10,STDGTISLAE,2.5956876,1.1368812,0.8125,0.7733478546142578,2.865029
TM,2,TM_cfg2_des4,4,2,10,DNGKESAADE,2.5956876,4.2980437,0.8125,0.7733478546142578,27.34487
TM,2,TM_cfg2_des4,4,3,10,NDSSDLSKAE,2.5956876,3.3613567,0.8125,0.7733478546142578,5.1126323
TM,2,TM_cfg2_des4,4,4,12,DANNDGTLSAAE,2.5956876,1.0255361,0.8125,0.7733478546142578,25.972626
TM,2,TM_cfg2_des5,5,1,10,GMATAMTLAE,11.299659,15.31862,0.7279,0.3430051803588867,20.34936
TM,2,TM_cfg2_des5,5,2,10,SNDGLLSAEE,11.299659,15.158217,0.7279,0.3430051803588867,31.936852
TM,2,TM_cfg2_des5,5,3,10,SDDDRLSRAE,11.299659,11.8897085,0.7279,0.3430051803588867,19.911886
TM,2,TM_cfg2_des5,5,4,12,EDEGKDKSPAEE,11.299659,8.078796,0.7279,0.3430051803588867,15.642914
TM,2,TM_cfg2_des6,6,1,10,STDGTLTLAE,9.728696,6.647167,0.7562,0.570598840713501,4.44986
TM,2,TM_cfg2_des6,6,2,10,EKEADTVAAE,9.728696,7.525761,0.7562,0.570598840713501,36.934284
TM,2,TM_cfg2_des6,6,3,10,DDPSLSRREE,9.728696,11.121965,0.7562,0.570598840713501,5.780578
TM,2,TM_cfg2_des6,6,4,12,EAADVGGDDADQ,9.728696,11.213885,0.7562,0.570598840713501,29.94179
TM,2,TM_cfg2_des7,7,1,10,DTPGKSRLEE,13.372219,17.320564,0.7167,0.40101364254951477,14.553169
TM,2,TM_cfg2_des7,7,2,10,DVPGVSRADE,13.372219,19.883072,0.7167,0.40101364254951477,6.2218204
TM,2,TM_cfg2_des7,7,3,10,DDPSKSEREE,13.372219,11.7259,0.7167,0.40101364254951477,3.7865794
TM,2,TM_cfg2_des7,7,4,12,EAADASGDPAAE,13.372219,13.433138,0.7167,0.40101364254951477,30.74256
TM,2,TM_cfg2_des8,8,1,10,STDGTLTLAE,3.2159123,2.6246464,0.8018,0.7991653084754944,6.2337346
TM,2,TM_cfg2_des8,8,2,10,APDGVLTAAD,3.2159123,1.6967127,0.8018,0.7991653084754944,27.037596
TM,2,TM_cfg2_des8,8,3,10,SADGTLNRAE,3.2159123,1.5646241,0.8018,0.7991653084754944,10.013082
TM,2,TM_cfg2_des8,8,4,12,EAEGGDASDAEE,3.2159123,4.982519,0.8018,0.7991653084754944,24.74291
TM,2,TM_cfg2_des9,9,1,10,STDGTLTLAE,13.0660305,17.218182,0.7224,0.34694719314575195,25.907072
TM,2,TM_cfg2_des9,9,2,10,DDGVSSEADE,13.0660305,20.119356,0.7224,0.34694719314575195,6.766115
TM,2,TM_cfg2_des9,9,3,10,DADGELSRAE,13.0660305,11.541754,0.7224,0.34694719314575195,4.1692386
TM,2,TM_cfg2_des9,9,4,12,EAADADDDDAAE,13.0660305,13.031882,0.7224,0.34694719314575195,22.694534
TM,2,TM_cfg2_des10,10,1,10,GSDGRISLAE,1.2326161,1.7788374,0.8494,0.8918469548225403,3.416786
TM,2,TM_cfg2_des10,10,2,10,SSDGTLSAAE,1.2326161,0.7638435,0.8494,0.8918469548225403,28.859339
TM,2,TM_cfg2_des10,10,3,10,DPDGVLNRAE,1.2326161,1.1332995,0.8494,0.8918469548225403,9.602644
TM,2,TM_cfg2_des10,10,4,12,DANGDGLLDAAE,1.2326161,1.1503129,0.8494,0.8918469548225403,26.727264
TM,2,TM_cfg2_des11,11,1,10,STDGTLSLAE,12.346375,17.290506,0.7441,0.46144771575927734,17.706244
TM,2,TM_cfg2_des11,11,2,10,TGGGAITAEE,12.346375,19.317415,0.7441,0.46144771575927734,9.60193
TM,2,TM_cfg2_des11,11,3,10,DDPSLSDRDE,12.346375,10.441429,0.7441,0.46144771575927734,23.978935
TM,2,TM_cfg2_des11,11,4,12,EAEDTDGSTAAE,12.346375,12.511544,0.7441,0.46144771575927734,17.428553
TM,2,TM_cfg2_des12,12,1,10,STDGTLTLAE,6.475675,5.0222554,0.7605,0.5609017014503479,26.279694
TM,2,TM_cfg2_des12,12,2,10,DDPSLSTVEE,6.475675,5.001659,0.7605,0.5609017014503479,24.904337
TM,2,TM_cfg2_des12,12,3,10,SDDGTLSRAE,6.475675,3.9679406,0.7605,0.5609017014503479,12.930364
TM,2,TM_cfg2_des12,12,4,12,EAAGAGKSDAEE,6.475675,7.270302,0.7605,0.5609017014503479,18.090307
TM,2,TM_cfg2_des13,13,1,10,STDGALSLAE,10.771703,9.120765,0.7407,0.5033613443374634,13.3467455
TM,2,TM_cfg2_des13,13,2,10,NDGKEPSAVE,10.771703,19.038738,0.7407,0.5033613443374634,14.3815775
TM,2,TM_cfg2_des13,13,3,10,NDAGEISRAE,10.771703,14.882831,0.7407,0.5033613443374634,24.83645
TM,2,TM_cfg2_des13,13,4,12,EATAPPGDDAAE,10.771703,6.831986,0.7407,0.5033613443374634,3.660711
TM,2,TM_cfg2_des14,14,1,10,STDGLLSLAE,1.1162258,1.1344618,0.8505,0.9069080352783203,24.122305
TM,2,TM_cfg2_des14,14,2,10,STDGTLSAAE,1.1162258,1.0148602,0.8505,0.9069080352783203,9.524117
TM,2,TM_cfg2_des14,14,3,10,SPSGTLSRAE,1.1162258,1.5481105,0.8505,0.9069080352783203,24.425085
TM,2,TM_cfg2_des14,14,4,12,DADGDGTLDAAE,1.1162258,1.1935803,0.8505,0.9069080352783203,8.810372
TM,3,TM_cfg3_des0,0,1,15,DPDGTTDDEAARRAE,9.530511,10.55566,0.7539,0.5959185361862183,2.930278
TM,3,TM_cfg3_des0,0,2,14,NPDKDEKLEEMKKE,9.530511,10.03755,0.7539,0.5959185361862183,16.896887
TM,3,TM_cfg3_des0,0,3,11,DNGDGKFSKAE,9.530511,5.8545766,0.7539,0.5959185361862183,13.511787
TM,3,TM_cfg3_des0,0,4,11,EAVDKPTAAAE,9.530511,7.832375,0.7539,0.5959185361862183,26.86428
TM,3,TM_cfg3_des1,1,1,15,NFSGAAPTEADMLTE,13.902382,16.413345,0.7418,0.43757644295692444,5.1176105
TM,3,TM_cfg3_des1,1,2,14,APDGVLPDSTAAAE,13.902382,19.37424,0.7418,0.43757644295692444,21.53897
TM,3,TM_cfg3_des1,1,3,11,DDGSGALTRAE,13.902382,12.029392,0.7418,0.43757644295692444,4.925461
TM,3,TM_cfg3_des1,1,4,11,FEGSTAPAAAE,13.902382,14.9815855,0.7418,0.43757644295692444,30.868479
TM,3,TM_cfg3_des2,2,1,15,GITAADEASAERLAE,13.565458,16.591091,0.7409,0.48268917202949524,4.3666472
TM,3,TM_cfg3_des2,2,2,14,GITDDDSAADLATE,13.565458,14.936858,0.7409,0.48268917202949524,5.416233
TM,3,TM_cfg3_des2,2,3,11,DPDNSKSNRDE,13.565458,15.9436035,0.7409,0.48268917202949524,18.941326
TM,3,TM_cfg3_des2,2,4,11,EAAGGSDEFAA,13.565458,17.778112,0.7409,0.48268917202949524,3.1086414
TM,3,TM_cfg3_des3,3,1,15,DSNKDGVIDRDKDKD,4.988632,2.92546,0.7407,0.4195261001586914,24.993347
TM,3,TM_cfg3_des3,3,2,14,DPSGESSIADAIKE,4.988632,6.649052,0.7407,0.4195261001586914,20.962273
TM,3,TM_cfg3_des3,3,3,11,LDGDGVLTRAE,4.988632,2.2496455,0.7407,0.4195261001586914,21.706139
TM,3,TM_cfg3_des3,3,4,11,GNGGSVIDAAE,4.988632,3.6347063,0.7407,0.4195261001586914,23.668848
TM,3,TM_cfg3_des4,4,1,15,DADGRGVISDAERSE,2.3037298,3.4814322,0.7697,0.7452505826950073,23.846369
TM,3,TM_cfg3_des4,4,2,14,DPDGACSWADAVKE,2.3037298,2.6905057,0.7697,0.7452505826950073,3.6980999
TM,3,TM_cfg3_des4,4,3,11,DDGDGVLTKAE,2.3037298,1.9491988,0.7697,0.7452505826950073,24.782562
TM,3,TM_cfg3_des4,4,4,11,DNGDGVWSAAE,2.3037298,1.6164414,0.7697,0.7452505826950073,9.293623
TM,3,TM_cfg3_des5,5,1,15,DADGSTTCNDALRAE,2.436607,4.4787717,0.8068,0.8447660803794861,8.504811
TM,3,TM_cfg3_des5,5,2,14,DTNKDGDGKLSAEE,2.436607,2.2148657,0.8068,0.8447660803794861,29.196733
TM,3,TM_cfg3_des5,5,3,11,ADSDGKLDRDE,2.436607,1.354804,0.8068,0.8447660803794861,9.053569
TM,3,TM_cfg3_des5,5,4,11,EAAGDGDAATA,2.436607,1.7205974,0.8068,0.8447660803794861,27.671724
TM,3,TM_cfg3_des6,6,1,15,GGVTAGGKTTLSLAE,2.0373843,3.1307895,0.8028,0.7931245565414429,24.81169
TM,3,TM_cfg3_des6,6,2,14,DPDGFFSNDDKAAE,2.0373843,2.6920269,0.8028,0.7931245565414429,5.556914
TM,3,TM_cfg3_des6,6,3,11,DKDGDGISRAE,2.0373843,1.4027321,0.8028,0.7931245565414429,2.5381355
TM,3,TM_cfg3_des6,6,4,11,DAEAPGDDAAA,2.0373843,1.5207883,0.8028,0.7931245565414429,30.784945
TM,3,TM_cfg3_des7,7,1,15,QSAASAADGTISLAE,3.361699,6.352145,0.8241,0.8604504466056824,11.739494
TM,3,TM_cfg3_des7,7,2,14,AVADGDPDTLSAEE,3.361699,2.140528,0.8241,0.8604504466056824,32.404156
TM,3,TM_cfg3_des7,7,3,11,DDGDGTLSRAE,3.361699,2.422177,0.8241,0.8604504466056824,9.423466
TM,3,TM_cfg3_des7,7,4,11,ANGDDALTAAE,3.361699,1.7079511,0.8241,0.8604504466056824,27.099497
TM,3,TM_cfg3_des8,8,1,15,DALDTNGDGRISLAE,2.7776952,4.0956326,0.8159,0.8447090983390808,24.060396
TM,3,TM_cfg3_des8,8,2,14,APDGAFADSDAAAE,2.7776952,3.6314082,0.8159,0.8447090983390808,10.653385
TM,3,TM_cfg3_des8,8,3,11,DNGDGVFTRAE,2.7776952,3.22044,0.8159,0.8447090983390808,24.3193
TM,3,TM_cfg3_des8,8,4,11,SNGDATLTAAE,2.7776952,0.931519,0.8159,0.8447090983390808,9.161569
TM,3,TM_cfg3_des9,9,1,15,DPDGTTDDLAARRAE,7.010913,6.897409,0.7437,0.6254428029060364,3.1531427
TM,3,TM_cfg3_des9,9,2,14,DPDGESTWAEAIEE,7.010913,3.4973578,0.7437,0.6254428029060364,32.020878
TM,3,TM_cfg3_des9,9,3,11,DNGDGVFTRAE,7.010913,1.622965,0.7437,0.6254428029060364,2.457922
TM,3,TM_cfg3_des9,9,4,11,TSDPSLPAAAE,7.010913,7.868821,0.7437,0.6254428029060364,28.015533
TM,3,TM_cfg3_des10,10,1,15,DPDGNTTDVAERRAE,6.4103117,6.085078,0.7372,0.43845200538635254,26.049082
TM,3,TM_cfg3_des10,10,2,14,SDSEVDSAAEAKEE,6.4103117,9.270831,0.7372,0.43845200538635254,5.217525
TM,3,TM_cfg3_des10,10,3,11,SNGDGSLSRAE,6.4103117,3.7269597,0.7372,0.43845200538635254,14.7007
TM,3,TM_cfg3_des10,10,4,11,EAEDPGSLAAA,6.4103117,4.6084714,0.7372,0.43845200538635254,27.427727
TM,3,TM_cfg3_des11,11,1,15,DPGSPDASAAARLAA,8.337458,6.875833,0.776,0.7055091857910156,25.958323
TM,3,TM_cfg3_des11,11,2,14,DPDGVASDAEAPTE,8.337458,4.9185567,0.776,0.7055091857910156,3.1446855
TM,3,TM_cfg3_des11,11,3,11,DNGDGALTKAE,8.337458,3.580416,0.776,0.7055091857910156,10.14627
TM,3,TM_cfg3_des11,11,4,11,EAASTGDNAAE,8.337458,8.527452,0.776,0.7055091857910156,27.672964
TM,3,TM_cfg3_des12,12,1,15,DLENANNDGTISLAE,3.5001545,4.2792745,0.7988,0.8195608854293823,4.197461
TM,3,TM_cfg3_des12,12,2,14,DPDRSSSYAEAIEE,3.5001545,4.0239744,0.7988,0.8195608854293823,29.84996
TM,3,TM_cfg3_des12,12,3,11,DNGDGVLTRAE,3.5001545,4.5278378,0.7988,0.8195608854293823,12.164523
TM,3,TM_cfg3_des12,12,4,11,SGGDATLTAAE,3.5001545,1.7330158,0.7988,0.8195608854293823,25.73466
TM,3,TM_cfg3_des13,13,1,15,GWDAAANCSAADLAE,11.442126,19.855436,0.7432,0.6152520775794983,7.8048587
TM,3,TM_cfg3_des13,13,2,14,FDDPVCSDADAIEE,11.442126,8.970018,0.7432,0.6152520775794983,9.329856
TM,3,TM_cfg3_des13,13,3,11,SNGDGTLTRAE,11.442126,2.902082,0.7432,0.6152520775794983,23.776428
TM,3,TM_cfg3_des13,13,4,11,TAGAAATNAAE,11.442126,8.869712,0.7432,0.6152520775794983,19.852394
TM,3,TM_cfg3_des14,14,1,15,GFDPNNCDSAENLAE,12.898187,15.065992,0.7382,0.37221354246139526,5.697542
TM,3,TM_cfg3_des14,14,2,14,DPAERCPIADAIKE,12.898187,17.96178,0.7382,0.37221354246139526,11.8042345
TM,3,TM_cfg3_des14,14,3,11,SDGDGYLSRAE,12.898187,16.008348,0.7382,0.37221354246139526,6.686394
TM,3,TM_cfg3_des14,14,4,11,EAVGAPTTAAE,12.898187,14.156888,0.7382,0.37221354246139526,25.49041
TM,4,TM_cfg4_des0,0,1,12,DADGDGKISLAE,1.0545506,0.77600837,0.8606,0.9034542441368103,23.499922
TM,4,TM_cfg4_des0,0,2,11,SNGDGVLTAEE,1.0545506,1.5234195,0.8606,0.9034542441368103,29.723167
TM,4,TM_cfg4_des0,0,3,10,SSDGTLSRDE,1.0545506,1.3019474,0.8606,0.9034542441368103,10.4037695
TM,4,TM_cfg4_des0,0,4,14,AAGGNGDGYIDAAE,1.0545506,1.2882167,0.8606,0.9034542441368103,9.113322
TM,4,TM_cfg4_des1,1,1,12,DADGDGVISRAE,0.8774288,0.6401822,0.8523,0.9005714058876038,10.036536
TM,4,TM_cfg4_des1,1,2,11,SGGSGTLSAEE,0.8774288,1.0334396,0.8523,0.9005714058876038,26.717987
TM,4,TM_cfg4_des1,1,3,10,STDGTLSRAE,0.8774288,1.0396985,0.8523,0.9005714058876038,2.7809315
TM,4,TM_cfg4_des1,1,4,14,AVGGADPDVLTAAE,0.8774288,1.1269631,0.8523,0.9005714058876038,29.247871
TM,4,TM_cfg4_des2,2,1,12,DADGDGKISLAE,1.7285838,1.0487915,0.8518,0.9081677198410034,24.008896
TM,4,TM_cfg4_des2,2,2,11,DNGDGTLTAAE,1.7285838,1.5647846,0.8518,0.9081677198410034,9.465993
TM,4,TM_cfg4_des2,2,3,10,SDDGTLNRAE,1.7285838,1.7477691,0.8518,0.9081677198410034,24.347021
TM,4,TM_cfg4_des2,2,4,14,NAGGDGDGKLSAAE,1.7285838,1.1322665,0.8518,0.9081677198410034,9.003773
TM,4,TM_cfg4_des3,3,1,12,DADGDGRISLAE,2.3089733,0.754726,0.8233,0.8647708296775818,25.443373
TM,4,TM_cfg4_des3,3,2,11,DDGDDTPAAEE,2.3089733,3.4497628,0.8233,0.8647708296775818,4.089648
TM,4,TM_cfg4_des3,3,3,10,GIGKGMSRDE,2.3089733,2.05344,0.8233,0.8647708296775818,23.900518
TM,4,TM_cfg4_des3,3,4,14,EVDGDGDGVLSAAE,2.3089733,3.108129,0.8233,0.8647708296775818,9.361992
TM,4,TM_cfg4_des4,4,1,12,DADGDGVISLAE,1.5011368,0.4785941,0.8395,0.8622753024101257,23.55237
TM,4,TM_cfg4_des4,4,2,11,DDGSGASAAEE,1.5011368,3.4614408,0.8395,0.8622753024101257,10.972667
TM,4,TM_cfg4_des4,4,3,10,ASDGKLSRAE,1.5011368,1.6745913,0.8395,0.8622753024101257,24.364305
TM,4,TM_cfg4_des4,4,4,14,NAPSGNDGVISAAE,1.5011368,0.72930044,0.8395,0.8622753024101257,9.668958
TM,4,TM_cfg4_des5,5,1,12,DADGDGTISLAE,1.295754,1.1143777,0.8587,0.912460446357727,24.025896
TM,4,TM_cfg4_des5,5,2,11,DNGDGLLSAEE,1.295754,0.87887806,0.8587,0.912460446357727,29.175375
TM,4,TM_cfg4_des5,5,3,10,STDGKLSRAE,1.295754,1.2205696,0.8587,0.912460446357727,2.7191193
TM,4,TM_cfg4_des5,5,4,14,DTNADGDGTIDAAE,1.295754,2.4643965,0.8587,0.912460446357727,8.875062
TM,4,TM_cfg4_des6,6,1,12,DADGDGKISLAE,0.8556119,0.70375633,0.8521,0.8905383944511414,20.707544
TM,4,TM_cfg4_des6,6,2,11,SKGSGRLTAEE,0.8556119,0.90159434,0.8521,0.8905383944511414,9.93081
TM,4,TM_cfg4_des6,6,3,10,SSDGTLSRAE,0.8556119,1.1824564,0.8521,0.8905383944511414,23.397097
TM,4,TM_cfg4_des6,6,4,14,DVDGDGDGTLSAAE,0.8556119,0.5592744,0.8521,0.8905383944511414,2.8103888
TM,4,TM_cfg4_des7,7,1,12,DADGDGTISLAE,0.8520106,0.8931714,0.8551,0.9031455516815186,24.149874
TM,4,TM_cfg4_des7,7,2,11,SGGSSTLTAEE,0.8520106,1.0253023,0.8551,0.9031455516815186,8.649438
TM,4,TM_cfg4_des7,7,3,10,SSDGTLSRAE,0.8520106,1.1208949,0.8551,0.9031455516815186,23.567144
TM,4,TM_cfg4_des7,7,4,14,NAGGADKSALSAAE,0.8520106,0.5719591,0.8551,0.9031455516815186,2.899503
TM,4,TM_cfg4_des8,8,1,12,DADGDGKISLAE,0.9946189,0.7410012,0.8602,0.9088886380195618,9.244919
TM,4,TM_cfg4_des8,8,2,11,SKDGTDLTAEE,0.9946189,1.5450249,0.8602,0.9088886380195618,29.50776
TM,4,TM_cfg4_des8,8,3,10,SDDGLLSRAE,0.9946189,1.3188142,0.8602,0.9088886380195618,2.6972382
TM,4,TM_cfg4_des8,8,4,14,DAVGDGDGVLDAAE,0.9946189,0.86884296,0.8602,0.9088886380195618,9.535267
TM,4,TM_cfg4_des9,9,1,12,DADGDGVISLAE,2.0215287,0.9626212,0.8376,0.8632023930549622,23.470625
TM,4,TM_cfg4_des9,9,2,11,DKGDGSSSAEE,2.0215287,4.8570065,0.8376,0.8632023930549622,10.821442
TM,4,TM_cfg4_des9,9,3,10,DPDENISKAE,2.0215287,2.5520532,0.8376,0.8632023930549622,24.520615
TM,4,TM_cfg4_des9,9,4,14,GVGSANPDVIDAAE,2.0215287,0.86804384,0.8376,0.8632023930549622,9.802674
TM,4,TM_cfg4_des10,10,1,12,DADGDGKISLAE,1.2033155,1.0145556,0.8501,0.896136462688446,24.043818
TM,4,TM_cfg4_des10,10,2,11,SNGDGTLTAAE,1.2033155,1.4465898,0.8501,0.896136462688446,9.028737
TM,4,TM_cfg4_des10,10,3,10,DPSGTLSRAE,1.2033155,1.4141455,0.8501,0.896136462688446,25.134453
TM,4,TM_cfg4_des10,10,4,14,SDGGDKDGKLDAAE,1.2033155,1.0196929,0.8501,0.896136462688446,9.019493
TM,4,TM_cfg4_des11,11,1,12,DADGDGKISLAE,3.0995421,0.7369753,0.8349,0.8393963575363159,9.1176405
TM,4,TM_cfg4_des11,11,2,11,TAVPGLSSAEE,3.0995421,5.465875,0.8349,0.8393963575363159,27.296587
TM,4,TM_cfg4_des11,11,3,10,DADGVLSRAE,3.0995421,1.8180578,0.8349,0.8393963575363159,2.6891434
TM,4,TM_cfg4_des11,11,4,14,DAGGDGDGKLSAAE,3.0995421,1.2554406,0.8349,0.8393963575363159,30.256262
TM,4,TM_cfg4_des12,12,1,12,DADGDGTISLAE,2.1290421,0.99508095,0.8214,0.8511910438537598,22.787058
TM,4,TM_cfg4_des12,12,2,11,DKKDGSSSADE,2.1290421,4.8858385,0.8214,0.8511910438537598,29.278818
TM,4,TM_cfg4_des12,12,3,10,DDDGKLSRAE,2.1290421,2.0244331,0.8214,0.8511910438537598,27.189562
TM,4,TM_cfg4_des12,12,4,14,DTDGDGDGTLSAAE,2.1290421,0.8392468,0.8214,0.8511910438537598,8.550297
TM,4,TM_cfg4_des13,13,1,12,DADGDGRISRAE,0.99755484,0.654377,0.8396,0.9000929594039917,24.18905
TM,4,TM_cfg4_des13,13,2,11,SGSDGTLTAEE,0.99755484,1.0475554,0.8396,0.9000929594039917,9.025641
TM,4,TM_cfg4_des13,13,3,10,SADGKLTRAE,0.99755484,0.98387605,0.8396,0.9000929594039917,24.416021
TM,4,TM_cfg4_des13,13,4,14,ESAATRDGTLTAAE,0.99755484,1.3983349,0.8396,0.9000929594039917,8.60963
TM,4,TM_cfg4_des14,14,1,12,DADGSGTISLAE,1.3428342,0.86427397,0.8539,0.9038020968437195,23.390654
TM,4,TM_cfg4_des14,14,2,11,APGSSTLTAAE,1.3428342,1.0764227,0.8539,0.9038020968437195,6.8197246
TM,4,TM_cfg4_des14,14,3,10,SSDGTLDRAE,1.3428342,1.1068786,0.8539,0.9038020968437195,24.137527
TM,4,TM_cfg4_des14,14,4,14,DTNADGDGTLDAAE,1.3428342,2.5277505,0.8539,0.9038020968437195,8.906049
YB,0,YB_cfg0_des0,0,1,13,DTANGDGKISLAE,1.0683182,1.1021459,0.8636,0.9115646481513977,23.23784
YB,0,YB_cfg0_des0,0,2,11,DNGDGTLTAEE,1.0683182,1.1383799,0.8636,0.9115646481513977,2.5169542
YB,0,YB_cfg0_des0,0,3,10,SSDGTLSRAE,1.0683182,1.4897536,0.8636,0.9115646481513977,23.577383
YB,0,YB_cfg0_des0,0,4,13,DAADGDGVLDAAE,1.0683182,1.0952519,0.8636,0.9115646481513977,2.3168852
YB,0,YB_cfg0_des1,1,1,13,DFINHDGKISLAE,2.3711145,4.0762835,0.8467,0.8780283331871033,9.816041
YB,0,YB_cfg0_des1,1,2,11,ATTTDTLTAEE,2.3711145,1.9148655,0.8467,0.8780283331871033,24.312445
YB,0,YB_cfg0_des1,1,3,10,SADGKLSRAE,2.3711145,2.1286342,0.8467,0.8780283331871033,23.812538
YB,0,YB_cfg0_des1,1,4,13,ESAAGDGVLSAAE,2.3711145,1.4637095,0.8467,0.8780283331871033,26.102768
YB,0,YB_cfg0_des2,2,1,13,NWGSADDAARLAE,13.398577,14.709538,0.7549,0.6015846729278564,13.468715
YB,0,YB_cfg0_des2,2,2,11,DNGDGVLTAEE,13.398577,17.50501,0.7549,0.6015846729278564,3.6313555
YB,0,YB_cfg0_des2,2,3,10,SPDGTLDRAE,13.398577,17.973707,0.7549,0.6015846729278564,22.901178
YB,0,YB_cfg0_des2,2,4,13,EAEAGPGASPAAA,13.398577,13.949251,0.7549,0.6015846729278564,25.4303
YB,0,YB_cfg0_des3,3,1,13,STTPGSTTISLAE,1.2211477,1.7696275,0.8614,0.8977144956588745,25.160019
YB,0,YB_cfg0_des3,3,2,11,SNGDGYLDAEE,1.2211477,1.2024164,0.8614,0.8977144956588745,9.507471
YB,0,YB_cfg0_des3,3,3,10,SSDGKLSRAE,1.2211477,1.5878563,0.8614,0.8977144956588745,23.573961
YB,0,YB_cfg0_des3,3,4,13,EGSSTSGKISAAE,1.2211477,0.9052469,0.8614,0.8977144956588745,18.519926
YB,0,YB_cfg0_des4,4,1,13,EDGNGDGVISLAE,1.5297453,2.1257286,0.8568,0.8810856938362122,21.157274
YB,0,YB_cfg0_des4,4,2,11,DNGDGSLTAEE,1.5297453,1.1705496,0.8568,0.8810856938362122,9.265374
YB,0,YB_cfg0_des4,4,3,10,SSDGKMERDE,1.5297453,1.9018126,0.8568,0.8810856938362122,23.282043
YB,0,YB_cfg0_des4,4,4,13,DTDGAGTSLTAAE,1.5297453,2.0627847,0.8568,0.8810856938362122,8.8222
YB,0,YB_cfg0_des5,5,1,13,DFDKTDGKISLAE,1.9374317,3.3367913,0.8466,0.8691138029098511,20.957338
YB,0,YB_cfg0_des5,5,2,11,AKDGVTLTAEE,1.9374317,1.2281352,0.8466,0.8691138029098511,27.668028
YB,0,YB_cfg0_des5,5,3,10,SADGKLSRAE,1.9374317,1.7179981,0.8466,0.8691138029098511,25.129822
YB,0,YB_cfg0_des5,5,4,13,TQGDADGKLTAAE,1.9374317,1.5250571,0.8466,0.8691138029098511,26.594994
YB,0,YB_cfg0_des6,6,1,13,DGGDGDGKISLAE,0.7384835,0.80158055,0.8616,0.9007372260093689,2.4757607
YB,0,YB_cfg0_des6,6,2,11,DNGDGTLSAEE,0.7384835,0.81381816,0.8616,0.9007372260093689,28.838217
YB,0,YB_cfg0_des6,6,3,10,SADGTLSRAE,0.7384835,1.1377499,0.8616,0.9007372260093689,2.822665
YB,0,YB_cfg0_des6,6,4,13,DLDGDGVAITAAE,0.7384835,0.49252233,0.8616,0.9007372260093689,29.32206
YB,0,YB_cfg0_des7,7,1,13,DTVDKDGKISLAE,1.7776281,2.0489154,0.8277,0.8408584594726562,9.508352
YB,0,YB_cfg0_des7,7,2,11,AKTDDTLSAEE,1.7776281,1.8053454,0.8277,0.8408584594726562,27.114397
YB,0,YB_cfg0_des7,7,3,10,ADSDVLSRAE,1.7776281,1.9422995,0.8277,0.8408584594726562,15.728486
YB,0,YB_cfg0_des7,7,4,13,TAASGDGVLSAAE,1.7776281,1.3786111,0.8277,0.8408584594726562,9.340878
YB,0,YB_cfg0_des8,8,1,13,DTEDASGLISLAD,1.7712152,2.3513117,0.8281,0.8548899292945862,4.7848406
YB,0,YB_cfg0_des8,8,2,11,SNGDGVLSAEE,1.7712152,1.3056269,0.8281,0.8548899292945862,2.779599
YB,0,YB_cfg0_des8,8,3,10,SDSDTMSRAE,1.7712152,1.7469623,0.8281,0.8548899292945862,26.405718
YB,0,YB_cfg0_des8,8,4,13,TAVDNSGVLSAAE,1.7712152,2.0045853,0.8281,0.8548899292945862,10.446124
YB,0,YB_cfg0_des9,9,1,13,DFDGADGKISLAE,1.1483651,1.5625105,0.8514,0.899231493473053,23.621674
YB,0,YB_cfg0_des9,9,2,11,DNGDGYLTAEE,1.1483651,1.0735551,0.8514,0.899231493473053,29.657326
YB,0,YB_cfg0_des9,9,3,10,AADGKLSRAE,1.1483651,1.4940983,0.8514,0.899231493473053,3.208772
YB,0,YB_cfg0_des9,9,4,13,SAASADGTLSAAE,1.1483651,1.4171596,0.8514,0.899231493473053,8.800775
YB,0,YB_cfg0_des10,10,1,13,DLDGDGKGISLAE,3.5416532,2.8371181,0.8424,0.8579183220863342,24.95484
YB,0,YB_cfg0_des10,10,2,11,SKDGKTLTAEE,3.5416532,1.0873487,0.8424,0.8579183220863342,11.124818
YB,0,YB_cfg0_des10,10,3,10,SDDGELSRAE,3.5416532,1.9714184,0.8424,0.8579183220863342,24.16041
YB,0,YB_cfg0_des10,10,4,13,EAVGGGKASAAAA,3.5416532,5.5089545,0.8424,0.8579183220863342,16.265518
YB,0,YB_cfg0_des11,11,1,13,DFENGDGKISLAE,0.928681,1.3122752,0.8494,0.8969765901565552,26.71778
YB,0,YB_cfg0_des11,11,2,11,SNGDGTLSAEE,0.928681,1.2340807,0.8494,0.8969765901565552,29.692007
YB,0,YB_cfg0_des11,11,3,10,SASGKLSRAE,0.928681,1.1926568,0.8494,0.8969765901565552,10.434772
YB,0,YB_cfg0_des11,11,4,13,SAASGDGVLSAAE,0.928681,0.6026888,0.8494,0.8969765901565552,9.745285
YB,0,YB_cfg0_des12,12,1,13,GIAASGSSDALAE,13.847527,19.787754,0.7667,0.6397688388824463,21.441347
YB,0,YB_cfg0_des12,12,2,11,SNGDGVLTAEE,13.847527,19.618204,0.7667,0.6397688388824463,10.2190485
YB,0,YB_cfg0_des12,12,3,10,SPSDTMSRAE,13.847527,15.693647,0.7667,0.6397688388824463,23.195435
YB,0,YB_cfg0_des12,12,4,13,TAGSADGKLTAAD,13.847527,12.041495,0.7667,0.6397688388824463,12.353737
YB,0,YB_cfg0_des13,13,1,13,DGGNGDGVISLAE,1.2837285,1.4374425,0.8557,0.9006046652793884,9.563357
YB,0,YB_cfg0_des13,13,2,11,DNGDGTLSAEE,1.2837285,1.1200634,0.8557,0.9006046652793884,2.4580078
YB,0,YB_cfg0_des13,13,3,10,SDDGVLSRAE,1.2837285,1.999374,0.8557,0.9006046652793884,2.8523037
YB,0,YB_cfg0_des13,13,4,13,DLDGDGTSLTAAE,1.2837285,0.98137355,0.8557,0.9006046652793884,9.10059
YB,0,YB_cfg0_des14,14,1,13,NLTTDDPAANLAE,1.4173626,1.9502355,0.8223,0.8783907294273376,25.442728
YB,0,YB_cfg0_des14,14,2,11,DNGDGTLTAEE,1.4173626,0.8824197,0.8223,0.8783907294273376,4.2960134
YB,0,YB_cfg0_des14,14,3,10,SASGKLDRAE,1.4173626,1.5530592,0.8223,0.8783907294273376,3.9574406
YB,0,YB_cfg0_des14,14,4,13,EAEGKPGETVADW,1.4173626,1.7596247,0.8223,0.8783907294273376,29.141417
YB,1,YB_cfg1_des0,0,1,14,DADGDYSAAARLAE,10.2763405,12.622187,0.7869,0.7808222770690918,24.967028
YB,1,YB_cfg1_des0,0,2,13,AAADGNGVLTAEE,10.2763405,3.892154,0.7869,0.7808222770690918,9.600946
YB,1,YB_cfg1_des0,0,3,10,SADGTLDRAE,10.2763405,3.455532,0.7869,0.7808222770690918,10.526353
YB,1,YB_cfg1_des0,0,4,15,TGSSTSTSRAARAAE,10.2763405,11.268946,0.7869,0.7808222770690918,10.310706
YB,1,YB_cfg1_des1,1,1,14,QGASGAAGTISLAE,1.736312,2.678206,0.831,0.8451302647590637,24.285337
YB,1,YB_cfg1_des1,1,2,13,SAGDGSGKLSAEE,1.736312,0.9371711,0.831,0.8451302647590637,15.302175
YB,1,YB_cfg1_des1,1,3,10,SDDGVLSRAE,1.736312,2.281198,0.831,0.8451302647590637,3.3440454
YB,1,YB_cfg1_des1,1,4,15,STDASGDASSITAAE,1.736312,2.150363,0.831,0.8451302647590637,3.1809938
YB,1,YB_cfg1_des2,2,1,14,DLDGATPGKISLAE,1.3777514,1.8887802,0.8401,0.8663393259048462,23.60673
YB,1,YB_cfg1_des2,2,2,13,TAADGDGVLSAEE,1.3777514,1.4821155,0.8401,0.8663393259048462,31.991693
YB,1,YB_cfg1_des2,2,3,10,SDDGKLNRAE,1.3777514,1.7147177,0.8401,0.8663393259048462,26.193869
YB,1,YB_cfg1_des2,2,4,15,EADDPAGDGLLDATA,1.3777514,0.85562056,0.8401,0.8663393259048462,29.746405
YB,1,YB_cfg1_des3,3,1,14,ESTAAGDNRLTLAD,13.116049,13.366698,0.7439,0.48272445797920227,3.744464
YB,1,YB_cfg1_des3,3,2,13,STVDGDGVLSAEE,13.116049,14.469925,0.7439,0.48272445797920227,15.268432
YB,1,YB_cfg1_des3,3,3,10,SASGLLTRAE,13.116049,19.818193,0.7439,0.48272445797920227,13.070552
YB,1,YB_cfg1_des3,3,4,15,TGGATSSARADAETE,13.116049,12.482085,0.7439,0.48272445797920227,23.954033
YB,1,YB_cfg1_des4,4,1,14,NIEDGETHAAQLAE,8.954628,8.439972,0.7367,0.5272080898284912,4.7108293
YB,1,YB_cfg1_des4,4,2,13,DPDHTNDKSRVAE,8.954628,4.883473,0.7367,0.5272080898284912,3.861087
YB,1,YB_cfg1_des4,4,3,10,DSDGTLTRAE,8.954628,2.8465915,0.7367,0.5272080898284912,14.232528
YB,1,YB_cfg1_des4,4,4,15,TGPSLTALDADAAAE,8.954628,9.602191,0.7367,0.5272080898284912,24.282564
YB,1,YB_cfg1_des5,5,1,14,ELDKDGSGQISLAE,1.8896028,2.7239354,0.8486,0.8843364119529724,23.24553
YB,1,YB_cfg1_des5,5,2,13,SAGNGDGKLSAEE,1.8896028,2.1095395,0.8486,0.8843364119529724,5.003144
YB,1,YB_cfg1_des5,5,3,10,SADGTLSRAE,1.8896028,1.9872199,0.8486,0.8843364119529724,15.2279005
YB,1,YB_cfg1_des5,5,4,15,ATAQADGTLRISAAE,1.8896028,1.1800159,0.8486,0.8843364119529724,9.327722
YB,1,YB_cfg1_des6,6,1,14,LDPSRATPTLTLAD,0.99259925,1.2600778,0.8292,0.8701402544975281,24.26126
YB,1,YB_cfg1_des6,6,2,13,DTDGDGKLYGDTE,0.99259925,0.9990926,0.8292,0.8701402544975281,8.93571
YB,1,YB_cfg1_des6,6,3,10,SSDGALDRAE,0.99259925,1.0471816,0.8292,0.8701402544975281,10.716039
YB,1,YB_cfg1_des6,6,4,15,FGGATASPLADATTE,0.99259925,0.8710005,0.8292,0.8701402544975281,28.838598
YB,1,YB_cfg1_des7,7,1,14,NITNSSSTADARAE,13.939584,15.308744,0.7128,0.37968066334724426,4.4631257
YB,1,YB_cfg1_des7,7,2,13,DKDGVGGVLSAEE,13.939584,22.51209,0.7128,0.37968066334724426,19.075205
YB,1,YB_cfg1_des7,7,3,10,SDDGVLSRAE,13.939584,14.515231,0.7128,0.37968066334724426,15.490204
YB,1,YB_cfg1_des7,7,4,15,DAPFANGDYGDWTKA,13.939584,12.481021,0.7128,0.37968066334724426,21.592863
YB,1,YB_cfg1_des8,8,1,14,DLDGKGDGKISLAE,1.1387082,1.2531035,0.8521,0.8927701711654663,8.729083
YB,1,YB_cfg1_des8,8,2,13,DKDKKDGTLTAEE,1.1387082,1.8132725,0.8521,0.8927701711654663,2.6785994
YB,1,YB_cfg1_des8,8,3,10,SSDGTLNKAE,1.1387082,1.3716208,0.8521,0.8927701711654663,25.742296
YB,1,YB_cfg1_des8,8,4,15,EAAGTSGDGKLSAAE,1.1387082,1.1556566,0.8521,0.8927701711654663,9.366233
YB,1,YB_cfg1_des9,9,1,14,DLDGDGDGKINLAE,13.44714,15.975418,0.7598,0.6186131834983826,25.956648
YB,1,YB_cfg1_des9,9,2,13,DNKDGSGVLTAEE,13.44714,17.380968,0.7598,0.6186131834983826,2.5073826
YB,1,YB_cfg1_des9,9,3,10,SADGTLNRAE,13.44714,18.614563,0.7598,0.6186131834983826,13.61721
YB,1,YB_cfg1_des9,9,4,15,EASGAAKDGKINAAE,13.44714,12.521585,0.7598,0.6186131834983826,17.052334
YB,1,YB_cfg1_des10,10,1,14,GWTDNDTAAAILAE,15.478902,17.804132,0.7211,0.3865661025047302,20.683464
YB,1,YB_cfg1_des10,10,2,13,DNGDGSGTLTAEE,15.478902,24.11014,0.7211,0.3865661025047302,6.390412
YB,1,YB_cfg1_des10,10,3,10,SDDGTMSRAE,15.478902,14.757324,0.7211,0.3865661025047302,3.5027761
YB,1,YB_cfg1_des10,10,4,15,NGGTTQDTAAQLAAE,15.478902,11.913146,0.7211,0.3865661025047302,20.679691
YB,1,YB_cfg1_des11,11,1,14,ATVEGGEPVLSLAE,2.335894,2.6356113,0.8286,0.844580888748169,23.2096
YB,1,YB_cfg1_des11,11,2,13,DKDGDGKTLTAEE,2.335894,1.1233839,0.8286,0.844580888748169,15.318311
YB,1,YB_cfg1_des11,11,3,10,SSSGTLTRAE,2.335894,1.9621269,0.8286,0.844580888748169,22.114412
YB,1,YB_cfg1_des11,11,4,15,TGGATSHPAAEAAVE,2.335894,3.145213,0.8286,0.844580888748169,13.2569475
YB,1,YB_cfg1_des12,12,1,14,AAETAAGACLSLAE,3.7867334,7.0743947,0.8309,0.8567781448364258,18.765219
YB,1,YB_cfg1_des12,12,2,13,DKNGDGKTLSAEE,3.7867334,2.1448126,0.8309,0.8567781448364258,2.877022
YB,1,YB_cfg1_des12,12,3,10,APDGLLTRAE,3.7867334,3.1762476,0.8309,0.8567781448364258,4.102209
YB,1,YB_cfg1_des12,12,4,15,TGGATVSCGAAAAAE,3.7867334,2.3226693,0.8309,0.8567781448364258,24.353247
YB,1,YB_cfg1_des13,13,1,14,DPDGDTSYAARLAE,10.401621,9.116262,0.7632,0.6605269908905029,26.958557
YB,1,YB_cfg1_des13,13,2,13,SQANGDGRLTAEE,10.401621,2.9241068,0.7632,0.6605269908905029,14.802502
YB,1,YB_cfg1_des13,13,3,10,SADGTLSRAE,10.401621,3.6327806,0.7632,0.6605269908905029,14.036847
YB,1,YB_cfg1_des13,13,4,15,TGGTSAASVAAAAAE,10.401621,14.382507,0.7632,0.6605269908905029,18.655523
YB,1,YB_cfg1_des14,14,1,14,QDPAVSPGGLSLAE,2.3902886,4.0646744,0.8173,0.8349990248680115,20.914228
YB,1,YB_cfg1_des14,14,2,13,DAADGDGTLSAAE,2.3902886,1.1200972,0.8173,0.8349990248680115,10.8577385
YB,1,YB_cfg1_des14,14,3,10,SDGDTLTRAE,2.3902886,1.7968245,0.8173,0.8349990248680115,4.9916058
YB,1,YB_cfg1_des14,14,4,15,TGGATESYGAAAAAE,2.3902886,3.7661538,0.8173,0.8349990248680115,28.174105
YB,2,YB_cfg2_des0,0,1,15,DFDNNPTNAAAVRAE,3.2811995,6.978921,0.8319,0.8409030437469482,9.472453
YB,2,YB_cfg2_des0,0,2,13,AAADGDGKLSAEE,3.2811995,1.4996438,0.8319,0.8409030437469482,27.296425
YB,2,YB_cfg2_des0,0,3,12,DKNGDGVLSRDE,3.2811995,0.9814159,0.8319,0.8409030437469482,9.393913
YB,2,YB_cfg2_des0,0,4,13,FSTTTSLADAQAE,3.2811995,2.1003504,0.8319,0.8409030437469482,26.78022
YB,2,YB_cfg2_des1,1,1,15,GIAASGDAEDAALAE,2.8611107,5.4616494,0.8215,0.8465767502784729,5.3244677
YB,2,YB_cfg2_des1,1,2,13,NAADGDGVLTAEE,2.8611107,0.9093641,0.8215,0.8465767502784729,29.834505
YB,2,YB_cfg2_des1,1,3,12,DANGDGKLDRAE,2.8611107,1.057747,0.8215,0.8465767502784729,9.786058
YB,2,YB_cfg2_des1,1,4,13,SNKTGDGVFTAAE,2.8611107,3.2287996,0.8215,0.8465767502784729,26.759058
YB,2,YB_cfg2_des2,2,1,15,NTDTANPTAAEFLPE,2.544107,4.7304473,0.8262,0.849897563457489,10.761609
YB,2,YB_cfg2_des2,2,2,13,SSGDGDGVLTAEE,2.544107,0.7534731,0.8262,0.849897563457489,30.553595
YB,2,YB_cfg2_des2,2,3,12,DANGDGVLSRDE,2.544107,1.1545919,0.8262,0.849897563457489,2.4014256
YB,2,YB_cfg2_des2,2,4,13,TGGDLDSPFTAAE,2.544107,0.99623847,0.8262,0.849897563457489,30.213251
YB,2,YB_cfg2_des3,3,1,15,ADPASGDATTISLAE,1.4875281,2.3037238,0.8442,0.8633244633674622,23.093079
YB,2,YB_cfg2_des3,3,2,13,RKDPSRDTLTAEE,1.4875281,1.0597404,0.8442,0.8633244633674622,8.296397
YB,2,YB_cfg2_des3,3,3,12,DANKDGTLSRAE,1.4875281,1.4956836,0.8442,0.8633244633674622,25.309298
YB,2,YB_cfg2_des3,3,4,13,AGDDPSQTLNAAE,1.4875281,1.5949765,0.8442,0.8633244633674622,7.458529
YB,2,YB_cfg2_des4,4,1,15,DFDGDGVIDDATVWE,0.98851115,0.91046214,0.8169,0.8732506632804871,24.696365
YB,2,YB_cfg2_des4,4,2,13,SAADGDGKLSAEE,0.98851115,0.722106,0.8169,0.8732506632804871,30.353815
YB,2,YB_cfg2_des4,4,3,12,DKNGDGVLSRDE,0.98851115,0.86504835,0.8169,0.8732506632804871,2.4027104
YB,2,YB_cfg2_des4,4,4,13,RDTYGDGVLDAAE,0.98851115,1.4334702,0.8169,0.8732506632804871,10.053263
YB,2,YB_cfg2_des5,5,1,15,ESNPAAPTAASARAD,2.6944876,4.6329207,0.8056,0.7977268695831299,4.7704644
YB,2,YB_cfg2_des5,5,2,13,AAPDGDGKLSAEE,2.6944876,0.82241565,0.8056,0.7977268695831299,24.100657
YB,2,YB_cfg2_des5,5,3,12,DANGDGVLSRDE,2.6944876,0.91692704,0.8056,0.7977268695831299,9.515671
YB,2,YB_cfg2_des5,5,4,13,NSGVTSAAELAAA,2.6944876,2.35008,0.8056,0.7977268695831299,27.439583
YB,2,YB_cfg2_des6,6,1,15,AAGSATGDGQIDLAE,1.7624735,2.8979251,0.8438,0.8677769899368286,8.14318
YB,2,YB_cfg2_des6,6,2,13,DKDGDGKALTAEE,1.7624735,1.7057983,0.8438,0.8677769899368286,2.7710993
YB,2,YB_cfg2_des6,6,3,12,DKNGDGVLSRDE,1.7624735,1.7910151,0.8438,0.8677769899368286,26.708038
YB,2,YB_cfg2_des6,6,4,13,DGAAGDGKLDAAE,1.7624735,1.274826,0.8438,0.8677769899368286,26.73261
YB,2,YB_cfg2_des7,7,1,15,TVYSATGDGKIDLAA,3.0468068,4.9238067,0.8334,0.8515108823776245,9.974722
YB,2,YB_cfg2_des7,7,2,13,DVNGDGKGLTAEE,3.0468068,2.5439703,0.8334,0.8515108823776245,26.976562
YB,2,YB_cfg2_des7,7,3,12,DKDGNGILTRDE,3.0468068,2.7592611,0.8334,0.8515108823776245,9.813594
YB,2,YB_cfg2_des7,7,4,13,SAASGDGVLDAAE,3.0468068,1.6971393,0.8334,0.8515108823776245,26.249313
YB,2,YB_cfg2_des8,8,1,15,DADGANTSRAQRLAE,4.2910213,3.7129586,0.8027,0.8096137046813965,12.465457
YB,2,YB_cfg2_des8,8,2,13,SAVDGDGKLSAEE,4.2910213,1.667298,0.8027,0.8096137046813965,30.990015
YB,2,YB_cfg2_des8,8,3,12,DKNGDGVLSRDE,4.2910213,1.6253474,0.8027,0.8096137046813965,9.563275
YB,2,YB_cfg2_des8,8,4,13,DPADSPLSAIPAE,4.2910213,9.441094,0.8027,0.8096137046813965,27.572084
YB,2,YB_cfg2_des9,9,1,15,TGNDATGDGTISLAE,2.0908484,3.4756556,0.8517,0.8967077732086182,22.680695
YB,2,YB_cfg2_des9,9,2,13,DTDPASGKLTAEE,2.0908484,1.939496,0.8517,0.8967077732086182,2.7411935
YB,2,YB_cfg2_des9,9,3,12,DADGDGVLSRAE,2.0908484,1.4963019,0.8517,0.8967077732086182,23.840006
YB,2,YB_cfg2_des9,9,4,13,DAANNDGKIDAAE,2.0908484,0.9846767,0.8517,0.8967077732086182,9.499607
YB,2,YB_cfg2_des10,10,1,15,DFDGDTTSLAAQRAE,3.7134495,3.9335794,0.7725,0.763659656047821,2.4302957
YB,2,YB_cfg2_des10,10,2,13,AAADGDGKLSAEE,3.7134495,2.773337,0.7725,0.763659656047821,27.368034
YB,2,YB_cfg2_des10,10,3,12,DANGDGLLDRAE,3.7134495,2.7505355,0.7725,0.763659656047821,9.233523
YB,2,YB_cfg2_des10,10,4,13,EEELGPDATAAQE,3.7134495,4.114118,0.7725,0.763659656047821,24.817797
YB,2,YB_cfg2_des11,11,1,15,TVYSATGDGLIDLAE,1.6692996,2.1901937,0.8487,0.8793361783027649,3.099704
YB,2,YB_cfg2_des11,11,2,13,SAGNGDGVLSAEE,1.6692996,1.3439898,0.8487,0.8793361783027649,28.641304
YB,2,YB_cfg2_des11,11,3,12,DKDGSGKLNRPE,1.6692996,1.6129378,0.8487,0.8793361783027649,2.4805062
YB,2,YB_cfg2_des11,11,4,13,QGGDGDGKISAAE,1.6692996,1.8321561,0.8487,0.8793361783027649,2.615522
YB,2,YB_cfg2_des12,12,1,15,GIDPTTSTDAEVRAE,1.4037572,2.1544416,0.8452,0.8828109502792358,8.79506
YB,2,YB_cfg2_des12,12,2,13,SAADGDGKLSAEE,1.4037572,0.96206003,0.8452,0.8828109502792358,30.09804
YB,2,YB_cfg2_des12,12,3,12,DKNGDGVLSRDE,1.4037572,1.2425908,0.8452,0.8828109502792358,9.442349
YB,2,YB_cfg2_des12,12,4,13,EAVDTGASDWAAA,1.4037572,1.7161125,0.8452,0.8828109502792358,27.177065
YB,2,YB_cfg2_des13,13,1,15,TAGDATGDGRVDLAE,2.4252489,3.9121792,0.8248,0.8686510324478149,23.481333
YB,2,YB_cfg2_des13,13,2,13,EGGDGDGVLTAAE,2.4252489,2.2828598,0.8248,0.8686510324478149,9.889788
YB,2,YB_cfg2_des13,13,3,12,DKNGDGVLTRDE,2.4252489,2.0046494,0.8248,0.8686510324478149,22.751383
YB,2,YB_cfg2_des13,13,4,13,EGADADGTLDAAE,2.4252489,1.4510036,0.8248,0.8686510324478149,2.5218265
YB,2,YB_cfg2_des14,14,1,15,GFDNDTSNTAAHLAE,7.4909897,8.968731,0.7886,0.7694719433784485,5.911282
YB,2,YB_cfg2_des14,14,2,13,DVNKDGTSLTAEE,7.4909897,3.6551993,0.7886,0.7694719433784485,32.752354
YB,2,YB_cfg2_des14,14,3,12,DANKDGTLSRAE,7.4909897,3.5079865,0.7886,0.7694719433784485,9.126152
YB,2,YB_cfg2_des14,14,4,13,EDAGASFSSVAEE,7.4909897,6.7936935,0.7886,0.7694719433784485,23.38413
YB,3,YB_cfg3_des0,0,1,11,AGADGRLSLAE,5.1966777,6.9198823,0.7756,0.6568779945373535,26.757805
YB,3,YB_cfg3_des0,0,2,11,SNGDGTLTAEE,5.1966777,2.7171254,0.7756,0.6568779945373535,32.574203
YB,3,YB_cfg3_des0,0,3,15,SANGANKDGTLSRAE,5.1966777,4.73571,0.7756,0.6568779945373535,10.279038
YB,3,YB_cfg3_des0,0,4,12,RDPLPDASDAQE,5.1966777,6.145121,0.7756,0.6568779945373535,14.433856
YB,3,YB_cfg3_des1,1,1,11,DADGTGLTLAE,1.4658031,1.3243698,0.8403,0.8693190217018127,24.48236
YB,3,YB_cfg3_des1,1,2,11,DNGDGYLSAEE,1.4658031,0.93756837,0.8403,0.8693190217018127,10.67002
YB,3,YB_cfg3_des1,1,3,15,DYDGSGDPTKLSRAE,1.4658031,2.2224495,0.8403,0.8693190217018127,22.577063
YB,3,YB_cfg3_des1,1,4,12,EAEEPSGDKAAE,1.4658031,1.348238,0.8403,0.8693190217018127,28.540953
YB,3,YB_cfg3_des2,2,1,11,SDGDGVISLAE,1.2966369,1.2749641,0.8349,0.8606385588645935,9.668185
YB,3,YB_cfg3_des2,2,2,11,SNGDGTLDAAE,1.2966369,1.2660829,0.8349,0.8606385588645935,9.468865
YB,3,YB_cfg3_des2,2,3,15,TGYDGDNDGKLSRAA,1.2966369,1.8115501,0.8349,0.8606385588645935,10.172725
YB,3,YB_cfg3_des2,2,4,12,DADGSGALDAAE,1.2966369,1.0686728,0.8349,0.8606385588645935,9.782842
YB,3,YB_cfg3_des3,3,1,11,SDGSGTISLAE,1.7503201,1.2963624,0.8422,0.8549242615699768,23.304565
YB,3,YB_cfg3_des3,3,2,11,SNGDGYLSAEE,1.7503201,1.1854075,0.8422,0.8549242615699768,2.6425195
YB,3,YB_cfg3_des3,3,3,15,DLDGDGDPTKLSRAE,1.7503201,3.4669812,0.8422,0.8549242615699768,23.813194
YB,3,YB_cfg3_des3,3,4,12,DTNGDGALSAAE,1.7503201,1.2390689,0.8422,0.8549242615699768,2.3350391
YB,3,YB_cfg3_des4,4,1,11,SDGDGVISLAE,1.141869,0.9974202,0.8376,0.8786370158195496,9.834242
YB,3,YB_cfg3_des4,4,2,11,SGGASTLSAAE,1.141869,1.1116503,0.8376,0.8786370158195496,26.824135
YB,3,YB_cfg3_des4,4,3,15,DSNAAQGDRTLTRAE,1.141869,1.6128815,0.8376,0.8786370158195496,2.9524317
YB,3,YB_cfg3_des4,4,4,12,DADGNGVLDAAE,1.141869,0.90123045,0.8376,0.8786370158195496,32.674496
YB,3,YB_cfg3_des5,5,1,11,SDGSGTISLAE,1.6062433,1.2163618,0.8554,0.9056010842323303,9.122261
YB,3,YB_cfg3_des5,5,2,11,SKDGKSLSAEE,1.6062433,1.081265,0.8554,0.9056010842323303,27.01149
YB,3,YB_cfg3_des5,5,3,15,CGFDGDGDGKLSRAE,1.6062433,2.1493013,0.8554,0.9056010842323303,3.7618945
YB,3,YB_cfg3_des5,5,4,12,DADGNGVISAAE,1.6062433,0.88366693,0.8554,0.9056010842323303,26.931463
YB,3,YB_cfg3_des6,6,1,11,SDGDGVISLAE,2.296928,1.6713225,0.8376,0.8462275862693787,9.884637
YB,3,YB_cfg3_des6,6,2,11,SNGDGTISAEE,2.296928,1.4350753,0.8376,0.8462275862693787,31.235518
YB,3,YB_cfg3_des6,6,3,15,DYDGKSGGKALSRAE,2.296928,3.8749757,0.8376,0.8462275862693787,22.886145
YB,3,YB_cfg3_des6,6,4,12,DANGDGVLDAAE,2.296928,1.4339293,0.8376,0.8462275862693787,11.350014
YB,3,YB_cfg3_des7,7,1,11,DDGDGVLTLAE,2.6853778,2.2378178,0.841,0.8722412586212158,22.946573
YB,3,YB_cfg3_des7,7,2,11,SNGDGVLSAEE,2.6853778,2.6504657,0.841,0.8722412586212158,3.1038778
YB,3,YB_cfg3_des7,7,3,15,NTGDGNGADKLSRAE,2.6853778,4.2134814,0.841,0.8722412586212158,24.854462
YB,3,YB_cfg3_des7,7,4,12,EAEGAGKNDAEE,2.6853778,3.7739103,0.841,0.8722412586212158,9.381931
YB,3,YB_cfg3_des8,8,1,11,SDGDGTISLAE,2.1354403,1.8916075,0.8512,0.8782039880752563,2.8964682
YB,3,YB_cfg3_des8,8,2,11,DNGDGTLSAEE,2.1354403,1.1936357,0.8512,0.8782039880752563,29.05577
YB,3,YB_cfg3_des8,8,3,15,LAADINGNGKLVRPE,2.1354403,2.8426871,0.8512,0.8782039880752563,9.169375
YB,3,YB_cfg3_des8,8,4,12,DANGDGVLDAAE,2.1354403,1.4411709,0.8512,0.8782039880752563,27.430136
YB,3,YB_cfg3_des9,9,1,11,SDGDGTISLAE,1.9497474,2.0957923,0.8381,0.8827748894691467,23.681116
YB,3,YB_cfg3_des9,9,2,11,DNGDGKLGAAE,1.9497474,1.118707,0.8381,0.8827748894691467,2.607604
YB,3,YB_cfg3_des9,9,3,15,DALCADGDGTLDRAA,1.9497474,2.8108146,0.8381,0.8827748894691467,3.4891894
YB,3,YB_cfg3_des9,9,4,12,EAAGAGVFGAAA,1.9497474,2.8962643,0.8381,0.8827748894691467,10.068168
YB,3,YB_cfg3_des10,10,1,11,DDGDGVISLAE,2.2532108,1.623559,0.8533,0.890252947807312,14.142506
YB,3,YB_cfg3_des10,10,2,11,DNGDGKLTAAE,2.2532108,0.9243743,0.8533,0.890252947807312,2.6351926
YB,3,YB_cfg3_des10,10,3,15,SGKAGKADGTLNRAE,2.2532108,4.106809,0.8533,0.890252947807312,22.916254
YB,3,YB_cfg3_des10,10,4,12,DANGDGVLTAAE,2.2532108,1.877258,0.8533,0.890252947807312,2.352185
YB,3,YB_cfg3_des11,11,1,11,DDGDGVISLAE,2.8498533,1.70636,0.8603,0.8847403526306152,13.238811
YB,3,YB_cfg3_des11,11,2,11,SNGDGVLTAEE,2.8498533,2.3888571,0.8603,0.8847403526306152,2.6912487
YB,3,YB_cfg3_des11,11,3,15,DLDPSSPAGTLSRAE,2.8498533,5.6273794,0.8603,0.8847403526306152,23.428148
YB,3,YB_cfg3_des11,11,4,12,DTNGDGVITAAE,2.8498533,1.1402103,0.8603,0.8847403526306152,2.3617134
YB,3,YB_cfg3_des12,12,1,11,DDGDGVISLAE,2.1392028,1.6383617,0.8566,0.8688909411430359,30.05857
YB,3,YB_cfg3_des12,12,2,11,SKDGTSLTPEE,2.1392028,1.2360872,0.8566,0.8688909411430359,11.3518095
YB,3,YB_cfg3_des12,12,3,15,DKDNDGNPPTLSRAE,2.1392028,4.3328424,0.8566,0.8688909411430359,23.551315
YB,3,YB_cfg3_des12,12,4,12,DANGDGVLNAAE,2.1392028,1.0683665,0.8566,0.8688909411430359,2.3302095
YB,3,YB_cfg3_des13,13,1,11,SDGSGTISLAE,2.4147465,2.3348436,0.832,0.8318944573402405,23.734169
YB,3,YB_cfg3_des13,13,2,11,SNGDGTLSAEE,2.4147465,1.693808,0.832,0.8318944573402405,3.6895688
YB,3,YB_cfg3_des13,13,3,15,DYDGKSNGKALSRAE,2.4147465,3.7354407,0.832,0.8318944573402405,22.153702
YB,3,YB_cfg3_des13,13,4,12,DANGDGVLNAAE,2.4147465,1.6190712,0.832,0.8318944573402405,2.3471909
YB,3,YB_cfg3_des14,14,1,11,SDGSGTISLAE,1.9628589,1.7842532,0.8382,0.8812358379364014,19.257303
YB,3,YB_cfg3_des14,14,2,11,SNGDGTLSAEE,1.9628589,1.7792193,0.8382,0.8812358379364014,2.7287638
YB,3,YB_cfg3_des14,14,3,15,SNLDGRNDGKLNRAE,1.9628589,2.4239564,0.8382,0.8812358379364014,2.6067288
YB,3,YB_cfg3_des14,14,4,12,DANGDGVLSAAE,1.9628589,1.5840209,0.8382,0.8812358379364014,2.383455
YB,4,YB_cfg4_des0,0,1,10,SSDGTISLAE,0.9822386,1.0906153,0.8589,0.9020699262619019,8.622004
YB,4,YB_cfg4_des0,0,2,11,DDGNGVLSAAE,0.9822386,0.89524275,0.8589,0.9020699262619019,29.193033
YB,4,YB_cfg4_des0,0,3,15,STGADGDPNTLTRAE,0.9822386,1.2003735,0.8589,0.9020699262619019,8.780246
YB,4,YB_cfg4_des0,0,4,14,DAGTDGDGKLNAAE,0.9822386,1.1546475,0.8589,0.9020699262619019,26.842314
YB,4,YB_cfg4_des1,1,1,10,STDGKISLAE,3.530157,4.5081124,0.8443,0.8468074798583984,3.6528237
YB,4,YB_cfg4_des1,1,2,11,SHGRDSLSAEE,3.530157,1.2233164,0.8443,0.8468074798583984,29.040716
YB,4,YB_cfg4_des1,1,3,15,DADPATKGKELSRAE,3.530157,5.2268715,0.8443,0.8468074798583984,15.895881
YB,4,YB_cfg4_des1,1,4,14,DATGNGDGVIDAAS,3.530157,2.479051,0.8443,0.8468074798583984,26.65033
YB,4,YB_cfg4_des2,2,1,10,DTPGVSRRAE,3.3421025,2.9963455,0.8034,0.8304956555366516,14.257531
YB,4,YB_cfg4_des2,2,2,11,SNGDGYLSAEE,3.3421025,2.3358757,0.8034,0.8304956555366516,29.513985
YB,4,YB_cfg4_des2,2,3,15,LGDDADGSGKLNRAE,3.3421025,6.340206,0.8034,0.8304956555366516,4.9326196
YB,4,YB_cfg4_des2,2,4,14,DPDGSEDDAALAAE,3.3421025,2.124178,0.8034,0.8304956555366516,29.780336
YB,4,YB_cfg4_des3,3,1,10,TTDGTLTLAE,6.49985,6.977845,0.7642,0.6474921703338623,17.40354
YB,4,YB_cfg4_des3,3,2,11,TGGSGWLSAEE,6.49985,3.1920538,0.7642,0.6474921703338623,22.498983
YB,4,YB_cfg4_des3,3,3,15,DLDGKAPGKALSRAE,6.49985,5.6821146,0.7642,0.6474921703338623,23.635475
YB,4,YB_cfg4_des3,3,4,14,TAPGVAQGLSDAQE,6.49985,8.760436,0.7642,0.6474921703338623,14.903922
YB,4,YB_cfg4_des4,4,1,10,DTDGKLTRAE,3.5472963,1.7845818,0.817,0.7962177991867065,13.203831
YB,4,YB_cfg4_des4,4,2,11,DNGDGVLTAEE,3.5472963,1.8626848,0.817,0.7962177991867065,29.813631
YB,4,YB_cfg4_des4,4,3,15,DFLGKKDGKSLSREE,3.5472963,4.2385817,0.817,0.7962177991867065,9.250349
YB,4,YB_cfg4_des4,4,4,14,GFEDGDSAAAAAAE,3.5472963,4.004082,0.817,0.7962177991867065,8.291756
YB,4,YB_cfg4_des5,5,1,10,SSDGTISLAE,1.10048,0.9343392,0.851,0.9011134505271912,23.318283
YB,4,YB_cfg4_des5,5,2,11,DNGDGVLSAEE,1.10048,0.85427386,0.851,0.9011134505271912,2.4286382
YB,4,YB_cfg4_des5,5,3,15,DTGGDKDGKHLTRAE,1.10048,1.5954548,0.851,0.9011134505271912,23.344408
YB,4,YB_cfg4_des5,5,4,14,DATGNSDGTLDAAE,1.10048,1.1375538,0.851,0.9011134505271912,8.838342
YB,4,YB_cfg4_des6,6,1,10,SSDGTISLAE,15.414588,14.958848,0.7284,0.3685779869556427,14.001931
YB,4,YB_cfg4_des6,6,2,11,SDGSGYLTAEE,15.414588,11.658769,0.7284,0.3685779869556427,16.62021
YB,4,YB_cfg4_des6,6,3,15,NTLASGKSDALNRAE,15.414588,18.882046,0.7284,0.3685779869556427,5.293542
YB,4,YB_cfg4_des6,6,4,14,VAAGSATLVITAAE,15.414588,18.693348,0.7284,0.3685779869556427,11.6746435
YB,4,YB_cfg4_des7,7,1,10,SADGLISLAE,2.2741895,1.3950818,0.8141,0.8107441663742065,10.154316
YB,4,YB_cfg4_des7,7,2,11,HTTPGASVIDE,2.2741895,2.9483466,0.8141,0.8107441663742065,11.910912
YB,4,YB_cfg4_des7,7,3,15,DYDKDGSDKYLSRPE,2.2741895,3.4531689,0.8141,0.8107441663742065,2.8972652
YB,4,YB_cfg4_des7,7,4,14,DVGGATPGLLSAAE,2.2741895,1.6648929,0.8141,0.8107441663742065,9.398012
YB,4,YB_cfg4_des8,8,1,10,STDGTLTLAE,8.435393,7.442925,0.7758,0.7109795808792114,26.268394
YB,4,YB_cfg4_des8,8,2,11,SDGTDFLTAEE,8.435393,4.2468767,0.7758,0.7109795808792114,15.26326
YB,4,YB_cfg4_des8,8,3,15,DKDGPPGSLTISRAE,8.435393,8.363986,0.7758,0.7109795808792114,21.993353
YB,4,YB_cfg4_des8,8,4,14,RDPADAAGLSEAQA,8.435393,12.095405,0.7758,0.7109795808792114,16.67133
YB,4,YB_cfg4_des9,9,1,10,SADGLISRAE,1.6086367,1.4565804,0.8345,0.8749179244041443,24.958672
YB,4,YB_cfg4_des9,9,2,11,SDGDGKLSAEE,1.6086367,1.1330949,0.8345,0.8749179244041443,8.150214
YB,4,YB_cfg4_des9,9,3,15,DALDPDKDGKLDRAA,1.6086367,1.7519206,0.8345,0.8749179244041443,23.572493
YB,4,YB_cfg4_des9,9,4,14,TAGSADKTALTAAE,1.6086367,1.1984116,0.8345,0.8749179244041443,3.1220987
YB,4,YB_cfg4_des10,10,1,10,STDGRLSLAE,2.911975,1.7251049,0.8343,0.8652925491333008,9.71288
YB,4,YB_cfg4_des10,10,2,11,SNGDGLLSAEE,2.911975,1.6912966,0.8343,0.8652925491333008,33.304638
YB,4,YB_cfg4_des10,10,3,15,NTMASGKSDALDRAE,2.911975,5.369503,0.8343,0.8652925491333008,4.6476707
YB,4,YB_cfg4_des10,10,4,14,DAVGDGDGVLSAAE,2.911975,1.967612,0.8343,0.8652925491333008,29.708994
YB,4,YB_cfg4_des11,11,1,10,DADGRWQRAE,4.4507184,9.009292,0.801,0.8322017192840576,5.9006906
YB,4,YB_cfg4_des11,11,2,11,SNGDGVLSAEE,4.4507184,1.9092325,0.801,0.8322017192840576,17.28348
YB,4,YB_cfg4_des11,11,3,15,STGADGDPTKLTRAE,4.4507184,3.0463614,0.801,0.8322017192840576,3.2699587
YB,4,YB_cfg4_des11,11,4,14,GFADGDPAAAAAVE,4.4507184,7.3402796,0.801,0.8322017192840576,29.751505
YB,4,YB_cfg4_des12,12,1,10,GSDGTISLAE,1.9119514,1.0951306,0.8335,0.8821958899497986,3.0792868
YB,4,YB_cfg4_des12,12,2,11,SDGSGYLSAEE,1.9119514,1.033148,0.8335,0.8821958899497986,4.865261
YB,4,YB_cfg4_des12,12,3,15,DGQDGVHDGKLSRPE,1.9119514,1.16553,0.8335,0.8821958899497986,2.8798409
YB,4,YB_cfg4_des12,12,4,14,AASGDISDPLTAAE,1.9119514,4.1266065,0.8335,0.8821958899497986,27.845602
YB,4,YB_cfg4_des13,13,1,10,GADGTISLAE,2.4695206,2.9364529,0.8327,0.8483954071998596,17.599512
YB,4,YB_cfg4_des13,13,2,11,SDGSGKLSAAE,2.4695206,1.900545,0.8327,0.8483954071998596,31.374496
YB,4,YB_cfg4_des13,13,3,15,DADKRGDNATLSRAE,2.4695206,3.0254745,0.8327,0.8483954071998596,9.787477
YB,4,YB_cfg4_des13,13,4,14,DAGGGGSGVLDAAE,2.4695206,1.9027971,0.8327,0.8483954071998596,2.8771076
YB,4,YB_cfg4_des14,14,1,10,SSDGRISRAE,2.6634352,4.1209993,0.8228,0.8568607568740845,21.833641
YB,4,YB_cfg4_des14,14,2,11,SDGNGVLTAAE,2.6634352,1.4398209,0.8228,0.8568607568740845,11.289662
YB,4,YB_cfg4_des14,14,3,15,ATNDTAGKNTLDRAE,2.6634352,2.9661846,0.8228,0.8568607568740845,23.53213
YB,4,YB_cfg4_des14,14,4,14,QVDADGDGVLSAAE,2.6634352,2.6873848,0.8228,0.8568607568740845,3.8830843
LU,0,LU_cfg0_des0,0,1,15,DDPAASTDGKLSLAE,1.7443395,2.5028913,0.8407,0.8730601072311401,2.8769772
LU,0,LU_cfg0_des0,0,2,11,NPNGGDLTAAE,1.7443395,2.689175,0.8407,0.8730601072311401,8.784365
LU,0,LU_cfg0_des0,0,3,11,SDDGKALSRAE,1.7443395,1.6285361,0.8407,0.8730601072311401,3.471985
LU,0,LU_cfg0_des0,0,4,15,AATDPAQDGKLNAAE,1.7443395,1.4628904,0.8407,0.8730601072311401,2.7186115
LU,0,LU_cfg0_des1,1,1,15,SDGTTGGGTVISLAE,1.4705093,1.775079,0.8475,0.8980154991149902,8.529152
LU,0,LU_cfg0_des1,1,2,11,SGGSGTLSAAE,1.4705093,1.3090827,0.8475,0.8980154991149902,32.688
LU,0,LU_cfg0_des1,1,3,11,SNGDGVLSRAE,1.4705093,2.3733718,0.8475,0.8980154991149902,28.652206
LU,0,LU_cfg0_des1,1,4,15,EAAGPTGDGLLSAAE,1.4705093,1.8617476,0.8475,0.8980154991149902,26.059855
LU,0,LU_cfg0_des2,2,1,15,DDTSATDTAAAVLAE,1.996048,2.972169,0.8262,0.8571410775184631,22.965704
LU,0,LU_cfg0_des2,2,2,11,SDGDGTLSAAE,1.996048,0.8140715,0.8262,0.8571410775184631,31.275305
LU,0,LU_cfg0_des2,2,3,11,SNGDDTLSRAE,1.996048,2.68835,0.8262,0.8571410775184631,27.1158
LU,0,LU_cfg0_des2,2,4,15,FGDEATHTYAEKVAE,1.996048,1.166629,0.8262,0.8571410775184631,30.587341
LU,0,LU_cfg0_des3,3,1,15,AADLASTSRAEWLAE,3.8514493,4.2654004,0.8052,0.8403029441833496,5.0375743
LU,0,LU_cfg0_des3,3,2,11,DKKDGTADADE,3.8514493,5.2950544,0.8052,0.8403029441833496,5.4791865
LU,0,LU_cfg0_des3,3,3,11,SDGNGKLTKAE,3.8514493,3.7140727,0.8052,0.8403029441833496,24.181265
LU,0,LU_cfg0_des3,3,4,15,FDASADDSRAAREAE,3.8514493,2.7953985,0.8052,0.8403029441833496,26.89216
LU,0,LU_cfg0_des4,4,1,15,AGYDPDKDGGLSLEA,1.5693208,1.7548119,0.7971,0.8514471650123596,3.0357182
LU,0,LU_cfg0_des4,4,2,11,SDGDGTLSAAE,1.5693208,1.2159384,0.7971,0.8514471650123596,8.962344
LU,0,LU_cfg0_des4,4,3,11,DNGDGVLSRAE,1.5693208,1.5837963,0.7971,0.8514471650123596,22.028963
LU,0,LU_cfg0_des4,4,4,15,TGGDTRDLGAEAEAE,1.5693208,2.193008,0.7971,0.8514471650123596,29.651192
LU,0,LU_cfg0_des5,5,1,15,TDGKSSYTAAELLAE,1.4398329,1.5627754,0.8216,0.8589509725570679,7.6590133
LU,0,LU_cfg0_des5,5,2,11,DDGSGKLSAAE,1.4398329,0.86870664,0.8216,0.8589509725570679,27.31595
LU,0,LU_cfg0_des5,5,3,11,SNGDGTLDRAE,1.4398329,1.4498473,0.8216,0.8589509725570679,3.1009674
LU,0,LU_cfg0_des5,5,4,15,NGDSTEDTAAQVAAE,1.4398329,2.0018852,0.8216,0.8589509725570679,28.304033
LU,0,LU_cfg0_des6,6,1,15,TTADTDGDGRIDLAE,1.8114053,3.02738,0.8205,0.8997796177864075,23.393036
LU,0,LU_cfg0_des6,6,2,11,DDGDGTLSAAE,1.8114053,1.4220902,0.8205,0.8997796177864075,9.412691
LU,0,LU_cfg0_des6,6,3,11,EDGDGVLDRAE,1.8114053,1.4719836,0.8205,0.8997796177864075,9.646567
LU,0,LU_cfg0_des6,6,4,15,AGVDGRNDGVLDAAE,1.8114053,0.8332336,0.8205,0.8997796177864075,9.445268
LU,0,LU_cfg0_des7,7,1,15,DFDDADGDGKISLAE,2.5882394,4.1926117,0.8379,0.9021041989326477,21.219027
LU,0,LU_cfg0_des7,7,2,11,DDGDGTLSAAE,2.5882394,1.6034657,0.8379,0.9021041989326477,10.562416
LU,0,LU_cfg0_des7,7,3,11,SNGDGVLSRAE,2.5882394,2.7408824,0.8379,0.9021041989326477,23.52976
LU,0,LU_cfg0_des7,7,4,15,DAVAGDGDGKLSAAE,2.5882394,1.3843054,0.8379,0.9021041989326477,8.832229
LU,0,LU_cfg0_des8,8,1,15,SSTGAADTAAQRLAE,2.3627894,3.473664,0.8225,0.8692586421966553,23.801397
LU,0,LU_cfg0_des8,8,2,11,DNGDGVLTAAE,2.3627894,0.9801639,0.8225,0.8692586421966553,10.209107
LU,0,LU_cfg0_des8,8,3,11,SNGDGKLDRAE,2.3627894,2.2981284,0.8225,0.8692586421966553,28.945047
LU,0,LU_cfg0_des8,8,4,15,FPGHASDTVAEIAAE,2.3627894,2.3673859,0.8225,0.8692586421966553,27.65377
LU,0,LU_cfg0_des9,9,1,15,DASAGDDTAAQLLAE,2.3168652,3.5485945,0.8175,0.839240312576294,9.881114
LU,0,LU_cfg0_des9,9,2,11,DDGDGTLTAAE,2.3168652,0.75615746,0.8175,0.839240312576294,8.987641
LU,0,LU_cfg0_des9,9,3,11,DDGSGALSRAE,2.3168652,0.95593387,0.8175,0.839240312576294,9.358554
LU,0,LU_cfg0_des9,9,4,15,SDGKAVDTPAERAAE,2.3168652,2.5527306,0.8175,0.839240312576294,32.10019
LU,0,LU_cfg0_des10,10,1,15,DDPADGDAGRISLAE,0.9355583,1.204882,0.8324,0.8964892625808716,24.539352
LU,0,LU_cfg0_des10,10,2,11,SDGDGTLSAAE,0.9355583,0.812182,0.8324,0.8964892625808716,8.703303
LU,0,LU_cfg0_des10,10,3,11,DNGDGKLSRAE,0.9355583,0.9329102,0.8324,0.8964892625808716,25.253119
LU,0,LU_cfg0_des10,10,4,15,SDDPDAAAPALSAAE,0.9355583,1.1714329,0.8324,0.8964892625808716,9.550776
LU,0,LU_cfg0_des11,11,1,15,TVYDASGDGKISLEA,2.1645138,3.060347,0.8313,0.8933325409889221,22.300299
LU,0,LU_cfg0_des11,11,2,11,DDGSGTLSAAE,2.1645138,1.4750131,0.8313,0.8933325409889221,27.723951
LU,0,LU_cfg0_des11,11,3,11,DDGDGTLSRAE,2.1645138,1.8130908,0.8313,0.8933325409889221,2.4511416
LU,0,LU_cfg0_des11,11,4,15,EAEGGDGDGLISAAE,2.1645138,1.0613328,0.8313,0.8933325409889221,2.4230385
LU,0,LU_cfg0_des12,12,1,15,GIAAHGDARADNLAE,7.122628,9.967562,0.756,0.7160738110542297,12.952969
LU,0,LU_cfg0_des12,12,2,11,SNGDGYLTAAE,7.122628,5.1221566,0.756,0.7160738110542297,20.528378
LU,0,LU_cfg0_des12,12,3,11,DGGSGRLSRAE,7.122628,4.6172223,0.756,0.7160738110542297,14.539532
LU,0,LU_cfg0_des12,12,4,15,EATAPVPGVSDNRVE,7.122628,6.800878,0.756,0.7160738110542297,23.25981
LU,0,LU_cfg0_des13,13,1,15,SADTGTQASADLLAE,1.9236856,2.2647066,0.8342,0.8858066201210022,5.618805
LU,0,LU_cfg0_des13,13,2,11,DDGDGTLTAAE,1.9236856,1.1217232,0.8342,0.8858066201210022,9.611565
LU,0,LU_cfg0_des13,13,3,11,ANGSDSLDRAE,1.9236856,1.6112026,0.8342,0.8858066201210022,8.842864
LU,0,LU_cfg0_des13,13,4,15,FGDAATHSTAERAAE,1.9236856,1.2880816,0.8342,0.8858066201210022,33.02544
LU,0,LU_cfg0_des14,14,1,15,QANDATGDGKIDLAE,1.9101043,3.0974476,0.8334,0.8958889842033386,7.936033
LU,0,LU_cfg0_des14,14,2,11,DDGDGTLTAAE,1.9101043,1.8687885,0.8334,0.8958889842033386,8.853235
LU,0,LU_cfg0_des14,14,3,11,DNGDGVLDRAE,1.9101043,1.5337942,0.8334,0.8958889842033386,23.478575
LU,0,LU_cfg0_des14,14,4,15,VATDATKDGKIDAAA,1.9101043,1.2383633,0.8334,0.8958889842033386,30.166206
LU,1,LU_cfg1_des0,0,1,10,SSDGDLSLAE,7.2738037,3.6135,0.7754,0.7063189148902893,21.357079
LU,1,LU_cfg1_des0,0,2,13,SAANKDGKLTAEE,7.2738037,6.947498,0.7754,0.7063189148902893,5.089238
LU,1,LU_cfg1_des0,0,3,11,ANGDDSLDRAE,7.2738037,7.310606,0.7754,0.7063189148902893,23.548471
LU,1,LU_cfg1_des0,0,4,15,SNGATLDVGAAAVAE,7.2738037,7.4339814,0.7754,0.7063189148902893,18.27856
LU,1,LU_cfg1_des1,1,1,10,GSDGRISLAE,2.6714346,2.9788506,0.8418,0.8921653032302856,19.92954
LU,1,LU_cfg1_des1,1,2,13,SAADKDGVLSAEE,2.6714346,1.2776729,0.8418,0.8921653032302856,10.297225
LU,1,LU_cfg1_des1,1,3,11,SNGDGKLSRAE,2.6714346,2.629055,0.8418,0.8921653032302856,9.7567
LU,1,LU_cfg1_des1,1,4,15,MEADATADSLLSAAE,2.6714346,4.7190504,0.8418,0.8921653032302856,2.837061
LU,1,LU_cfg1_des2,2,1,10,SSDGTISLAE,1.2176207,1.0291934,0.8441,0.8909568786621094,2.8807118
LU,1,LU_cfg1_des2,2,2,13,DVNKDGGYLSAEE,1.2176207,1.4465486,0.8441,0.8909568786621094,2.8759315
LU,1,LU_cfg1_des2,2,3,11,DDGSGRLSRAE,1.2176207,2.0261323,0.8441,0.8909568786621094,3.315463
LU,1,LU_cfg1_des2,2,4,15,DAADGTGDGVISAAE,1.2176207,0.684065,0.8441,0.8909568786621094,2.576153
LU,1,LU_cfg1_des3,3,1,10,SSDGKISLAE,1.075621,0.7080066,0.8318,0.8957590460777283,9.307332
LU,1,LU_cfg1_des3,3,2,13,VVADGDGVLSAEE,1.075621,1.4107856,0.8318,0.8957590460777283,2.5195324
LU,1,LU_cfg1_des3,3,3,11,DNGDGTLDRAE,1.075621,1.2896254,0.8318,0.8957590460777283,2.6845958
LU,1,LU_cfg1_des3,3,4,15,EAADGDGDGKLNAAD,1.075621,1.371865,0.8318,0.8957590460777283,2.817147
LU,1,LU_cfg1_des4,4,1,10,STDGTLSLAE,0.8923043,0.96758854,0.8432,0.9089040756225586,23.967829
LU,1,LU_cfg1_des4,4,2,13,DAPDNDGVLSAEE,0.8923043,0.9098732,0.8432,0.9089040756225586,9.123872
LU,1,LU_cfg1_des4,4,3,11,DNGDGKLDRAE,0.8923043,1.1098017,0.8432,0.9089040756225586,24.995995
LU,1,LU_cfg1_des4,4,4,15,EAAGAVKDGTLNAAE,0.8923043,0.9709054,0.8432,0.9089040756225586,9.017465
LU,1,LU_cfg1_des5,5,1,10,SSDGRISLAE,2.298346,3.2998378,0.8431,0.886953592300415,4.147082
LU,1,LU_cfg1_des5,5,2,13,SGKNGDDVLSAEE,2.298346,4.1018434,0.8431,0.886953592300415,31.007257
LU,1,LU_cfg1_des5,5,3,11,ENGDGVLSRAE,2.298346,2.1261094,0.8431,0.886953592300415,27.076498
LU,1,LU_cfg1_des5,5,4,15,EATSATGDGLLDAAE,2.298346,1.7588449,0.8431,0.886953592300415,26.691881
LU,1,LU_cfg1_des6,6,1,10,GSDGTLSLAE,1.5951202,2.534294,0.8385,0.8901633620262146,9.356065
LU,1,LU_cfg1_des6,6,2,13,VAADGDGVLSAEE,1.5951202,1.2119243,0.8385,0.8901633620262146,10.197533
LU,1,LU_cfg1_des6,6,3,11,SNGDGVLSRAE,1.5951202,2.1514018,0.8385,0.8901633620262146,9.715789
LU,1,LU_cfg1_des6,6,4,15,SDPASTDPDVLSAAE,1.5951202,1.1410402,0.8385,0.8901633620262146,10.033222
LU,1,LU_cfg1_des7,7,1,10,SSSGQISLAE,1.791831,2.905901,0.8386,0.8894025087356567,8.977969
LU,1,LU_cfg1_des7,7,2,13,AAADGDGVLSAEE,1.791831,1.836616,0.8386,0.8894025087356567,9.382844
LU,1,LU_cfg1_des7,7,3,11,DNGDGVLSRAE,1.791831,1.9096609,0.8386,0.8894025087356567,26.596802
LU,1,LU_cfg1_des7,7,4,15,TPDESGADALMSAAE,1.791831,2.0361516,0.8386,0.8894025087356567,29.417044
LU,1,LU_cfg1_des8,8,1,10,GSDGTISLAE,2.2681603,2.3972573,0.8375,0.8861530423164368,11.123615
LU,1,LU_cfg1_des8,8,2,13,DTNGDGGKLSAEE,2.2681603,1.4907007,0.8375,0.8861530423164368,11.038798
LU,1,LU_cfg1_des8,8,3,11,SNGDGKLSRAE,2.2681603,2.1114454,0.8375,0.8861530423164368,2.8107138
LU,1,LU_cfg1_des8,8,4,15,RAAGATDSDPLNAAE,2.2681603,4.1855745,0.8375,0.8861530423164368,29.895144
LU,1,LU_cfg1_des9,9,1,10,STDGGLTLAE,1.2148728,2.050709,0.854,0.9025991559028625,24.128946
LU,1,LU_cfg1_des9,9,2,13,AAPSGDGVLSAEE,1.2148728,1.348594,0.854,0.9025991559028625,14.140569
LU,1,LU_cfg1_des9,9,3,11,SDGDGKLSRAE,1.2148728,1.4985027,0.854,0.9025991559028625,2.7356927
LU,1,LU_cfg1_des9,9,4,15,TGGATSLSAAEAAAE,1.2148728,1.0632555,0.854,0.9025991559028625,28.22908
LU,1,LU_cfg1_des10,10,1,10,GSDGTISLAE,1.6386012,2.4872553,0.8461,0.8811265230178833,18.723991
LU,1,LU_cfg1_des10,10,2,13,DKDPSDPTLSAEE,1.6386012,1.6156133,0.8461,0.8811265230178833,24.614143
LU,1,LU_cfg1_des10,10,3,11,EDGSGKLSRAE,1.6386012,1.7923173,0.8461,0.8811265230178833,9.515502
LU,1,LU_cfg1_des10,10,4,15,EATDAAKDGKLDAAA,1.6386012,1.2054907,0.8461,0.8811265230178833,3.0910347
LU,1,LU_cfg1_des11,11,1,10,SSDGRISLAE,1.5928968,2.801207,0.8438,0.8933923840522766,23.088224
LU,1,LU_cfg1_des11,11,2,13,AAADGSGVLSAEE,1.5928968,1.3656123,0.8438,0.8933923840522766,31.367289
LU,1,LU_cfg1_des11,11,3,11,DNGDGVLDRAE,1.5928968,1.4918296,0.8438,0.8933923840522766,24.356615
LU,1,LU_cfg1_des11,11,4,15,EAADPTADGVLDAAA,1.5928968,1.4810897,0.8438,0.8933923840522766,26.817245
LU,1,LU_cfg1_des12,12,1,10,STDGKISLAE,1.5929593,1.8523633,0.8416,0.907156765460968,22.577856
LU,1,LU_cfg1_des12,12,2,13,SGKDGDGVLSAEE,1.5929593,1.65147,0.8416,0.907156765460968,4.8506694
LU,1,LU_cfg1_des12,12,3,11,SDGSGKLDRAE,1.5929593,2.654224,0.8416,0.907156765460968,10.116975
LU,1,LU_cfg1_des12,12,4,15,EAAGADKDGKLGAAE,1.5929593,1.5351051,0.8416,0.907156765460968,2.5232832
LU,1,LU_cfg1_des13,13,1,10,SSDGEISLAE,1.3879431,1.2828375,0.8395,0.9005149006843567,8.3039
LU,1,LU_cfg1_des13,13,2,13,SNKNGDGVLTAEE,1.3879431,1.7857845,0.8395,0.9005149006843567,27.019522
LU,1,LU_cfg1_des13,13,3,11,SNGDGKLDRAE,1.3879431,2.2306845,0.8395,0.9005149006843567,2.9112892
LU,1,LU_cfg1_des13,13,4,15,SASGDAATDKLTAAE,1.3879431,1.4468946,0.8395,0.9005149006843567,25.893785
LU,1,LU_cfg1_des14,14,1,10,STDGKISLAE,1.5686775,2.0794525,0.8492,0.9006648063659668,26.826448
LU,1,LU_cfg1_des14,14,2,13,SAANNDGVLTAEE,1.5686775,1.4829094,0.8492,0.9006648063659668,13.417225
LU,1,LU_cfg1_des14,14,3,11,SDDGKELTRAE,1.5686775,1.306242,0.8492,0.9006648063659668,4.9075465
LU,1,LU_cfg1_des14,14,4,15,NAGSATDKDYLSAAE,1.5686775,1.908908,0.8492,0.9006648063659668,28.690727
LU,2,LU_cfg2_des0,0,1,15,DIDGADGGTKISLAE,1.0781044,0.85371387,0.8461,0.910527229309082,23.318789
LU,2,LU_cfg2_des0,0,2,12,DVNGDGRLTAEE,1.0781044,1.0350363,0.8461,0.910527229309082,2.4494214
LU,2,LU_cfg2_des0,0,3,13,DLDGGDGALSRAE,1.0781044,1.4072305,0.8461,0.910527229309082,23.748827
LU,2,LU_cfg2_des0,0,4,14,DTNADGDGKLSAAE,1.0781044,1.6822674,0.8461,0.910527229309082,9.735933
LU,2,LU_cfg2_des1,1,1,15,RGADADGDGRISLAE,2.154943,4.1027274,0.8383,0.9179317951202393,23.134842
LU,2,LU_cfg2_des1,1,2,12,DVDGDGKLSAEE,2.154943,1.4601905,0.8383,0.9179317951202393,8.621119
LU,2,LU_cfg2_des1,1,3,13,DTDKKDGKLDRAE,2.154943,1.4300908,0.8383,0.9179317951202393,23.327757
LU,2,LU_cfg2_des1,1,4,14,AAGSADPSKLSAAE,2.154943,1.2927265,0.8383,0.9179317951202393,29.170639
LU,2,LU_cfg2_des2,2,1,15,DLDNANGDGTISLAE,2.2905886,3.6979988,0.8319,0.8970449566841125,22.858475
LU,2,LU_cfg2_des2,2,2,12,DTDGDGKLSAAE,2.2905886,1.2516565,0.8319,0.8970449566841125,29.69371
LU,2,LU_cfg2_des2,2,3,13,DTVDHDGTLSRAE,2.2905886,1.2825019,0.8319,0.8970449566841125,23.265268
LU,2,LU_cfg2_des2,2,4,14,ELDKDGSGKLSAAE,2.2905886,2.8241198,0.8319,0.8970449566841125,29.114317
LU,2,LU_cfg2_des3,3,1,15,LGNDADGDGQLSLAE,2.0469134,3.6320765,0.8455,0.8912628293037415,2.427324
LU,2,LU_cfg2_des3,3,2,12,DVDGDGLLSAEE,2.0469134,1.300679,0.8455,0.8912628293037415,29.63952
LU,2,LU_cfg2_des3,3,3,13,DTKDGDGTLSRDE,2.0469134,1.6171138,0.8455,0.8912628293037415,2.467646
LU,2,LU_cfg2_des3,3,4,14,EVDGDGNGKLSAAE,2.0469134,1.5645537,0.8455,0.8912628293037415,29.116251
LU,2,LU_cfg2_des4,4,1,15,DRNDNGDGTTISLAE,1.4632103,2.8180442,0.8446,0.909045934677124,8.869602
LU,2,LU_cfg2_des4,4,2,12,DVDGDGRLSAEE,1.4632103,1.1164901,0.8446,0.909045934677124,9.385118
LU,2,LU_cfg2_des4,4,3,13,DTDGKDGYLSRAE,1.4632103,1.7608864,0.8446,0.909045934677124,24.566004
LU,2,LU_cfg2_des4,4,4,14,DATGNGDGLLDAAE,1.4632103,1.0957283,0.8446,0.909045934677124,29.379646
LU,2,LU_cfg2_des5,5,1,15,DFGDNGNDGKISLAE,1.6132184,1.8456496,0.8557,0.8985692858695984,8.236978
LU,2,LU_cfg2_des5,5,2,12,DVNGDGVLSAEE,1.6132184,1.1397947,0.8557,0.8985692858695984,27.269714
LU,2,LU_cfg2_des5,5,3,13,DLGGGDGVLSRDE,1.6132184,1.9562664,0.8557,0.8985692858695984,2.554178
LU,2,LU_cfg2_des5,5,4,14,QTDGDGDGKLSAAE,1.6132184,2.1448936,0.8557,0.8985692858695984,29.001143
LU,2,LU_cfg2_des6,6,1,15,TAEDATGDGKISLAE,2.1815143,3.0838206,0.8415,0.8885820508003235,23.132833
LU,2,LU_cfg2_des6,6,2,12,DVDGDGVLSAEE,2.1815143,1.7328371,0.8415,0.8885820508003235,29.232092
LU,2,LU_cfg2_des6,6,3,13,DKSGGDGKLSRDE,2.1815143,1.6895093,0.8415,0.8885820508003235,22.795633
LU,2,LU_cfg2_des6,6,4,14,DTNATGDGKLSAAE,2.1815143,3.001269,0.8415,0.8885820508003235,29.221872
LU,2,LU_cfg2_des7,7,1,15,DDPASPFPGKISLAE,3.7566342,6.731376,0.8298,0.8505759835243225,23.152498
LU,2,LU_cfg2_des7,7,2,12,DVDGSGLLSAEE,3.7566342,2.1523705,0.8298,0.8505759835243225,2.520325
LU,2,LU_cfg2_des7,7,3,13,DLDKKDGKLSRDE,3.7566342,4.434174,0.8298,0.8505759835243225,27.552933
LU,2,LU_cfg2_des7,7,4,14,DTNADGDGRLSAAE,3.7566342,2.4322636,0.8298,0.8505759835243225,2.3936949
LU,2,LU_cfg2_des8,8,1,15,QGLDTTGDGKISLAE,1.9269133,3.0606375,0.836,0.8907306790351868,9.347737
LU,2,LU_cfg2_des8,8,2,12,DVDGDGKLSAEE,1.9269133,1.2847328,0.836,0.8907306790351868,27.861567
LU,2,LU_cfg2_des8,8,3,13,DTKDGDGTLDRAE,1.9269133,1.7453815,0.836,0.8907306790351868,2.471923
LU,2,LU_cfg2_des8,8,4,14,DVDKDGDGKLSAAE,1.9269133,1.519319,0.836,0.8907306790351868,29.453247
LU,2,LU_cfg2_des9,9,1,15,DFAADGDGGKISLAE,1.8605027,2.3458748,0.8406,0.8939313888549805,9.513507
LU,2,LU_cfg2_des9,9,2,12,DTDGDGVLSAAE,1.8605027,1.2000413,0.8406,0.8939313888549805,9.359909
LU,2,LU_cfg2_des9,9,3,13,DLDGSGMRLSRAE,1.8605027,1.9139111,0.8406,0.8939313888549805,23.382013
LU,2,LU_cfg2_des9,9,4,14,DVAGGGDGLLSAAE,1.8605027,1.3886234,0.8406,0.8939313888549805,29.54302
LU,2,LU_cfg2_des10,10,1,15,DFTDEYGDGSITLAE,2.2714128,2.9634666,0.8258,0.8843792676925659,2.814064
LU,2,LU_cfg2_des10,10,2,12,DTNGDGLLTAAE,2.2714128,1.5519832,0.8258,0.8843792676925659,29.04569
LU,2,LU_cfg2_des10,10,3,13,DTKDGDGTLDRAE,2.2714128,1.3269383,0.8258,0.8843792676925659,2.4985728
LU,2,LU_cfg2_des10,10,4,14,DTNAYGDGRIDAAE,2.2714128,2.2529256,0.8258,0.8843792676925659,29.525167
LU,2,LU_cfg2_des11,11,1,15,DITNADGDGKISLAE,3.0650442,4.4126225,0.8417,0.8679841160774231,21.44941
LU,2,LU_cfg2_des11,11,2,12,DVNGDGFLSAEE,3.0650442,1.7289371,0.8417,0.8679841160774231,30.973719
LU,2,LU_cfg2_des11,11,3,13,DTVSHDGRLDRAE,3.0650442,3.4715817,0.8417,0.8679841160774231,23.063759
LU,2,LU_cfg2_des11,11,4,14,DVDADGDGKLSAAE,3.0650442,1.570025,0.8417,0.8679841160774231,2.668724
LU,2,LU_cfg2_des12,12,1,15,DIDNADGDGRISLAE,2.1002703,3.384458,0.8234,0.8885740041732788,22.265638
LU,2,LU_cfg2_des12,12,2,12,DVDGDGILTAEE,2.1002703,1.344295,0.8234,0.8885740041732788,9.240688
LU,2,LU_cfg2_des12,12,3,13,DADGKDGGLSRAE,2.1002703,0.9992374,0.8234,0.8885740041732788,24.881325
LU,2,LU_cfg2_des12,12,4,14,EVDKDGDGKLTAAE,2.1002703,2.7887466,0.8234,0.8885740041732788,9.025449
LU,2,LU_cfg2_des13,13,1,15,DTDGADPAGTISLAD,2.5395927,2.0089462,0.8472,0.8885485529899597,24.416992
LU,2,LU_cfg2_des13,13,2,12,DVNKDGVLSAEE,2.5395927,1.7222401,0.8472,0.8885485529899597,10.322587
LU,2,LU_cfg2_des13,13,3,13,CLDAQDGTLSRDE,2.5395927,4.4066043,0.8472,0.8885485529899597,21.054052
LU,2,LU_cfg2_des13,13,4,14,TAGSADPSLLSAAE,2.5395927,1.6575164,0.8472,0.8885485529899597,29.014387
LU,2,LU_cfg2_des14,14,1,15,GDPSAGDPATISLAE,4.922671,10.886448,0.8462,0.8674708008766174,26.636133
LU,2,LU_cfg2_des14,14,2,12,DVDGDGVLSAEE,4.922671,1.7603525,0.8462,0.8674708008766174,9.564474
LU,2,LU_cfg2_des14,14,3,13,DTKDHDGKLSRDE,4.922671,3.1691585,0.8462,0.8674708008766174,24.210123
LU,2,LU_cfg2_des14,14,4,14,AVGGAGDGTLSAAE,4.922671,2.754484,0.8462,0.8674708008766174,29.330484
LU,3,LU_cfg3_des0,0,1,10,SADGTISLAE,2.4867322,4.0053988,0.82,0.8480682373046875,30.561556
LU,3,LU_cfg3_des0,0,2,14,NPTAESPIEEAAKE,2.4867322,2.4270911,0.82,0.8480682373046875,6.3091965
LU,3,LU_cfg3_des0,0,3,13,DNGDGSGVFTKAE,2.4867322,3.0175328,0.82,0.8480682373046875,24.342249
LU,3,LU_cfg3_des0,0,4,13,SGANGDGVLSAAE,2.4867322,2.4710584,0.82,0.8480682373046875,26.854044
LU,3,LU_cfg3_des1,1,1,10,STDGTISLAE,2.813166,2.9070518,0.8394,0.8938781023025513,23.699152
LU,3,LU_cfg3_des1,1,2,14,DTGKNGDGKLSAEE,2.813166,3.1878104,0.8394,0.8938781023025513,2.3928201
LU,3,LU_cfg3_des1,1,3,13,DKDGDGKTISRAE,2.813166,2.9498606,0.8394,0.8938781023025513,24.480408
LU,3,LU_cfg3_des1,1,4,13,SAADGDGVLDAAE,2.813166,1.6440529,0.8394,0.8938781023025513,3.0303113
LU,3,LU_cfg3_des2,2,1,10,DVPGRSRREE,14.864416,23.826365,0.7661,0.618366003036499,17.664034
LU,3,LU_cfg3_des2,2,2,14,NPDKDYSLEHVKEE,14.864416,19.887897,0.7661,0.618366003036499,5.0098424
LU,3,LU_cfg3_des2,2,3,13,DKKDGSGKFTKAE,14.864416,12.288622,0.7661,0.618366003036499,18.660482
LU,3,LU_cfg3_des2,2,4,13,EDAAPPGASVAQE,14.864416,15.151823,0.7661,0.618366003036499,16.404993
LU,3,LU_cfg3_des3,3,1,10,SADGLISLAE,14.209954,18.362127,0.772,0.7018637657165527,14.8154955
LU,3,LU_cfg3_des3,3,2,14,NPDKSYTLADAIAE,14.209954,20.52135,0.772,0.7018637657165527,21.75295
LU,3,LU_cfg3_des3,3,3,13,LKDPASGKFTKDE,14.209954,15.714556,0.772,0.7018637657165527,6.251326
LU,3,LU_cfg3_des3,3,4,13,QQDPASGALTAAE,14.209954,12.368024,0.772,0.7018637657165527,20.784582
LU,3,LU_cfg3_des4,4,1,10,SSDGTISLAE,1.1407765,1.4709163,0.8466,0.8955971598625183,9.20877
LU,3,LU_cfg3_des4,4,2,14,AAGDADTSTLSAEE,1.1407765,1.2316425,0.8466,0.8955971598625183,27.19493
LU,3,LU_cfg3_des4,4,3,13,QTDGQDGTLSRAE,1.1407765,1.7807226,0.8466,0.8955971598625183,2.8275642
LU,3,LU_cfg3_des4,4,4,13,SAATADGVLDAAE,1.1407765,0.94016546,0.8466,0.8955971598625183,32.13164
LU,3,LU_cfg3_des5,5,1,10,NFTDGDELAE,2.2318766,3.9636047,0.8437,0.8824611902236938,2.4622042
LU,3,LU_cfg3_des5,5,2,14,DDNKDGDGKLSAEE,2.2318766,2.6789804,0.8437,0.8824611902236938,26.55895
LU,3,LU_cfg3_des5,5,3,13,DTKDGDGKLSKAE,2.2318766,0.733449,0.8437,0.8824611902236938,2.4579587
LU,3,LU_cfg3_des5,5,4,13,EDSAPAGASTAAE,2.2318766,2.4745607,0.8437,0.8824611902236938,29.614317
LU,3,LU_cfg3_des6,6,1,10,SSSGRISLAE,1.0130582,0.9184001,0.8424,0.906425952911377,23.484076
LU,3,LU_cfg3_des6,6,2,14,DAGACGDGKLTAEE,1.0130582,1.28366,0.8424,0.906425952911377,3.0040572
LU,3,LU_cfg3_des6,6,3,13,DNGDGDGALDRAE,1.0130582,1.382821,0.8424,0.906425952911377,23.8881
LU,3,LU_cfg3_des6,6,4,13,DAASGDGLLDAAE,1.0130582,0.72094506,0.8424,0.906425952911377,3.382353
LU,3,LU_cfg3_des7,7,1,10,STDGRLSLAE,1.5483247,1.1977612,0.8421,0.9098808765411377,22.948776
LU,3,LU_cfg3_des7,7,2,14,DTGKDGDGKLSAEE,1.5483247,2.7536077,0.8421,0.9098808765411377,8.748078
LU,3,LU_cfg3_des7,7,3,13,DTGDGDGTLDRAE,1.5483247,1.7265058,0.8421,0.9098808765411377,9.049529
LU,3,LU_cfg3_des7,7,4,13,QADPATDALTAAE,1.5483247,1.5277686,0.8421,0.9098808765411377,30.491926
LU,3,LU_cfg3_des8,8,1,10,GSDGTISLAE,1.7325484,1.8961674,0.8523,0.8965535759925842,23.759972
LU,3,LU_cfg3_des8,8,2,14,DKAGKDDGKLSAEE,1.7325484,1.5093992,0.8523,0.8965535759925842,2.7978299
LU,3,LU_cfg3_des8,8,3,13,DTDNKDGKLSKAE,1.7325484,1.3723078,0.8523,0.8965535759925842,27.131271
LU,3,LU_cfg3_des8,8,4,13,SSGDGDGALSAAE,1.7325484,2.3876479,0.8523,0.8965535759925842,2.61749
LU,3,LU_cfg3_des9,9,1,10,SSDGTISLAE,2.4977207,3.1623437,0.8435,0.8925352096557617,32.05531
LU,3,LU_cfg3_des9,9,2,14,DAAGNGDGILTAEE,2.4977207,1.5829237,0.8435,0.8925352096557617,2.631649
LU,3,LU_cfg3_des9,9,3,13,AKDNPEKGLTRAE,2.4977207,4.260655,0.8435,0.8925352096557617,26.602537
LU,3,LU_cfg3_des9,9,4,13,DGADADGVLDAAE,2.4977207,1.9350146,0.8435,0.8925352096557617,2.4387617
LU,3,LU_cfg3_des10,10,1,10,STDGTLTLAE,1.1644433,1.3588185,0.8318,0.8753244280815125,23.261179
LU,3,LU_cfg3_des10,10,2,14,STEKDGDGKLSAEE,1.1644433,1.2339938,0.8318,0.8753244280815125,2.6205394
LU,3,LU_cfg3_des10,10,3,13,DKDGDGKYLSRDE,1.1644433,0.7014011,0.8318,0.8753244280815125,22.445608
LU,3,LU_cfg3_des10,10,4,13,EDAAPPGATDAQE,1.1644433,1.560165,0.8318,0.8753244280815125,4.5624375
LU,3,LU_cfg3_des11,11,1,10,SAGSTISLAE,2.5369384,5.215788,0.8337,0.8941574096679688,24.014055
LU,3,LU_cfg3_des11,11,2,14,DKDKDGDGKLSAEE,2.5369384,1.7017423,0.8337,0.8941574096679688,8.651504
LU,3,LU_cfg3_des11,11,3,13,DTTDKDGKLSRAE,2.5369384,1.5687146,0.8337,0.8941574096679688,8.52325
LU,3,LU_cfg3_des11,11,4,13,SAADGDGVISAAE,2.5369384,1.5262116,0.8337,0.8941574096679688,2.4719849
LU,3,LU_cfg3_des12,12,1,10,SSDGLISLAE,1.7058105,2.0596077,0.8492,0.8940234780311584,3.5257633
LU,3,LU_cfg3_des12,12,2,14,QTDGDGSGKLSAEE,1.7058105,2.8016112,0.8492,0.8940234780311584,29.516775
LU,3,LU_cfg3_des12,12,3,13,DKDGDGGVLSKAE,1.7058105,1.4704821,0.8492,0.8940234780311584,8.64367
LU,3,LU_cfg3_des12,12,4,13,DGSSTDGKLDAAE,1.7058105,1.4643754,0.8492,0.8940234780311584,26.587587
LU,3,LU_cfg3_des13,13,1,10,STDGRISLAE,2.6902184,3.667282,0.8438,0.8775617480278015,23.822342
LU,3,LU_cfg3_des13,13,2,14,DTNKDGDGKLSAEE,2.6902184,2.5023208,0.8438,0.8775617480278015,10.387902
LU,3,LU_cfg3_des13,13,3,13,DTTSHDGKLSRAE,2.6902184,3.0373306,0.8438,0.8775617480278015,25.749146
LU,3,LU_cfg3_des13,13,4,13,DGADGDGLLDAAE,2.6902184,1.6703283,0.8438,0.8775617480278015,2.3646286
LU,3,LU_cfg3_des14,14,1,10,STDGRISLAE,1.9618528,3.6527002,0.8417,0.9040406346321106,22.969193
LU,3,LU_cfg3_des14,14,2,14,ATADGDTSKLSAEE,1.9618528,0.87571055,0.8417,0.9040406346321106,7.9178143
LU,3,LU_cfg3_des14,14,3,13,DTVDHDGTLSRAE,1.9618528,1.5374343,0.8417,0.9040406346321106,23.360685
LU,3,LU_cfg3_des14,14,4,13,DAADNDGLLSAAE,1.9618528,1.4173763,0.8417,0.9040406346321106,9.955483
LU,4,LU_cfg4_des0,0,1,13,DTEDGDGKISLAE,0.8558127,0.71583223,0.8571,0.9091821908950806,8.322305
LU,4,LU_cfg4_des0,0,2,14,AATGPDTATLSAEE,0.8558127,0.89943385,0.8571,0.9091821908950806,30.501387
LU,4,LU_cfg4_des0,0,3,13,QANPEDGTLSRAE,0.8558127,1.2045285,0.8571,0.9091821908950806,3.0573444
LU,4,LU_cfg4_des0,0,4,15,AAVGADGDGKLDAAE,0.8558127,0.97222376,0.8571,0.9091821908950806,8.84031
LU,4,LU_cfg4_des1,1,1,13,DLDGADDTISLAE,0.97024274,1.359019,0.8518,0.9156205654144287,2.6271176
LU,4,LU_cfg4_des1,1,2,14,VAVGDGDGKLSAEE,0.97024274,1.017949,0.8518,0.9156205654144287,2.7225094
LU,4,LU_cfg4_des1,1,3,13,DTKDGDGTLDRDE,0.97024274,1.238375,0.8518,0.9156205654144287,23.314802
LU,4,LU_cfg4_des1,1,4,15,DVEDGDNDGKIDAAG,0.97024274,0.81251854,0.8518,0.9156205654144287,25.581644
LU,4,LU_cfg4_des2,2,1,13,DFENNDGKISLAE,1.0432247,1.1297127,0.8502,0.9021720886230469,23.18035
LU,4,LU_cfg4_des2,2,2,14,DAAHGGDGVLTAEE,1.0432247,1.15744,0.8502,0.9021720886230469,2.6934595
LU,4,LU_cfg4_des2,2,3,13,DKDGDGANLSRDE,1.0432247,1.4000294,0.8502,0.9021720886230469,22.719416
LU,4,LU_cfg4_des2,2,4,15,EATDGDNDGKISAAG,1.0432247,1.0348169,0.8502,0.9021720886230469,2.461913
LU,4,LU_cfg4_des3,3,1,13,DLDGVDGKISLAE,1.0508767,1.3178219,0.8499,0.9064182639122009,8.595193
LU,4,LU_cfg4_des3,3,2,14,DDGSGPPGFLTAEE,1.0508767,0.8370288,0.8499,0.9064182639122009,3.002002
LU,4,LU_cfg4_des3,3,3,13,DTDGSGGLLSRAE,1.0508767,1.255103,0.8499,0.9064182639122009,2.3264894
LU,4,LU_cfg4_des3,3,4,15,DAACPDKDGKIDAAA,1.0508767,0.94599885,0.8499,0.9064182639122009,9.09711
LU,4,LU_cfg4_des4,4,1,13,DFLDGDGKISLAE,2.0347273,1.4570278,0.8255,0.8417098522186279,24.741571
LU,4,LU_cfg4_des4,4,2,14,NPDGSTSAAADIAE,2.0347273,2.1146796,0.8255,0.8417098522186279,11.51004
LU,4,LU_cfg4_des4,4,3,13,NTANGDGGLSRAE,2.0347273,2.529618,0.8255,0.8417098522186279,27.02889
LU,4,LU_cfg4_des4,4,4,15,EAACAAKDGKLDAAA,2.0347273,2.3081243,0.8255,0.8417098522186279,8.936517
LU,4,LU_cfg4_des5,5,1,13,DFETGDGTISLAE,1.2011542,0.62367564,0.8489,0.8965394496917725,27.918623
LU,4,LU_cfg4_des5,5,2,14,DAGKDGNGKLTAEE,1.2011542,1.58477,0.8489,0.8965394496917725,2.4464016
LU,4,LU_cfg4_des5,5,3,13,DKNPEDGALSRDE,1.2011542,1.5069541,0.8489,0.8965394496917725,2.8138278
LU,4,LU_cfg4_des5,5,4,15,TKTTPDGVPKLTAAE,1.2011542,2.0831082,0.8489,0.8965394496917725,9.415904
LU,4,LU_cfg4_des6,6,1,13,DFVDNDGGLSLAE,2.0435877,1.2853642,0.8415,0.8915101289749146,28.963865
LU,4,LU_cfg4_des6,6,2,14,NANGDGDGRLSAEE,2.0435877,1.8052149,0.8415,0.8915101289749146,2.572117
LU,4,LU_cfg4_des6,6,3,13,DKDGDGTSLSRDE,2.0435877,0.8721409,0.8415,0.8915101289749146,2.5555782
LU,4,LU_cfg4_des6,6,4,15,TGGATSANGAAGVAE,2.0435877,4.7997875,0.8415,0.8915101289749146,8.124027
LU,4,LU_cfg4_des7,7,1,13,ASDGADGKISLAE,2.9392831,1.8170897,0.8232,0.8235777616500854,19.796982
LU,4,LU_cfg4_des7,7,2,14,NPDGSTSAAAVVAE,2.9392831,3.1384258,0.8232,0.8235777616500854,15.531991
LU,4,LU_cfg4_des7,7,3,13,DLDGVPGSLSKAE,2.9392831,5.5771666,0.8232,0.8235777616500854,24.958776
LU,4,LU_cfg4_des7,7,4,15,TAGDAAKDGKVDAAE,2.9392831,1.7780144,0.8232,0.8235777616500854,8.837887
LU,4,LU_cfg4_des8,8,1,13,DLDGDGKGISLAE,1.4400545,0.7947813,0.8429,0.8828110694885254,25.420496
LU,4,LU_cfg4_des8,8,2,14,DTDGSGVLEMDGSE,1.4400545,1.673346,0.8429,0.8828110694885254,9.097576
LU,4,LU_cfg4_des8,8,3,13,DLDGDGKALSRAE,1.4400545,1.1390432,0.8429,0.8828110694885254,25.568407
LU,4,LU_cfg4_des8,8,4,15,EADCPTKDGLINATA,1.4400545,2.2285478,0.8429,0.8828110694885254,9.215266
LU,4,LU_cfg4_des9,9,1,13,DTENGDGKISLAE,0.9077898,0.7259576,0.8578,0.9165287613868713,7.9665275
LU,4,LU_cfg4_des9,9,2,14,DKEGNNDGLLSAED,0.9077898,1.2538898,0.8578,0.9165287613868713,9.311806
LU,4,LU_cfg4_des9,9,3,13,DTNNGDGKLDRAE,0.9077898,1.0268342,0.8578,0.9165287613868713,23.543875
LU,4,LU_cfg4_des9,9,4,15,EADDAAADGKLDAAA,0.9077898,1.1249915,0.8578,0.9165287613868713,29.014349
LU,4,LU_cfg4_des10,10,1,13,EGGDGDGKISLAE,1.2666527,0.8841384,0.8324,0.8825371861457825,8.867293
LU,4,LU_cfg4_des10,10,2,14,DPSGYLPAGEAVKA,1.2666527,1.8459961,0.8324,0.8825371861457825,26.578817
LU,4,LU_cfg4_des10,10,3,13,DLDGGDGSLSRAE,1.2666527,1.7804099,0.8324,0.8825371861457825,24.66945
LU,4,LU_cfg4_des10,10,4,15,AAVDGDGDGKINAAE,1.2666527,1.1139687,0.8324,0.8825371861457825,27.342333
LU,4,LU_cfg4_des11,11,1,13,DFEDHDGTISLAE,1.1847193,1.1167353,0.8452,0.9084742069244385,2.6360466
LU,4,LU_cfg4_des11,11,2,14,ATLGDKDGKLSAEE,1.1847193,1.694282,0.8452,0.9084742069244385,26.591682
LU,4,LU_cfg4_des11,11,3,13,DDGDGDGKLSRAE,1.1847193,1.2798308,0.8452,0.9084742069244385,2.7292268
LU,4,LU_cfg4_des11,11,4,15,QDPASATPDKISAAE,1.1847193,1.1465913,0.8452,0.9084742069244385,27.947031
LU,4,LU_cfg4_des12,12,1,13,DTDGDDGLISLAE,0.97303563,1.2866771,0.8424,0.9132830500602722,10.255653
LU,4,LU_cfg4_des12,12,2,14,EATGDGSGKLTAAE,0.97303563,1.1940198,0.8424,0.9132830500602722,31.556574
LU,4,LU_cfg4_des12,12,3,13,DANGDGNTLSRAE,0.97303563,1.1741129,0.8424,0.9132830500602722,2.4459121
LU,4,LU_cfg4_des12,12,4,15,DAADGVTDGRLTAAE,0.97303563,0.87947667,0.8424,0.9132830500602722,9.59274
LU,4,LU_cfg4_des13,13,1,13,DFENGDGKISLAE,1.4074374,2.119574,0.8569,0.9101008772850037,23.801554
LU,4,LU_cfg4_des13,13,2,14,DAAGDGDGVLSAAE,1.4074374,1.4376634,0.8569,0.9101008772850037,9.40813
LU,4,LU_cfg4_des13,13,3,13,DTKNGDGKLSRDE,1.4074374,1.9041063,0.8569,0.9101008772850037,23.29304
LU,4,LU_cfg4_des13,13,4,15,EATDGDGDGVLDAAE,1.4074374,1.251746,0.8569,0.9101008772850037,2.5704553
LU,4,LU_cfg4_des14,14,1,13,DFEDGDGKISLAE,1.0535336,1.0053352,0.8516,0.9114125967025757,23.077604
LU,4,LU_cfg4_des14,14,2,14,DKTGNGDGTLSAAE,1.0535336,1.3568268,0.8516,0.9114125967025757,2.4580169
LU,4,LU_cfg4_des14,14,3,13,DKDGKANTLSRDE,1.0535336,1.7817357,0.8516,0.9114125967025757,22.82872
LU,4,LU_cfg4_des14,14,4,15,DGADGDGDGKLSAAE,1.0535336,0.849172,0.8516,0.9114125967025757,2.334119
